,SPY_high,SPY_low,KAMA,DYMI,weekly_range
0,209.7295,207.2,0.0,0.0,0.0
1,208.289,205.78,0.0,0.0,0.0
2,208.68,204.18,0.0,0.0,0.0
3,207.43,205.14,0.0,0.0,0.0
4,204.14,201.51,0.0,0.0,8.21950000000001
5,193.41,189.82,198.50008393524212,1.9908120452493705,0.0
6,194.55,191.14,197.67766522234464,21.569408680330938,0.0
7,194.86,188.38,194.93948282396772,25.72996518268556,0.0
8,193.26,187.66,194.41642998895065,15.280460351081729,0.0
9,188.76,185.52,193.1780043637975,28.131697910588528,9.340000000000003
10,194.58,191.84,190.5796010389417,58.04606038873881,0.0
11,191.97,189.54,190.5733130820057,56.231221313940424,0.0
12,191.78,187.1,190.60132591786484,51.63397785633669,0.0
13,192.75,189.96,190.63642640647586,51.553242050596964,0.0
14,191.6696,187.2,190.58831976176637,57.17980511861164,7.480000000000018
15,186.12,182.8,190.50317322050873,46.32240333557655,0.0
16,186.94,183.2,190.25837207898465,42.10427485959205,0.0
17,188.34,185.12,190.1252875506573,40.994919178613706,0.0
18,184.1,181.09,189.6244990498689,35.11788622688732,0.0
19,186.65,183.96,189.32781902277293,32.41051988237494,7.25
20,196.23,193.33,191.96469514024366,71.76191033462787,0.0
21,198.21,194.4542,192.6409366973631,64.431232086704,0.0
22,199.06,197.25,193.15719066602995,73.36027521497739,0.0
23,199.795,198.11,193.92712110764995,78.32597358371949,0.0
24,201.35,199.03,194.7370315507305,77.42206784833789,8.019999999999982
25,201.07,199.25,195.27027848326802,76.40452085205669,0.0
26,199.92,198.21,195.57504302563882,74.60810756451957,0.0
27,199.79,198.43,195.96203288728427,63.294023083731645,0.0
28,201.07,197.38,196.19756194729112,66.34817759697069,0.0
29,202.81,199.5179,197.07846410499704,63.477451041348786,5.430000000000007
30,203.04,201.77,198.1880550057513,77.61050732866869,0.0
31,202.5307,201.05,198.5823283462348,75.4072847021875,0.0
32,203.82,201.55,199.0949303202331,70.83704132854713,0.0
33,205.23,202.77,199.78284125626226,75.30158720413591,0.0
34,204.78,203.8,200.22729832206542,82.7662423542888,4.179999999999978
35,207.07,205.89,203.41563156883322,73.92289614116777,0.0
36,206.2642,203.89,203.42293291930235,68.60693138751978,0.0
37,206.49,203.98,203.5016841802174,48.57636184784102,0.0
38,205.56,203.09,203.50529343401084,58.467015430040966,0.0
39,205.85,203.87,203.5211000655247,45.45914545088004,3.9799999999999898
40,208.66,207.54,206.62609778740318,67.0197071323957,0.0
41,209.52,208.36,206.9011463228146,59.214444487684155,0.0
42,209.81,208.05,207.03135099274343,62.21135570078183,0.0
43,209.76,206.96,207.03670184209088,72.76919654309707,0.0
44,207.13,205.03,207.01251019058662,19.428230797552303,4.780000000000001
45,208.18,206.41,207.03730837173376,15.852995803351675,0.0
46,206.8,205.28,206.94993683510916,46.00384073914919,0.0
47,205.85,204.42,206.68609618211156,37.50368589300199,0.0
48,205.98,204.47,206.50204076898393,33.03915065532621,0.0
49,205.77,203.88,206.4457925221748,28.32431066517205,4.300000000000011
50,206.4,205.36,206.4154845630767,32.86690725460036,0.0
51,208.5,206.64,206.43283412046023,34.032357868198844,0.0
52,208.54,206.5,206.4353703487221,54.511171811636096,0.0
53,207.4899,205.37,206.43676416089409,44.050632813293326,0.0
54,206.86,204.38,206.40177770997445,45.00123358083687,4.159999999999997
55,207.34,204.89,206.40797301527402,36.32339339856253,0.0
56,206.8,204.23,206.38233194399447,46.92901332892627,0.0
57,206.3,203.63,206.37569749426564,42.10602599843299,0.0
58,204.54,202.78,206.35451611124356,44.237911450154165,0.0
59,206.1,204.86,206.34972030421204,37.66996744818282,4.560000000000002
60,205.84,204.985,206.33811227380278,49.41754123032383,0.0
61,208.24,206.14,206.35105217128978,48.89570959721933,0.0
62,209.77,207.8691,206.46572113765112,69.34455965380708,0.0
63,209.71,208.97,206.58031665248203,88.2602872570486,0.0
64,210.25,209.47,207.0319147548929,65.08135489365588,5.264999999999986
65,211.77,210.51,209.69885158946602,69.27654219204881,0.0
66,212.34,211.5,210.308389384008,82.43918793367166,0.0
67,212.52,211.6899,210.857582995365,83.19642507453347,0.0
68,212.22,211.19,211.04486185434837,88.35546720338867,0.0
69,210.86,209.43,211.0291822508027,82.05337582598195,3.0900000000000034
70,210.37,208.35,210.91987491115123,33.30356412766561,0.0
71,208.74,206.9199,210.78736787789114,23.704787973562603,0.0
72,209.36,207.53,210.592321232538,13.149859200301435,0.0
73,208.57,205.59,210.44113121613802,33.059236102105615,0.0
74,207.2,205.75,210.05947147465633,35.63628853263353,4.780000000000001
75,209.61,207.75,209.88129061047823,27.23701057225847,0.0
76,208.92,207.78,209.77281846429045,38.638954679634686,0.0
77,209.5,207.93,209.56171482039545,40.67372648292745,0.0
78,210.87,209.27,209.58198540772756,39.93853219654027,0.0
79,210.8463,202.72,208.99273106550427,76.84035637416599,8.150000000000006
80,201.6,198.65,207.9023241415824,24.050536570515263,0.0
81,203.23,201.12,207.72797665818717,22.236323357045507,0.0
82,206.93,204.72,207.71986110194027,38.876081353593825,0.0
83,209.54,206.56,207.73441233233223,51.5457094419706,0.0
84,210.49,209.29,207.77358001269562,60.41530721788368,11.840000000000003
85,214.07,212.95,208.60275602865616,62.57681354345964,0.0
86,215.3,214.25,210.62228756089934,63.673493128863576,0.0
87,215.45,214.35,211.8376852710232,67.10049755484144,0.0
88,216.67,215.66,212.93466870139582,64.69070456547932,0.0
89,217.0125,215.308,213.4849505161239,81.58583409504864,4.0625
90,216.6,215.67,214.0564015685656,59.86540200039002,0.0
91,216.23,215.63,214.7320625863321,60.079324695398014,0.0
92,217.37,216.24,215.48174726277537,59.424492871721505,0.0
93,217.22,215.75,215.6531002697005,60.42974906655371,0.0
94,217.3,216.1,215.94745359727466,58.734681545185985,1.740000000000009
95,217.06,215.97,216.02067065244003,61.9298805248878,0.0
96,217.17,215.76,216.063459568401,61.9118263049915,0.0
97,217.27,215.62,216.085167126188,75.51878269222446,0.0
98,217.11,215.75,216.1000442002298,66.51961685234917,0.0
99,217.54,216.13,216.14796225810608,66.54551724427637,1.9199999999999875
100,217.65,216.405,216.16075523137184,64.67863512705063,0.0
101,216.83,214.57,216.15001724981755,46.69905834385045,0.0
102,216.245,215.13,216.1519807669704,22.113974447983807,0.0
103,216.78,214.25,216.1541817131264,49.37664221796116,0.0
104,218.23,217.07,216.20258628572088,49.07213952041168,3.9799999999999898
105,218.52,217.74,216.29512429898256,71.8148838738791,0.0
106,218.76,217.8,216.3958367435349,68.37091823040856,0.0
107,218.4038,217.23,216.43672117311107,66.62792697343937,0.0
108,218.94,217.95,216.56451295156896,55.29067611444551,0.0
109,218.71,217.99,216.6261107665468,66.993296907349,1.710000000000008
110,219.5,218.88,216.78452502966994,63.07834440522615,0.0
111,218.68,217.96,216.88143502800676,69.0091748754411,0.0
112,218.53,217.02,216.99042669228425,55.10408662815713,0.0
113,218.9,218.21,217.1497470307691,57.35120598445161,0.0
114,218.75,217.74,217.16762620681067,62.04530545892542,2.4799999999999898
115,218.8,217.83,217.18618434869376,64.43525099094994,0.0
116,219.6,218.9,217.22168153657572,61.61148363670138,0.0
117,218.91,217.36,217.22700229812833,64.49737296102882,0.0
118,218.19,217.22,217.24181303233132,44.92043392695937,0.0
119,219.12,216.25,217.24326683354047,43.065777069193324,3.3499999999999943
120,218.665,217.4,217.26642293401628,38.599043806968126,0.0
121,218.59,217.35,217.2696275852135,53.340185467120264,0.0
122,217.75,216.465,217.27509230691803,45.11328461189271,0.0
123,217.73,216.03,217.28199587932187,40.9318874933721,0.0
124,218.87,217.7,217.2903337220795,36.58822829978212,2.8400000000000034
125,214.88,213.03,216.08195992588657,36.815467314497454,0.0
126,214.59,213.38,215.88006462760578,37.40043797006593,0.0
127,216.03,213.44,215.87836349940343,38.10397897971292,0.0
128,217.53,216.71,215.89295049883955,49.289783668778036,0.0
129,216.88,215.88,215.89572622559018,53.00730430667576,4.5
130,215.23,214.01,215.85483377590808,47.30295237043324,0.0
131,215.68,213.62,215.84566425034066,41.54199178305651,0.0
132,216.82,214.71,215.88546455732975,47.55460613950714,0.0
133,216.87,214.04,215.87520264182515,59.75304270678114,0.0
134,217.12,215.36,215.89272710763012,46.30435485498415,3.5
135,216.04,215.04,215.8893709171031,58.44236893790419,0.0
136,216.17,213.99,215.87265335781873,55.95519252074322,0.0
137,216.13,215.33,215.87134535279165,47.010709260246,0.0
138,216.04,214.735,215.86963239992818,55.202701732462955,0.0
139,216.3,214.19,215.8585386173903,55.8233777734927,2.3100000000000023
140,216.7,215.985,215.8676654571115,51.57627853641261,0.0
141,215.74,212.58,215.79533239406865,52.642533855340176,0.0
142,214.32,213.01,215.69212687146322,37.09093229890041,0.0
143,213.59,211.21,215.61822840528896,36.649863938468926,0.0
144,214.69,213.03,215.40452863614004,40.438418503595805,5.489999999999981
145,213.39,212.17,215.12863695695833,37.53206449169705,0.0
146,214.31,213.27,215.10447182744684,30.784693525868988,0.0
147,214.64,213.6,215.08323573171708,45.325378506289205,0.0
148,214.53,213.11,215.03714483441968,44.96457972262096,0.0
149,214.08,212.76,215.0153724681481,43.66625211379941,2.469999999999999
150,215.32,214.48,215.01209491348376,47.55460237778823,0.0
151,214.98,213.98,214.9954585862526,52.43674854659091,0.0
152,214.42,212.93,214.9897346954255,45.92325807166746,0.0
153,214.62,213.08,214.97782453084443,44.824371643223635,0.0
154,213.93,211.71,214.943252569754,36.45621718409149,3.609999999999985
155,213.19,212.36,214.92693583068856,39.43448707157033,0.0
156,212.99,209.6,214.47143368350237,21.033537322746383,0.0
157,211.1,209.23,213.3813944941845,0.29198210570919514,0.0
158,210.24,208.46,212.2556515470583,0.20987061547981511,0.0
159,209.89,208.38,211.27562183752477,0.16615441999988434,4.810000000000002
160,213.19,211.3,211.3236737325107,0.16595236296475946,0.0
161,214.77,212.38,211.33646009966952,64.50777102738539,0.0
162,217.1,212.34,211.51803803551735,69.30418871470258,0.0
163,218.31,215.22,211.82423222459587,83.93166629755586,0.0
164,216.7,215.32,212.10214466943367,66.26046666550405,7.009999999999991
165,217.27,215.72,212.38504620882273,64.80561468593919,0.0
166,218.28,216.8,213.3113682724555,57.45806938575044,0.0
167,218.14,217.42,214.28250550171575,60.54052695701019,0.0
168,219.06,217.92,215.74167172866186,72.15039793581272,0.0
169,219.27,218.29,216.5294919037044,75.20536539898644,3.5500000000000114
170,226.96,225.76,222.66648536064926,100.0,0.0
171,228.34,227.0,223.8154054627309,80.18385966348119,0.0
172,228.23,225.365,224.07563608704467,83.5431109546142,0.0
173,227.81,225.8904,224.6121336051121,66.62410998955724,0.0
174,226.08,224.67,224.65309169888974,72.71577440721308,3.670000000000016
175,227.0701,226.4163,224.86562439748334,63.86301068504791,0.0
176,227.45,226.01,224.88871358655368,58.417257610785065,0.0
177,227.1,225.59,224.92364705683997,59.8191019622556,0.0
178,226.75,224.955,225.02501757714185,61.01092807564385,0.0
179,227.4,226.69,225.1906711620397,59.59231586121897,2.494999999999976
180,228.2,226.41,226.1521771962173,65.30700807292997,0.0
181,227.6,226.32,226.18669590776244,52.952130594892424,0.0
182,228.59,226.94,226.21151605927795,51.091819917985326,0.0
183,228.1,226.82,226.28819953244303,53.620141829995525,0.0
184,229.55,228.46,226.50041595117048,53.222577211383395,3.230000000000018
185,229.326,228.54,226.69428734332067,66.99791543650237,0.0
186,229.6556,228.72,226.77865378369117,61.608247763348906,0.0
187,229.39,228.31,226.80736157498743,65.2639724938791,0.0
188,230.95,229.52,226.95742599782815,65.15001307019773,0.0
189,231.77,230.6216,227.39386285061653,75.72735843345848,3.460000000000008
190,237.31,236.35,236.45897442194553,79.12917645757759,0.0
191,236.95,236.015,236.46119369232088,79.42080042380205,0.0
192,240.32,238.37,237.33147191614978,83.5488878071364,0.0
193,239.57,238.21,237.41745240741028,89.31957234269797,0.0
194,238.61,237.73,237.52604774098862,73.11335348214696,4.305000000000007
195,238.12,237.01,237.5370544743331,71.94452051160047,0.0
196,237.77,236.76,237.5314043086105,63.71973807943692,0.0
197,237.64,236.4,237.5244140171339,55.01240637859422,0.0
198,237.24,235.74,237.5184830237702,52.14996382150126,0.0
199,238.02,236.59,237.5213058635032,53.292851153376134,2.3799999999999955
200,237.86,237.24,237.52498267291907,55.42807198375038,0.0
201,237.24,236.19,237.51954022115692,57.046944182524605,0.0
202,239.44,237.29,237.54340778674563,48.610956786215496,0.0
203,239.2,238.1,237.54992507794003,61.14058366373489,0.0
204,237.97,237.03,237.53502788334995,56.696172694005035,3.25
205,236.03,233.91,236.18516740315812,49.59531941149456,0.0
206,235.58,234.555,236.1315707176771,46.3989171694583,0.0
207,237.39,234.54,236.11109250886707,41.017433596585576,0.0
208,236.04,234.425,236.07934712350533,39.92581411789026,0.0
209,236.0,234.64,236.04127034331862,46.79930436275108,3.4799999999999898
210,237.41,234.5628,235.05982234087543,55.35829086788173,0.0
211,238.95,237.81,235.22501575040283,79.23819373025782,0.0
212,239.53,238.35,235.3863367237069,81.22130608957382,0.0
213,238.95,237.98,235.67618323886597,66.71265037280939,0.0
214,238.93,237.93,236.0212027832113,56.4009558578134,4.967199999999991
215,239.17,238.195,236.31643847656983,56.48186885968511,0.0
216,238.98,238.3,236.72407149332625,58.500269042534605,0.0
217,238.8775,237.7,237.03862075728924,63.48785386676404,0.0
218,238.9225,237.78,237.26869526354125,61.59606223454843,0.0
219,239.72,238.68,237.88190696940018,71.8849954373157,2.0200000000000102
220,239.92,239.17,238.16419868980776,79.48146674549301,0.0
221,240.19,239.04,238.22904546276172,81.28990611552584,0.0
222,239.87,239.15,238.38644950253726,74.39165246169466,0.0
223,239.57,238.13,238.42043400700823,81.77134248742823,0.0
224,239.4273,238.67,238.44461637877149,65.520827803869,2.0600000000000023
225,240.44,239.45,238.59142220805808,51.60631978026089,0.0
226,240.67,239.63,238.67354988809154,67.4308495098377,0.0
227,238.64,235.75,238.4941131722424,59.23000987166848,0.0
228,237.75,235.43,238.4293712844666,15.400320840017642,0.0
229,239.08,237.27,238.42670981725897,29.505949428307346,5.239999999999981
230,239.71,238.82,238.43240140390597,47.03524792836387,0.0
231,240.24,239.51,238.44758325466643,57.810439773868055,0.0
232,240.73,239.93,238.4706718881093,56.80467350033664,0.0
233,242.08,240.96,238.5803056190196,57.80485369778445,0.0
234,241.9,241.45,238.7104812553025,63.17074151941783,3.2600000000000193
235,244.3,243.76,242.6221919387614,72.79133360905477,0.0
236,243.98,243.12,242.7258940233172,71.88520660122722,0.0
237,243.92,242.83,242.88819070814813,62.98801253853901,0.0
238,244.33,243.17,243.02920358256603,64.44553372248143,0.0
239,245.01,241.95,243.0559920511349,64.56507310109882,3.0600000000000023
240,243.42,242.38,243.07737856374374,63.70451006934195,0.0
241,244.61,243.5799,243.28360818795232,69.41203716542591,0.0
242,244.87,243.29,243.3924407928651,75.62192422613697,0.0
243,243.91,242.36,243.39758369920813,67.74935935503743,0.0
244,242.83,241.6337,243.35138303950384,60.92693893830904,3.2363
245,244.73,243.48,243.37120386551533,48.64447834115961,0.0
246,244.26,242.99,243.36889011025636,63.47104882407999,0.0
247,243.59,242.41,243.36260155364621,45.81795517875584,0.0
248,243.53,242.64,243.352149541991,42.81596298924159,0.0
249,243.51,242.47,243.3504418696235,42.52463844227189,2.319999999999993
250,244.38,243.045,243.35014384115505,57.07662472059445,0.0
251,243.38,241.31,243.16574065301168,47.61548659009541,0.0
252,243.715,242.23,243.1696380045417,33.45118679375999,0.0
253,243.72,239.955,243.10444820631724,51.35128447669435,0.0
254,242.71,241.575,243.08852099030568,40.26355513083832,4.424999999999983
255,242.8,241.76,242.92657083022664,44.20382178003676,0.0
256,242.55,240.85,242.91593287941402,49.05849730621245,0.0
257,244.2,243.3,242.96046074968314,48.124891394332565,0.0
258,244.55,243.76,242.98163962190313,58.3361430901736,0.0
259,245.97,244.31,243.29008967111923,59.71139952830651,5.1200000000000045
260,245.91,245.33,243.52811713907727,64.28722595589898,0.0
261,245.72,244.67,243.73899082079046,69.98283602831205,0.0
262,247.0,246.01,244.12453078787294,66.93183071354356,0.0
263,247.42,246.47,245.306927590057,81.31940868356877,0.0
264,246.91,246.18,245.8264573172915,81.13653494108917,2.75
265,246.98,246.28,246.13580103634544,77.62136573726869,0.0
266,247.8,247.16,246.60251351067672,60.582674437848425,0.0
267,247.79,247.13,246.87539504680882,61.002735440082006,0.0
268,248.0,245.68,246.95595959176117,61.53847770612168,0.0
269,247.06,246.13,246.9508145893695,61.29204095115254,2.319999999999993
270,247.48,246.53,246.93412285182828,80.18801760561135,0.0
271,247.5,246.716,246.98055393837893,71.26069990044493,0.0
272,247.6,246.37,246.99557448222097,75.04033648852113,0.0
273,247.34,246.64,246.99524840978424,71.84888674493406,0.0
274,247.79,246.97,247.0077243807854,59.63480261779698,1.4199999999999875
275,247.87,247.37,247.06352303126934,65.09536272231938,0.0
276,248.91,246.83,247.065235603171,64.4812664173091,0.0
277,247.31,246.06,247.06697288146265,51.20906866591208,0.0
278,246.44,243.7,246.59354818326304,51.31012905748912,0.0
279,244.8,243.75,246.34593919897026,5.711071019806482,5.210000000000008
280,246.79,245.55,246.34718088968523,19.44309608314049,0.0
281,247.0,246.16,246.3496191707118,50.357429749148224,0.0
282,247.57,246.45,246.35540129746974,48.1806230982082,0.0
283,246.6,243.09,246.13981586955867,55.984481184523965,0.0
284,244.189,242.2,245.83200664323022,27.554358214088722,5.3700000000000045
285,243.2,241.83,245.5340537268721,30.116671555249724,0.0
286,245.62,243.55,245.53208959379194,31.219003916065247,0.0
287,245.05,244.16,245.50208455780952,47.8537749446494,0.0
288,245.18,243.75,245.4932576381355,43.116539086221856,0.0
289,245.61,244.39,245.48621723875522,39.794655483016676,3.789999999999992
290,245.2,244.09,245.45312654263464,46.310088529616806,0.0
291,245.15,242.93,245.4361920245438,46.172487387013774,0.0
292,246.32,244.62,245.44420983788072,54.06958523831296,0.0
293,247.77,246.0473,245.7605557310688,59.89965437975886,0.0
294,248.33,247.67,246.1801521596106,62.676344040402576,5.400000000000006
295,250.12,249.28,248.13189889677452,56.76815257230307,0.0
296,250.07,249.6,248.46574650045488,57.687110445062636,0.0
297,250.19,248.92,248.71431688869458,59.143980665196715,0.0
298,249.98,249.185,248.7757840133544,59.39007581596706,0.0
299,249.63,249.02,248.85442399142414,61.962519127733614,1.2700000000000102
300,249.5532,248.08,248.8552771630224,67.12225184162185,0.0
301,249.7,248.805,248.86809961346086,56.64734548303106,0.0
302,250.49,248.87,248.8759926145392,58.3884565869012,0.0
303,250.44,249.63,248.89071404777113,68.40800048354228,0.0
304,251.32,250.13,249.16704515563967,66.77753599494866,3.2399999999999807
305,252.32,251.2926,249.62271425085282,87.72513679063087,0.0
306,252.89,252.23,250.13033569469897,92.11489958613652,0.0
307,253.44,252.56,250.63070926946088,100.0,0.0
308,254.68,253.196,251.93533107902036,100.0,0.0
309,254.7008,253.85,252.59145427958038,88.9862560625872,3.4081999999999937
310,254.7,253.65,252.97869845784138,83.88381508411261,0.0
311,255.05,253.98,253.46408678519796,77.09766437128954,0.0
312,255.02,254.32,253.9058648727747,76.01609442880864,0.0
313,255.06,254.365,254.06377017973168,75.94668110817628,0.0
314,255.27,254.64,254.23861741833213,72.17414957076825,1.6200000000000045
315,255.51,254.82,254.41688908777363,72.62763244644168,0.0
316,255.52,254.98,254.57922582313293,78.2299292031773,0.0
317,255.95,255.5,254.75249584102735,82.86180893757471,0.0
318,255.83,254.35,254.8281770396995,82.4901737742402,0.0
319,257.14,255.7744,255.27937664533982,81.94543818154067,2.789999999999992
320,257.51,256.02,255.36921578834762,85.79153958814378,0.0
321,256.83,256.15,255.48592297117776,67.53996388090621,0.0
322,256.31,254.0,255.48420265364786,66.62144208627683,0.0
323,256.3,255.48,255.48819301821186,51.69794844598651,0.0
324,257.89,255.6254,255.67786488081356,44.99318024551126,3.8899999999999864
325,257.6,256.41,255.71089392064175,68.92614254103805,0.0
326,257.44,256.805,255.76218763110265,58.485167882210966,0.0
327,258.43,257.07,255.8272281381705,62.30348867575699,0.0
328,257.75,256.19,255.89476404751142,63.62537117918611,0.0
329,258.5,257.3,255.966850837613,63.440162560526424,2.3100000000000023
330,259.0,258.22,256.215495964873,68.09491645175662,0.0
331,259.35,258.09,256.36628117455564,69.69441574840629,0.0
332,259.22,258.15,256.90133668608615,67.3899966127169,0.0
333,258.39,256.36,257.0105114748016,66.99934540657434,0.0
334,258.2926,257.37,257.0243444563979,60.19217428560675,2.990000000000009
335,258.59,257.27,257.14465952882495,57.86746277521893,0.0
336,257.85,256.52,257.157492631314,66.52108812588716,0.0
337,257.22,255.63,257.13219738375625,56.86145225873409,0.0
338,259.04,257.4748,257.16591334083614,34.10184206662582,0.0
339,258.5882,257.77,257.1750103861387,59.24686030811762,3.410000000000025
340,266.38,265.4793,263.5535613903884,78.97565759573189,0.0
341,267.32,266.345,263.9802970009378,79.41591692738433,0.0
342,267.56,266.65,264.37775565126805,81.70845010407379,0.0
343,267.22,265.6,264.3976162487313,80.69371356310332,0.0
344,267.04,265.39,264.5246704155921,68.0601692209801,2.170000000000016
345,274.1,272.98,269.94336455264863,90.97180640431137,0.0
346,275.25,274.081,271.09883146352973,82.62864739063153,0.0
347,274.42,272.92,271.8264585889646,88.25573003195527,0.0
348,276.12,274.56,272.98283467005365,83.9438133197504,0.0
349,278.11,276.0819,274.38685058130955,87.22596164889441,5.189999999999998
350,286.43,284.5,283.14683266165235,90.16256607886139,0.0
351,284.736,281.22,283.0604841129373,75.82867764339677,0.0
352,283.3,280.68,283.0270021376821,60.8897554056618,0.0
353,283.06,280.68,282.98112482207614,58.921724232379894,0.0
354,280.23,275.41,282.5746981863958,34.70140939873582,11.019999999999982
355,275.85,263.31,278.23804729047106,1.1241255407343829,0.0
356,269.7,258.7,277.2219934406266,0.4292092203337319,0.0
357,272.36,267.58,276.06778244602395,24.87768849349861,0.0
358,268.17,257.59,272.74153222603985,24.471083779571998,0.0
359,263.61,252.92,270.8362472520558,18.855024428067267,22.930000000000035
360,278.01,275.26,272.95279669604736,66.77879951172719,0.0
361,278.92,274.36,273.0962517284547,68.48568888232656,0.0
362,276.19,271.29,273.0356534909708,60.41034954350865,0.0
363,273.17,266.0,272.9702411196464,63.31159864807244,0.0
364,269.72,264.82,272.85794651354655,49.96549963777595,14.100000000000023
365,272.89,267.61,272.85298845243705,49.763043712323864,0.0
366,273.39,271.18,272.85326275758126,56.162745379309854,0.0
367,273.18,270.2,272.85192798276915,54.683828050035316,0.0
368,274.24,272.42,272.8823796175545,50.97248528153083,0.0
369,278.87,275.34,273.0467492935761,54.57663162264611,11.259999999999991
370,279.91,278.0801,273.08314661345355,66.94013748039026,0.0
371,280.41,276.03,273.1471033147713,67.52871639749634,0.0
372,278.02,274.67,273.2175299855029,60.940290511058805,0.0
373,276.61,274.43,273.4395761280709,52.33343457552752,0.0
374,275.39,274.14,273.4970066717411,47.530434385673374,6.270000000000039
375,263.13,254.67,263.74146352521535,34.24479840090211,0.0
376,261.31,256.84,263.59954735709414,28.557591021177117,0.0
377,264.355,256.6,263.59833825092244,36.747482826375126,0.0
378,266.64,264.32,263.63465458692724,42.545890677236,0.0
379,265.11,258.0,263.5759510243785,46.860281452140455,11.969999999999999
380,267.89,265.35,265.1523138696752,57.170358110125576,0.0
381,267.9762,261.28,265.10886589775725,54.180677107968,0.0
382,264.13,260.85,265.1017568250683,41.11395384051143,0.0
383,267.2452,264.29,265.10913960980287,49.97692025782956,0.0
384,267.34,265.5,265.1289423076227,56.85775373634011,7.126199999999983
385,267.89,264.43,265.1110578262887,52.583518536168306,0.0
386,265.1,262.11,265.0997803530396,46.8837091176298,0.0
387,265.68,262.76,264.87014205975856,45.381400169594585,0.0
388,263.36,259.05,264.6291687706842,40.29956280809375,0.0
389,266.7892,261.15,264.63980551963317,34.233495728831045,8.839999999999975
390,268.02,266.11,264.65346780664674,45.48958276162226,0.0
391,267.325,265.15,264.7956326649021,48.85306239593026,0.0
392,269.865,267.09,265.2336307234479,51.21815932143029,0.0
393,272.39,270.22,265.84909255318945,64.64898041467818,0.0
394,273.15,271.58,266.5445504951511,70.95339983750515,8.0
395,274.08,272.36,267.8546246420045,80.48530773223099,0.0
396,271.61,270.03,268.18059370802916,80.28842696701588,0.0
397,272.76,271.11,269.01895228174317,58.95214678740189,0.0
398,273.23,271.13,269.7079753444974,59.44351201842105,0.0
399,272.03,270.93,269.91600770930245,63.77615540160959,4.050000000000011
400,273.98,271.3512,270.4342847168934,67.03091831297198,0.0
401,274.25,272.24,270.6746791855071,62.20556570391315,0.0
402,273.39,270.99,270.8801078043304,73.46815033745213,0.0
403,273.22,270.78,270.90625572923955,71.91502456988509,0.0
404,272.86,271.58,270.9219425843194,66.3062850627163,3.4700000000000273
405,275.185,274.26,271.00825459243407,56.901704086909724,0.0
406,275.53,274.18,271.0803466368355,61.35540890157872,0.0
407,277.52,275.09,271.43262017714454,67.56102186020867,0.0
408,278.28,276.34,271.70601951479637,67.44781000596954,0.0
409,278.25,276.66,272.15458925406887,68.65205851573539,4.099999999999966
410,279.37,278.31,272.74928829610775,68.76082147746702,0.0
411,279.33,278.19,274.3715411728197,69.13706258385082,0.0
412,279.48,277.8,274.87892501579137,69.37691210614885,0.0
413,279.33,278.0599,276.05072251323367,68.70493232583044,0.0
414,277.51,275.35,276.15614980054715,71.03039039358245,4.1299999999999955
415,276.7,274.95,276.17103924008705,68.08898885802212,0.0
416,275.75,273.53,276.16533469299617,58.14067538994226,0.0
417,276.72,275.59,276.15829389937045,55.11588941795939,0.0
418,275.98,273.68,276.003094282456,51.62124590126633,0.0
419,275.785,274.49,275.8767075378439,36.971443354400975,3.1900000000000546
420,273.6162,269.1,274.8614333787456,20.904687856821937,0.0
421,272.56,270.79,274.2409818755937,11.02569809013157,0.0
422,273.865,269.18,273.20660487752303,20.32823870349678,0.0
423,271.75,268.49,272.83542633294195,17.684997181550685,0.0
424,273.66,271.1495,272.6570473417374,27.56757021990788,5.375
425,277.96,276.5,272.6836665990656,88.62015785176418,0.0
426,279.01,278.08,273.66197654565536,91.5821384892909,0.0
427,278.04,276.52,273.88738511763097,67.30050998020438,0.0
428,279.43,277.6,274.9543369017667,60.67627280539497,0.0
429,279.93,278.66,275.77554082238737,66.62276535369087,3.430000000000007
430,279.803,278.84,276.33973837287317,74.48091808858972,0.0
431,280.91,278.41,277.0260464064782,72.46321064375667,0.0
432,281.18,280.06,277.9537931383006,60.5133282373741,0.0
433,280.74,279.46,278.2336171474401,60.04621258724222,0.0
434,280.48,279.5,278.3516366880331,57.32627850692972,2.769999999999982
435,280.43,279.06,278.431744860898,55.922536198312116,0.0
436,282.56,280.63,278.5953542606913,73.85326295160613,0.0
437,284.37,281.28,279.8330160797057,74.92444058761566,0.0
438,284.11,283.09,280.2467134492734,84.6409089588319,0.0
439,283.82,280.38,280.2813483917142,71.21360728349312,5.310000000000002
440,281.69,279.36,280.2782638102603,56.71129252879589,0.0
441,282.02,280.38,280.29067387665947,52.84721881946336,0.0
442,282.13,280.1315,280.2938661105699,54.868995080760754,0.0
443,282.58,279.16,280.3644874153049,51.76526013528241,0.0
444,283.6577,282.33,280.56087306042923,59.421963709246725,4.497699999999952
445,284.99,283.2015,280.84207194737417,62.481901384686665,0.0
446,286.01,285.24,281.1334270883505,65.42013517934174,0.0
447,285.91,284.94,281.22531963867164,71.20276793788327,0.0
448,285.97,284.915,281.3287411336074,71.21863351757204,0.0
449,284.055,282.36,281.3784055684473,67.49052053103026,3.6499999999999773
450,284.16,281.77,281.4053774632815,52.41728826326271,0.0
451,284.17,282.05,281.5178365636273,41.597630038659275,0.0
452,282.54,280.16,281.52102166947714,53.11282702140131,0.0
453,285.04,283.36,281.5726878738536,46.240464580800705,0.0
454,285.5601,283.37,281.63526722390606,58.96053518185886,5.400099999999952
455,285.97,285.06,281.688839030512,60.67761295479395,0.0
456,287.31,285.7135,281.73797251277267,63.865742955555426,0.0
457,286.76,285.575,281.7823936332653,64.16973230601658,0.0
458,286.94,285.43,281.82298847553,61.280259927088494,0.0
459,287.67,286.38,282.2891637510453,56.66741620338563,2.6100000000000136
460,289.9,288.68,283.6086709356975,63.014046738207256,0.0
461,290.4175,289.4,284.53744185620855,91.9102061193128,0.0
462,291.74,289.8854,287.0814194159439,91.70360969081233,0.0
463,291.36,289.63,287.73863614148917,81.87210181784978,0.0
464,290.81,289.29,288.208493440388,75.66597788169227,3.0600000000000023
465,290.86,289.03,288.51814369714066,61.458119890652725,0.0
466,291.58,289.55,288.56605799615545,47.44516018943184,0.0
467,291.69,290.825,288.70247465903367,54.383674238444044,0.0
468,293.94,291.2363,289.4976724418024,70.02069205259646,0.0
469,293.22,291.81,289.7414168128145,82.57994888350166,4.910000000000025
470,291.5,290.37,289.80479138942457,60.46401364470008,0.0
471,291.65,290.4833,289.829771532375,56.12987021345897,0.0
472,292.24,289.41,289.83032773979676,56.5321906726779,0.0
473,291.91,290.1,289.8348674876423,52.26087749765866,0.0
474,291.28,289.95,289.8396950780919,59.28492733634971,2.829999999999984
475,292.93,290.98,289.9242663669335,53.75783810020217,0.0
476,292.355,291.14,289.94448080161663,59.327819354009144,0.0
477,293.21,291.32,289.96261238538284,54.167649630716454,0.0
478,291.24,287.66,289.8910594112455,55.12710836061532,0.0
479,290.27,286.22,289.60583442619946,32.617550092824004,6.989999999999952
480,288.22,285.5,289.40970669653456,15.525753788912468,0.0
481,288.86,286.77,289.17980953469544,15.255846060919964,0.0
482,286.91,277.88,286.33333270744487,0.0,0.0
483,278.9,270.36,281.2754736772212,0.0,0.0
484,277.09,272.37,280.31344506412364,0.0,18.5
485,277.04,274.3,278.95977323407124,22.588733292173885,0.0
486,280.82,276.07,279.0735038626646,20.737534099531587,0.0
487,281.15,277.56,279.1844658869764,38.42045249686212,0.0
488,280.07,274.97,278.9260524484183,38.52051449458551,0.0
489,279.3,275.47,278.7047074473162,31.52696351894558,6.849999999999966
490,277.36,274.41,278.36756714385143,31.41487979015342,0.0
491,274.87,268.61,277.90219658753404,29.572296017955125,0.0
492,273.76,264.7,276.7395970729398,28.868591996382918,0.0
493,271.81,266.23,276.66650720626865,21.057087029031393,0.0
494,271.0,262.29,275.8831639925745,33.1446427692657,15.069999999999993
495,270.25,259.85,275.0587105208543,28.597682271303555,0.0
496,268.12,263.12,274.32428055480824,30.568026705940184,0.0
497,273.23,270.12,274.10369651530556,42.57763058296637,0.0
498,273.73,270.38,274.09523324583904,45.491398133909854,0.0
499,275.23,269.59,274.0497329979061,52.00550525793548,15.379999999999995
500,274.01,271.35,274.0439423170653,44.40542066673058,0.0
501,275.3,273.25,274.0529396940309,41.25259935886619,0.0
502,281.1,277.08,274.9832882720103,54.63474159079788,0.0
503,281.22,279.22,275.4662270424944,64.38234890095731,0.0
504,279.24,276.18,275.76779921069175,64.29041146431854,9.870000000000005
505,277.46,271.99,275.5735956416195,58.86797603429388,0.0
506,275.325,271.25,275.4766607018317,54.333676320655506,0.0
507,274.61,268.45,275.446888577722,49.54854763197334,0.0
508,273.54,267.0102,275.4326399685086,49.43932764524679,0.0
509,274.75,271.21,275.41137972111346,44.15204816593036,10.449799999999982
510,265.1613,258.62,270.5451352435598,19.106590343814148,0.0
511,267.87,262.48,270.4302931984595,39.981698602612,0.0
512,269.0,265.37,270.3537678277143,43.298705918248814,0.0
513,267.49,264.12,269.9075891454979,45.91811203088316,0.0
514,264.03,259.85,268.7129717478067,46.976275181018636,10.379999999999995
515,255.95,251.69,245.48578994913606,49.67272635976304,0.0
516,257.31,254.0,246.49069242912898,55.20261740027045,0.0
517,258.91,256.19,248.8930558360219,58.39686757919332,0.0
518,259.16,255.5,250.238338021919,62.541848926076305,0.0
519,259.0098,257.03,251.27391466887363,66.99059390764847,7.470000000000027
520,263.83,261.79,261.20170560038645,74.48077195659472,0.0
521,264.55,262.48,261.35810554418254,62.72186202072345,0.0
522,268.52,264.25,261.8872230760415,59.85480195797733,0.0
523,270.47,267.27,262.72371326508613,69.17760771257115,0.0
524,271.2,269.18,263.3366913633602,82.46711665142602,9.409999999999968
525,272.03,269.36,263.89485009295413,82.64006703205033,0.0
526,273.44,271.88,265.9816822758044,77.4155071727068,0.0
527,273.34,271.92,267.31622190005027,78.74339433142129,0.0
528,271.55,268.29,267.56122051190516,75.52816146160716,0.0
529,270.58,267.83,267.7408379367521,59.27104662859656,5.610000000000014
530,281.31,279.43,276.0013744054857,74.89985761787776,0.0
531,280.3,278.9,276.79956730633427,74.76283038204221,0.0
532,279.59,277.48,277.1992015617736,74.26579614183419,0.0
533,279.45,278.32,277.3544437631851,73.97684258117047,0.0
534,280.88,278.82,277.9464889528459,76.63836968889622,3.829999999999984
535,281.87,276.84,278.01854311574704,81.08591828258135,0.0
536,279.76,278.41,278.0431812383493,67.436806516921,0.0
537,279.16,276.97,278.02945061993455,62.46314581920945,0.0
538,276.99,274.07,277.89838969594604,26.107477779562444,0.0
539,274.65,272.42,277.4007288426354,16.000470325406454,9.449999999999989
540,278.62,275.23,277.41482412235376,14.977104696960325,0.0
541,280.07,278.85,277.4256334412403,50.3975638665316,0.0
542,283.3052,280.3,277.5135353462201,60.17139683509532,0.0
543,281.84,280.6662,277.61364295540056,70.44507153036874,0.0
544,282.21,280.33,277.6545570289603,60.11599676193286,8.075199999999995
545,286.16,284.4,280.2207210639326,57.54769785708248,0.0
546,286.23,285.09,280.3952858475512,86.87196811965276,0.0
547,287.76,285.75,280.6798437074423,65.53320350693673,0.0
548,287.459,286.01,280.83098687734275,66.5239670171349,0.0
549,288.63,287.6,282.8211265021928,67.47448705395459,4.230000000000018
550,290.435,289.07,288.43202939092146,70.47864398001305,0.0
551,293.14,290.42,288.93975160885344,73.82420170222619,0.0
552,293.16,292.07,289.53878800774385,86.21309502070501,0.0
553,292.78,290.73,289.8849982793898,73.06547368966773,0.0
554,293.49,291.2401,290.5249555396734,68.97899807671396,4.420000000000016
555,294.45,293.41,290.99808880327816,74.24929131902459,0.0
556,294.34,291.92,291.4975618750476,82.07770540347146,0.0
557,294.95,291.8,291.5069237197202,81.4255674898915,0.0
558,292.7,289.52,291.49640546178915,58.94683160218305,0.0
559,294.34,291.2998,291.69116836087807,49.5680714258242,5.430000000000007
560,293.31,288.9,291.73159844528857,65.11065913223041,0.0
561,290.81,285.81,291.45689978080367,47.17362994777175,0.0
562,289.43,286.87,291.18760150240036,22.34777177812414,0.0
563,287.33,283.3,290.8314778771365,20.77810934937753,0.0
564,288.94,282.3,290.6232153738288,32.853082883732014,11.009999999999991
565,283.49,279.93,288.8812827718334,36.63115559594465,0.0
566,285.1,281.85,288.29196197750565,21.941331400329005,0.0
567,285.77,281.36,288.11226281094446,32.1013513029047,0.0
568,289.21,285.76,288.10348395180125,36.094997355218766,0.0
569,288.6,285.1207,287.9459990918327,43.78566980964312,9.279999999999973
570,285.962,283.12,287.6447972875104,39.71910715478216,0.0
571,286.93,285.55,287.6330990775951,37.67899901973239,0.0
572,286.69,285.1,287.6075054464099,45.61609916091772,0.0
573,283.21,280.57,287.45245746492014,40.52895731342305,0.0
574,284.2,282.09,287.28265089182025,34.72636466930048,6.360000000000014
575,276.5521,273.09,282.55219320129555,31.546960902258732,0.0
576,280.68,276.62,282.5048232191432,26.230160732047437,0.0
577,282.99,280.32,282.5160334964315,53.509485716636604,0.0
578,285.55,282.57,282.53263731253395,67.93435123377478,0.0
579,288.85,285.74,282.7498024526776,77.79168250382644,15.760000000000048
580,290.82,288.8734,283.04808599495016,63.19614376866754,0.0
581,291.4,288.1805,283.60604487757604,63.831504590167995,0.0
582,289.26,287.815,284.24754143904966,64.76422440551008,0.0
583,289.98,288.62,284.9872571617156,51.55078320435494,0.0
584,289.93,288.41,286.30134672002777,53.34199051518958,3.5849999999999795
585,290.22,289.18,287.41112446564836,51.53241790477724,0.0
586,293.57,290.99,289.132353144659,77.85121336369086,0.0
587,293.65,291.47,290.43357538364734,82.09783679703315,0.0
588,296.3093,293.1255,292.274063944801,92.47047496859366,0.0
589,295.52,293.76,292.53208009401266,95.70931478034338,7.129300000000001
590,294.58,293.47,292.6471430020922,80.93717357155938,0.0
591,293.73,290.64,292.60683463434435,76.7709019586822,0.0
592,292.31,290.345,292.5539677499074,57.94622071703002,0.0
593,292.06,290.89,292.52987811522087,52.21563299963012,0.0
594,293.55,292.01,292.5525525507788,54.57480184355579,4.234999999999957
595,298.2579,296.22,293.700094364322,74.06517944873522,0.0
596,297.52,295.48,293.86725668509234,62.0786884873675,0.0
597,299.66,297.78,294.8107654762353,68.5985994432111,0.0
598,299.58,298.2,295.84901527765163,63.61895827070666,0.0
599,300.73,299.51,296.97730902748935,70.32235546477892,5.25
600,301.13,300.19,297.78618248485924,74.82189502267089,0.0
601,300.88,299.44,297.9665705580401,84.03182752319039,0.0
602,299.93,297.74,297.9624788586358,75.78855223715914,0.0
603,299.25,296.7,297.9662946029478,60.47907184363583,0.0
604,300.07,296.96,297.95219301627907,62.494382975426646,4.430000000000007
605,298.5,297.04,297.95135216094474,48.41260809184835,0.0
606,300.03,298.22,298.03863835718727,50.71161022883712,0.0
607,301.44,299.09,298.18093929000435,56.56869781859327,0.0
608,301.0,299.11,298.1979488567382,62.88488075632127,0.0
609,302.23,300.62,298.2573406083609,58.185923217071256,5.189999999999998
610,302.01,300.85,298.2862375910391,64.70508906822742,0.0
611,301.17,299.49,298.315053066927,59.79307490735218,0.0
612,301.2,295.2,298.3098165903489,54.709161256673276,0.0
613,300.87,293.96,298.15725324077823,27.309102907236166,0.0
614,294.12,290.9,297.87781658711174,13.475582291179677,11.110000000000014
615,288.21,281.72,295.6147904883428,0.0,0.0
616,288.04,284.28,294.7274553118349,0.0,0.0
617,288.82,282.04,293.7567225255042,29.92893212132003,0.0
618,293.62,289.01,293.751652233001,31.332492427434445,0.0
619,293.24,289.65,293.59263043572616,45.63166615564077,11.899999999999977
620,291.6052,287.02,293.0656062646988,40.24358542235696,0.0
621,294.15,287.36,293.04529945497427,33.603044141010145,0.0
622,292.4644,283.76,292.4361749006938,44.72564765795907,0.0
623,285.64,282.39,292.06966282277057,32.19502470672785,0.0
624,289.33,284.7138,292.02462537520023,33.97582584884772,11.759999999999991
625,293.08,291.44,292.0372527971179,42.42441000659025,0.0
626,292.36,289.95,292.0163031352328,49.93768170085612,0.0
627,292.86,291.72,292.02441026287676,48.02016583250043,0.0
628,293.93,290.4,292.02703126140324,53.15996159540548,0.0
629,292.76,283.47,291.81029366258923,59.779740719472436,10.45999999999998
630,288.0,285.58,291.7938675343134,42.98054696528777,0.0
631,289.95,286.03,291.6574823047633,48.60490116146097,0.0
632,289.07,285.25,291.5716673814765,42.68949342954665,0.0
633,293.16,290.61,291.62243207023766,48.128942478693304,0.0
634,294.2399,291.42,291.6406909334072,57.40602913164702,8.989899999999977
635,301.1378,299.45,298.60672235123326,85.36446998447795,0.0
636,301.02,299.75,299.31104849331837,62.704837761315595,0.0
637,301.22,298.24,299.7835006504077,62.01931006964075,0.0
638,302.63,300.7103,300.0002785377527,62.13426554625237,0.0
639,300.67,297.41,299.9889184446791,79.33078354406571,5.21999999999997
640,299.0,297.27,299.9813442735203,61.57502314485637,0.0
641,299.84,294.81,299.82562313495123,15.226804785525644,0.0
642,298.11,294.33,299.71744044900214,9.12437579839738,0.0
643,297.86,295.45,299.4185367997076,43.347295330718524,0.0
644,297.9465,293.69,298.8563720319214,40.02350181725436,6.149999999999977
645,297.55,295.92,298.73432160333005,33.71870526787099,0.0
646,298.455,293.0,297.9056411801801,37.4996237443358,0.0
647,291.51,286.64,295.71423625220166,25.536591740815183,0.0
648,290.45,284.82,295.02270397395256,15.981780679134445,0.0
649,294.63,290.82,295.0035962369329,28.253043986086766,13.634999999999991
650,295.26,292.77,294.9315765515496,41.85778861000394,0.0
651,291.85,288.49,294.5826433957669,38.92921264894435,0.0
652,292.3,288.6559,294.4429529692677,31.126940805645447,0.0
653,294.21,291.0,294.41802317402113,40.898165514676144,0.0
654,298.74,296.1448,294.43060872568657,45.99957568262366,10.25
655,296.67,295.57,294.44072602316623,54.718560670352964,0.0
656,299.7,296.97,294.59187391068525,52.47432643367531,0.0
657,299.16,297.92,295.00241643245,59.162654474748976,0.0
658,300.24,298.515,295.40217513500534,59.53174463998373,0.0
659,299.395,296.99,295.4819874464702,60.262278413561184,4.670000000000016
660,300.21,298.935,295.81059894116026,51.51508767432869,0.0
661,300.9,298.91,296.43804095261896,54.31928681700287,0.0
662,299.94,298.495,297.02964661763554,51.719596430320024,0.0
663,301.07,299.4601,297.528885710032,64.54200589479055,0.0
664,302.2,299.6806,298.0067111098062,68.23974065899903,3.704999999999984
665,303.85,302.91,298.88728337277723,81.6920743015572,0.0
666,304.23,302.86,299.3409252252623,82.73128574320435,0.0
667,304.55,301.99,300.08474917663204,80.6975148827531,0.0
668,304.13,301.73,300.3735848158138,80.20938382072868,0.0
669,306.19,304.74,301.6849832088942,74.20021302559365,4.4599999999999795
670,308.0,306.96,302.9059253051477,78.49213418464844,0.0
671,307.9195,306.71,304.04021895554024,82.38419508578622,0.0
672,307.4,306.06,304.8445633103488,78.90311830261648,0.0
673,309.65,307.66,305.75182212165964,83.65023197885213,0.0
674,309.0036,307.03,306.5960806601641,84.25830436645958,3.589999999999975
675,308.94,307.27,306.89617138887184,89.62166350776562,0.0
676,309.99,307.7,307.30461501149307,82.38656938007742,0.0
677,309.54,307.66,307.61889237140406,76.11323634749239,0.0
678,309.64,308.09,308.15736196906937,75.28214122232289,0.0
679,311.84,310.26,309.130326128664,81.97461445324787,4.569999999999993
680,315.18,313.8,312.62758853714627,60.42492056731854,0.0
681,314.55,312.81,312.63214658676884,56.078342509054195,0.0
682,314.7,313.4393,312.64310070568143,56.50268113614528,0.0
683,317.99,314.17,312.7142037965677,60.60375184077499,0.0
684,318.67,316.02,312.86959468477943,67.66379529031872,5.860000000000014
685,323.73,320.36,322.36834940116154,61.876557560071646,0.0
686,323.54,322.24,322.3777434959355,63.35952117412933,0.0
687,325.78,322.67,322.4661834004244,57.71449755403103,0.0
688,326.73,325.52,322.77126502100316,64.08981429215228,0.0
689,327.46,325.2,322.8611648108031,69.07504335398534,7.099999999999966
690,325.12,322.66,328.6190348076876,39.29076530178294,0.0
691,327.85,323.6038,328.6015301202423,8.744540941382283,0.0
692,328.63,326.4,328.584333915768,34.32542809217773,0.0
693,327.91,323.54,328.57828311365,45.82685561045319,0.0
694,327.17,320.73,327.8408244499371,50.8221154486543,7.899999999999977
695,326.16,323.22,327.55847263955707,32.52622028537472,0.0
696,330.01,327.72,327.5783812781943,41.03582106813476,0.0
697,333.09,330.67,327.6256709710856,67.12801156095799,0.0
698,334.49,332.8,327.7000866707946,72.79895132225866,0.0
699,333.9941,331.6,327.7802022769337,59.71175439252428,11.269999999999982
700,333.5623,321.24,333.371597837009,17.009363073306375,0.0
701,324.61,311.69,328.56675372311196,5.301120520234051,0.0
702,318.11,310.7,324.1907277846817,0.0,0.0
703,311.5637,297.51,314.32458957943925,0.0,0.0
704,297.892,285.54,307.61915547364646,0.0,48.02229999999997
705,309.16,294.46,307.81366225266095,6.454283629734832,0.0
706,313.84,297.57,306.59799030657024,31.251164007972847,0.0
707,313.1,303.33,307.0390373983353,24.866575884450356,0.0
708,308.47,300.01,306.6054082388572,40.47971962933282,0.0
709,298.78,290.23,305.7034218134601,33.992825865850875,23.609999999999957
710,284.19,273.45,301.6841317743733,31.61334723247188,0.0
711,288.52,273.5,301.1241491647119,22.429488260306698,0.0
712,281.94,270.88,299.3617292550458,34.502229177037904,0.0
713,266.66,247.68,294.8809452208951,31.0958370172294,0.0
714,271.4754,248.5237,294.1101556975525,24.194271833023194,40.839999999999975
715,262.43,253.53,266.7949321591855,45.450376346202226,0.0
716,263.33,256.22,266.70807307083925,52.0108125106633,0.0
717,257.6591,243.9,266.4741107513723,55.47103098358538,0.0
718,252.68,244.59,266.1959951034034,44.17658783584123,0.0
719,253.32,245.22,265.4613475333331,54.75081407274186,19.42999999999998
720,286.7912,281.35,274.7242857154177,69.61916781921158,0.0
721,278.04,272.02,274.6820787504251,64.80652450973355,0.0
722,281.0,276.91,274.87465243848345,59.664254888567896,0.0
723,283.94,278.75,274.9414532557459,62.67507777668064,0.0
724,283.7,278.5,275.06282777984234,64.49853778702541,14.771200000000022
725,288.27,284.62,275.5414464429528,62.37034304514396,0.0
726,291.4,285.4,275.6260741285915,65.9120032089947,0.0
727,294.88,290.41,276.90556424355935,60.45532382031943,0.0
728,293.3239,288.59,277.51098461605494,66.22014750657235,0.0
729,290.6572,281.52,277.5795642660717,63.25104144782327,13.360000000000014
730,283.9,279.13,277.63082370823207,48.62580520587271,0.0
731,289.25,283.7134,278.30401974872007,52.777763387835016,0.0
732,288.46,283.78,278.45583232637017,55.53656175587139,0.0
733,289.78,287.13,278.8569169303919,59.93920661440546,0.0
734,292.95,287.68,279.510432290419,56.81805161129436,13.819999999999993
735,294.0,289.88,279.8620960248421,69.43503006264018,0.0
736,294.24,286.52,279.90532181962055,66.83884951730451,0.0
737,287.19,278.965,280.0241268051081,54.05702445401987,0.0
738,285.11,272.99,280.14735380923105,43.31326940755024,0.0
739,286.33,281.34,280.2617184576488,46.58702410938373,21.25
740,296.75,292.7,281.18271693222687,49.705887689287174,0.0
741,296.205,291.95,281.44955557561485,58.46393207765213,0.0
742,297.87,295.57,282.439309989954,54.96970839131977,0.0
743,297.67,293.6886,282.82130031507404,66.65567530114038,0.0
744,295.63,293.22,282.99164861318604,57.71698199571127,5.920000000000016
745,306.205,303.06,294.9323740997874,69.16762390264113,0.0
746,308.13,305.1,296.91002128016254,77.08064092032522,0.0
747,313.22,309.94,301.4134141054811,86.04553822642639,0.0
748,313.0,309.08,303.6354008432006,87.66375938203976,0.0
749,321.275,317.16,309.3952930138654,86.43577449952863,18.214999999999975
750,323.41,319.63,314.56935756222754,95.17826735315089,0.0
751,323.2849,319.36,316.19265095028754,92.71343117959475,0.0
752,322.39,318.2209,316.6745627485488,83.35045351144333,0.0
753,312.15,300.01,316.52503020657275,69.42100442828477,0.0
754,309.08,298.6,316.4714928984934,23.386371294390187,24.810000000000002
755,308.28,296.74,316.4062613982501,33.51871457096519,0.0
756,315.64,307.67,316.3555093959735,48.58722419071617,0.0
757,314.39,310.86,316.33189306640406,56.16693222560846,0.0
758,312.3,309.51,316.30973951321425,53.733226572614186,0.0
759,314.38,306.53,315.96141307401643,59.74255227172192,18.899999999999977
760,311.05,306.75,315.63518102397717,55.99036053375879,0.0
761,314.5,311.6101,315.49960613624944,57.24335154460528,0.0
762,310.51,302.1,314.746661041437,50.75783797218891,0.0
763,307.64,301.28,314.47058913609277,34.888876138798466,0.0
764,306.39,299.42,314.2054380518936,38.29081904084093,15.079999999999984
765,317.68,315.56,314.0596052870619,57.62192147056377,0.0
766,317.52,313.37,314.0561088191391,61.19377806377006,0.0
767,316.3,312.7,314.08923729333844,55.72338702262697,0.0
768,317.1,310.68,314.10618073496875,59.067731664705846,0.0
769,317.88,312.76,314.30817011653744,54.889116952798645,7.199999999999989
770,322.71,314.13,314.376020231416,56.653733610666094,0.0
771,319.76,312.0,314.9447732086928,54.99083352160815,0.0
772,323.04,319.265,315.75891945707576,67.1416204070414,0.0
773,321.28,319.09,316.1679704422874,69.08652365435697,0.0
774,322.57,319.735,316.5854617896719,73.90839209353383,11.04000000000002
775,325.13,320.62,317.02878950127246,73.02382037456424,0.0
776,326.93,323.94,318.0963174811282,74.40395647820688,0.0
777,327.2,324.5,319.2205581408504,74.23254052320232,0.0
778,327.23,321.48,319.5132802141647,75.79010686269413,0.0
779,321.99,319.246,319.54450037500345,59.16374483538139,7.984000000000037
780,323.41,320.775,319.85187101373293,56.68049173821504,0.0
781,323.64,320.85,319.87443353597956,59.790878860799815,0.0
782,325.73,322.075,320.0026016041474,55.6706978626665,0.0
783,324.41,319.64,320.09535218935946,61.39763099572705,0.0
784,326.63,321.33,320.325348773594,61.05281799374845,6.990000000000009
785,329.62,327.73,320.6066909456295,63.077741153134355,0.0
786,330.06,327.86,320.9635806826518,65.30835261951495,0.0
787,332.39,331.18,321.4018858850488,69.10323659115352,0.0
788,334.46,331.13,323.2337681176736,71.86853518942199,0.0
789,334.88,332.3,325.78540955087215,73.70441989049023,7.149999999999977
790,335.77,332.955,327.86222520408603,73.6693061787148,0.0
791,337.54,332.01,328.74920335558807,74.1386939734877,0.0
792,338.28,332.8377,330.37210827055543,68.4135655714829,0.0
793,338.2514,335.83,331.7344636065486,78.84280332666691,0.0
794,337.42,335.62,332.6712236463104,75.03697548454254,6.269999999999982
795,338.34,336.8517,333.55330413066906,78.82265191303902,0.0
796,339.1,336.61,334.3725240074365,70.9282515258447,0.0
797,339.61,336.62,334.587435302085,70.79216851877112,0.0
798,338.8,335.22,334.8006773027481,69.31977406068347,0.0
799,339.72,337.55,335.13816464926117,71.98047344028038,4.5
800,343.0,339.4504,335.9648527170917,75.20428959005407,0.0
801,344.21,342.27,338.07179398100334,87.34604655106652,0.0
802,347.86,344.17,340.3989781010869,88.79154434340818,0.0
803,349.9,346.53,342.78144976034827,92.73603388070018,0.0
804,350.72,348.15,345.26325065501027,100.0,11.269600000000025
805,340.38,334.2208,347.9656352792189,37.574861266548204,0.0
806,342.02,338.4683,347.7374337341876,43.72038454493576,0.0
807,343.06,338.52,347.25965000678246,44.30975755749334,0.0
808,337.6996,332.991,345.9304669082652,50.99470546726977,0.0
809,335.49,327.97,344.6989961098106,37.25736256109203,15.089999999999975
810,327.13,321.73,343.1888753865622,32.60413963286318,0.0
811,330.9,325.86,343.0208738719224,27.134934491133777,0.0
812,331.2,322.1,340.5462003312578,29.92662239109417,0.0
813,326.797,319.8,339.3562761751131,27.497753222627026,0.0
814,329.58,321.64,339.10845996319733,30.227666319873535,11.399999999999977
815,334.96,332.15,339.02123143544827,44.586721863174596,0.0
816,334.77,331.6209,338.7822242928252,49.46074623316159,0.0
817,338.29,332.88,338.7208060552252,50.15570292685391,0.0
818,338.74,335.01,338.7090641445575,54.10776048585159,0.0
819,337.0126,331.19,338.6412591542368,49.7747106337222,7.550000000000011
820,339.96,336.01,338.72064933674125,47.9421625286864,0.0
821,342.17,334.38,338.6517383243321,58.03905477196167,0.0
822,341.63,338.09,338.9144666863969,51.79155345387085,0.0
823,343.85,341.86,339.5804112082299,62.53571541186647,0.0
824,347.35,344.89,340.4863363019646,68.31521313211505,12.970000000000027
825,354.02,349.06,341.983114764084,74.39243543040271,0.0
826,352.4651,349.09,342.940837682087,80.83165020945867,0.0
827,351.93,347.14,343.30618344211274,75.15021088146916,0.0
828,348.02,343.13,343.543033477129,68.35266867320996,0.0
829,350.75,347.1,343.8963459013278,64.91194353640148,10.889999999999986
830,349.33,341.04,343.8751967831032,66.15784615206735,0.0
831,346.88,342.64,343.8470918689423,52.401131612275755,0.0
832,348.6847,342.4,343.832646095267,53.39484732401447,0.0
833,345.24,340.65,343.8384321370745,54.672153646076794,0.0
834,345.99,343.13,343.8559899245893,56.1866631898609,8.680000000000007
835,342.98,335.62,343.05544089681587,61.71965427894761,0.0
836,340.12,337.99,342.24206383326526,40.2419118800392,0.0
837,338.2483,326.13,338.50262439132945,21.40977010919049,0.0
838,333.395,325.09,337.2445811077095,9.07086229862685,0.0
839,329.69,322.6,335.45052937758174,24.58173140628034,20.379999999999995
840,332.36,327.24,335.06779846557197,20.01749418054422,0.0
841,338.25,330.2935,335.0982146863898,30.34534908250106,0.0
842,347.94,339.59,335.14587130361065,42.61723801133076,0.0
843,352.19,348.86,335.40615392596504,69.33136214750633,0.0
844,351.51,347.65,335.6102851321279,64.20700330918888,24.94999999999999
845,364.38,354.06,336.85351476401473,63.564764741033336,0.0
846,355.18,350.51,338.07974311745346,68.12257051235733,0.0
847,357.56,355.06,343.4792600048465,61.009486981367466,0.0
848,356.7182,351.26,345.2818702194292,62.06125244150982,0.0
849,358.9,354.71,349.06747077224276,59.98648716762906,13.870000000000005
850,369.62,367.72,362.415368409523,69.80673804914011,0.0
851,370.78,367.67,364.14487261194716,69.74269146782245,0.0
852,371.05,365.95,364.25131936001964,79.29535970966688,0.0
853,367.86,364.43,364.3699264963471,63.25522334173408,0.0
854,366.7402,363.26,364.42437200004775,66.66632442960054,7.7900000000000205
855,380.58,377.7189,371.51168090531496,80.04693174208234,0.0
856,379.86,376.36,371.9118057057595,68.20403316491104,0.0
857,380.86,377.85,372.5145711642905,64.74610086064287,0.0
858,381.13,378.1,372.81251146678545,64.2946280151055,0.0
859,377.58,373.7,372.84606568206806,64.6467860443405,7.430000000000007
860,377.34,370.376,376.37358006112595,33.361755098676795,0.0
861,383.22,376.3181,376.4333124019464,45.826524795643,0.0
862,383.7,380.48,376.4862588083909,53.3809436070193,0.0
863,386.24,381.9655,376.5721025074181,54.639987721559194,0.0
864,388.47,386.1444,376.7823408979246,62.215673745753264,18.09400000000005
865,390.56,388.35,377.1077445308018,62.68747606400424,0.0
866,390.89,389.17,377.44299560778654,63.67898972745024,0.0
867,392.28,387.5,379.10488257586775,62.29754789760473,0.0
868,391.69,388.1,380.41151598567774,62.41065474228999,0.0
869,392.9,389.77,385.492006360701,62.72667734427231,5.399999999999977
870,390.92,380.572,388.23048609024625,22.24515430405181,0.0
871,390.07,386.0,388.1833687468868,54.849207520439194,0.0
872,386.83,381.31,387.81186374741395,45.68679923060677,0.0
873,384.0,371.88,387.0267716169322,37.90769404139152,0.0
874,384.76,372.64,386.95584331289604,31.194423504583,19.04000000000002
875,387.68,381.42,386.86403762672523,43.89096915717227,0.0
876,389.91,381.7299,386.8654662591501,41.575946184229736,0.0
877,391.4,388.1702,386.88783676153986,50.37206037541023,0.0
878,395.65,391.74,387.19579415627504,53.81802454607009,0.0
879,394.21,391.2,387.6425695931689,60.13866011399474,14.229999999999961
880,396.685,392.03,387.9187083069299,60.52476556982407,0.0
881,397.83,395.08,388.34549597448716,61.35322599394397,0.0
882,398.12,393.3,389.64222123284407,59.41133639101162,0.0
883,396.72,390.75,389.8675187436005,71.41892162184897,0.0
884,391.569,387.15,389.8522015961368,52.84165639199056,10.970000000000027
885,406.94,403.38,393.5964101105507,91.80268884763058,0.0
886,407.24,405.4,395.3129598463207,94.60935841499229,0.0
887,406.96,405.45,398.0511894960136,70.6825455948076,0.0
888,408.58,406.93,401.7181140981845,78.85949530430993,0.0
889,411.67,408.26,405.1685863810255,83.80122623620402,8.29000000000002
890,418.22,416.8111,414.1988171315167,64.05928799126934,0.0
891,418.14,416.3,414.30031425594063,65.17732658565643,0.0
892,419.01,416.9,414.44077500690923,63.59932743072819,0.0
893,420.72,416.44,414.6172194520336,60.81060151248714,0.0
894,418.54,416.34,414.62873974444824,66.21305356095365,4.420000000000016
895,419.84,417.665,414.7029435795229,56.20224135285605,0.0
896,416.6,411.67,414.72592539298034,59.91292670923552,0.0
897,417.63,414.94,414.731685767712,47.787813168475296,0.0
898,419.21,413.675,415.10480238953363,46.529547704139816,0.0
899,422.815,419.16,415.5830215206937,58.43636271440622,11.144999999999982
900,422.74,417.81,415.5961233809096,68.91172997494235,0.0
901,415.27,410.06,415.5651087414219,49.906122470810324,0.0
902,412.59,404.0,414.71482068217205,34.0471235819292,0.0
903,412.35,407.02,414.4675928342922,20.024875755435474,0.0
904,417.49,413.18,414.4797836606321,38.40322056280385,18.74000000000001
905,416.39,413.36,414.4916844727281,50.450977708542034,0.0
906,416.06,411.77,414.45413648907567,48.84620522972903,0.0
907,411.05,405.33,414.38550682599043,41.79689639897979,0.0
908,416.625,411.67,414.3984054523156,41.75942529532307,0.0
909,418.2,414.45,414.41541587586215,49.21570469412588,12.870000000000005
910,420.32,417.08,414.44880365508794,50.31240850962248,0.0
911,420.71,417.62,414.51552548118536,57.00477897402145,0.0
912,419.61,417.76,415.1127107021778,53.23121573427777,0.0
913,420.72,418.9851,415.48993267122273,52.633325096489685,0.0
914,421.25,419.79,415.6439453952817,52.93617456818417,4.170000000000016
915,422.78,421.19,418.46088274335546,69.5185077593139,0.0
916,423.21,420.32,418.71623696636493,74.82945177283045,0.0
917,423.26,421.41,418.95306918711697,77.7592766417894,0.0
918,424.63,421.55,419.44608243441945,68.5915055623921,0.0
919,424.43,422.82,420.00940574313586,75.2439426856516,4.310000000000002
920,425.37,423.1,420.6385934909226,72.70716497292133,0.0
921,425.46,423.54,421.0193901945818,78.53345491999933,0.0
922,424.87,419.92,421.0423918207764,70.71812961031719,0.0
923,423.02,419.32,421.0901842581782,54.32196494880407,0.0
924,417.8281,414.7,420.24008205701176,16.097431824199077,10.759999999999991
925,421.06,415.93,420.24670661099447,8.171164915731723,0.0
926,424.0,420.08,420.26811335328745,44.183409015723456,0.0
927,424.05,422.51,420.2869060101233,51.521223547839305,0.0
928,425.55,424.62,420.33817198547865,50.688394299717075,0.0
929,427.0943,425.55,420.43186225581906,57.7838230260199,11.164299999999969
930,427.65,425.89,420.5335036543755,61.0225221912499,0.0
931,428.56,427.13,420.68945788972206,63.630137055198034,0.0
932,428.78,427.18,421.08729444439905,65.35272617922047,0.0
933,430.6,428.8,421.82266847722,62.722368360636395,0.0
934,434.1,430.5218,426.630221158505,67.27326710738728,8.210000000000036
935,437.35,434.97,432.157796898367,76.81687009479275,0.0
936,437.84,435.31,432.4918125235347,77.75653607576629,0.0
937,437.92,434.91,432.8740476771918,71.95590317518497,0.0
938,435.53,432.72,432.994651516193,65.94071864723689,0.0
939,436.06,430.92,432.9815352354074,63.542052128791426,7.0
940,431.4089,421.97,432.3900940848235,37.99999068822469,0.0
941,432.42,424.83,432.37648316336845,9.178729802920842,0.0
942,434.7,431.0111,432.3860009700185,50.21650184713571,0.0
943,435.72,433.69,432.4602925030877,54.880599100947094,0.0
944,440.3,436.79,432.6363263910652,56.148236264434644,18.329999999999984
945,441.03,439.26,432.81271019544135,62.26484250848288,0.0
946,439.94,435.99,432.92267569468424,62.98013182437842,0.0
947,440.3,437.31,433.0040463750554,61.31721311278255,0.0
948,441.8,439.81,433.2617106502007,61.60619766190795,0.0
949,440.06,437.77,433.50574428026886,63.189508308240306,5.810000000000002
950,440.93,437.21,434.137191350425,63.901993782669116,0.0
951,441.28,436.1,435.04401368349005,52.636653799210364,0.0
952,441.1243,438.73,435.206124075366,61.65535015894454,0.0
953,441.85,439.88,435.5962035875227,59.14185337174321,0.0
954,442.94,441.8,435.75718638766074,71.92102113598708,6.839999999999975
955,442.795,441.31,435.82692747466365,69.30461178700523,0.0
956,443.44,441.88,436.12859618296005,64.89012340680694,0.0
957,443.882,442.62,436.6041539135967,65.3968010665029,0.0
958,445.2572,442.66,437.07881588171136,63.70083918852565,0.0
959,445.94,445.07,438.33088584764477,66.37357067722553,4.6299999999999955
960,447.11,442.87,440.1246206100948,73.09951279696499,0.0
961,444.96,440.85,440.26675151951247,75.92589100825683,0.0
962,444.625,438.92,440.2611467254539,52.052662074958015,0.0
963,441.14,436.12,440.25283241131746,25.388709624967092,0.0
964,443.71,439.71,440.28089051721986,27.476398181842754,10.990000000000009
965,448.23,443.4355,440.5995288513225,48.12567184944143,0.0
966,448.54,447.42,440.94706275684734,62.94486213039106,0.0
967,449.457,447.77,441.3106187469034,65.3102763217216,0.0
968,448.86,446.16,441.3561840935983,66.72888977827341,0.0
969,450.65,447.06,441.6070234172922,57.16533060836502,7.214499999999987
970,453.07,450.71,441.9732857609014,65.23733647741321,0.0
971,452.49,450.92,442.59245482633986,67.9241453048794,0.0
972,453.11,451.545,444.53291551986814,64.65622121966007,0.0
973,454.05,451.91,446.416505005682,65.49660582307047,0.0
974,453.63,451.55,447.5781383530812,65.20226552719208,3.340000000000032
975,436.56,428.86,443.66574423172506,25.94970458513086,0.0
976,437.91,433.07,441.59262883738324,16.853632076472564,0.0
977,440.03,433.747,441.2192037393998,13.789442111159815,0.0
978,444.89,439.6,441.2728810154815,30.04662220799848,0.0
979,444.67,441.21,441.29593371012083,43.21208980381105,16.029999999999973
980,444.05,441.9,441.32184331016686,45.78942976538937,0.0
981,440.04,432.94,440.92578570678626,43.894709733586474,0.0
982,437.04,433.85,440.3712229798751,32.65995157192536,0.0
983,436.77,428.78,439.10630536592083,35.86877223457786,0.0
984,436.0329,427.24,438.9589764154438,29.016592510436823,16.810000000000002
985,433.96,426.36,438.723851653128,40.526290481561965,0.0
986,435.49,429.39,438.69455581744927,31.772400552151367,0.0
987,435.1199,427.54,438.6486931933625,40.18517580311242,0.0
988,441.68,438.2,438.64890463275316,45.93129917542346,0.0
989,439.89,437.19,438.6284504247393,56.1092969233934,15.319999999999993
990,440.26,434.62,438.4932924506536,54.94298895450623,0.0
991,436.1,432.78,438.47180003136987,46.7957761408445,0.0
992,436.05,431.54,438.4517791533005,40.97971029538317,0.0
993,442.66,438.58,438.8082781547538,43.831567263357556,0.0
994,446.26,444.09,439.3513262393,76.3851484265578,14.71999999999997
995,447.55,443.27,440.9717215809465,79.66078198507222,0.0
996,450.7,448.27,442.90275332847744,83.79303210424018,0.0
997,452.732,451.01,444.79959241019964,79.21916898409611,0.0
998,453.829,451.31,446.3797226421987,79.07511857317638,0.0
999,454.67,451.05,447.66593184704243,87.63113820020655,11.400000000000034
1000,455.9,452.39,450.4029106485453,59.00784044857352,0.0
1001,458.49,455.56,452.6958624790763,61.69977026037685,0.0
1002,457.16,453.86,453.0591261344931,61.004773396300834,0.0
1003,458.4,455.45,454.4953662121606,76.95799932828405,0.0
1004,459.56,455.56,455.69994981429585,86.66592863679648,7.170000000000016
1005,460.7021,458.2,456.7783897297565,89.17053956952587,0.0
1006,462.23,460.08,457.968346925046,89.2882679123029,0.0
1007,465.15,460.83,459.6108649138037,88.65148105085798,0.0
1008,467.0,464.99,461.4561636729262,89.7320197232555,0.0
1009,470.65,466.92,463.53108029804815,90.77214512050573,12.449999999999989
1010,470.23,468.2031,465.03061655436915,90.94984095896211,0.0
1011,469.57,465.88,465.4752203204552,90.77626502419861,0.0
1012,467.38,462.04,465.2458080250814,80.74057410930772,0.0
1013,465.29,463.75,465.1392311749441,63.71821377496471,0.0
1014,467.86,464.11,465.36235318295104,61.83733793966572,8.189999999999998
1015,468.81,466.23,465.56310414174334,69.22752079798776,0.0
1016,470.485,467.07,465.9235264062174,73.00691002456898,0.0
1017,469.19,467.48,466.00413353552545,73.33946622630974,0.0
1018,470.01,466.34,466.1150469871234,74.45233803539122,0.0
1019,470.94,468.5,466.1323767740081,76.21874528697003,4.7099999999999795
1020,470.56,466.27,462.6772284654942,56.34190840022306,0.0
1021,465.74,460.25,462.69570219595835,51.803804138426564,0.0
1022,470.86,460.74,463.4588221546864,47.52186826598349,0.0
1023,472.87,464.8,463.5578324037303,60.38675258474319,0.0
1024,464.74,458.06,463.4816134138482,52.60299907942228,14.810000000000002
1025,465.74,456.5973,469.2590163506944,50.80489423503467,0.0
1026,469.85,462.05,469.29134446012426,41.96568682865831,0.0
1027,473.2,468.94,469.38582816531857,48.640635561342734,0.0
1028,472.88,463.44,468.9092227593836,49.047819792934185,0.0
1029,465.09,459.9,468.55274381931633,29.2662185834038,16.60269999999997
1030,450.28,439.81,439.48741801230256,34.97381067066874,0.0
1031,453.63,446.9384,439.6403330484618,44.17371336896869,0.0
1032,458.12,453.05,439.9465799711459,47.40271632387754,0.0
1033,452.97,445.71,439.9756734250139,55.524736196306556,0.0
1034,452.78,443.83,440.30786642353917,43.65478536283008,18.310000000000002
1035,450.99,445.85,440.4764011244098,49.21885232684259,0.0
1036,451.92,445.22,441.26278307244667,49.6483380148624,0.0
1037,457.88,455.005,443.14377957056314,56.47617957085629,0.0
1038,457.71,447.2,443.5277974036438,67.99789613866918,0.0
1039,451.605,438.94,443.50804416127045,55.32381387505226,18.939999999999998
1040,438.2,430.7,437.6537360382898,46.22639708329886,0.0
1041,437.17,427.21,437.4511258198347,43.592921723182585,0.0
1042,439.72,431.57,437.4612902858121,34.77982156339198,0.0
1043,441.11,433.8,437.40834408642024,47.208632010595515,0.0
1044,433.37,427.88,437.3293259775745,48.51883027888853,13.900000000000034
1045,432.3018,419.36,436.5482693275801,45.177168178315156,0.0
1046,427.21,415.12,435.7598036429927,18.823939741584567,0.0
1047,429.51,422.83,435.6503583039034,29.134770941222243,0.0
1048,426.43,420.44,435.56247162139255,45.30759401467886,0.0
1049,428.77,419.53,434.54886224493765,44.61601970221859,17.18180000000001
1050,424.55,415.79,433.27246180632665,41.51673446025237,0.0
1051,426.84,418.42,433.197593809701,41.338068277286936,0.0
1052,435.68,424.8,433.21555917629775,49.04746487590237,0.0
1053,441.07,433.19,433.3169464008689,77.05272083632875,0.0
1054,444.86,437.22,433.66674316392425,78.04627345341055,29.069999999999993
