,SPY_high,SPY_low,KAMA,MI,weekly_range
0,209.7295,207.2,0.0,0.0,0.0
1,208.289,205.78,0.0,0.0,0.0
2,208.68,204.18,0.0,0.0,0.0
3,207.43,205.14,0.0,0.0,0.0
4,204.14,201.51,0.0,0.0,8.21950000000001
5,193.41,189.82,198.50008393524212,23.71742821996674,0.0
6,194.55,191.14,197.67766522234464,23.814163535565914,0.0
7,194.86,188.38,194.93948282396772,24.172643943214123,0.0
8,193.26,187.66,194.41642998895065,24.587343897367223,0.0
9,188.76,185.52,193.1780043637975,24.77576076811431,9.340000000000003
10,194.58,191.84,190.5796010389417,25.6643161115963,0.0
11,191.97,189.54,190.5733130820057,25.800672552241895,0.0
12,191.78,187.1,190.60132591786484,26.03900144469538,0.0
13,192.75,189.96,190.63642640647586,26.252950387506143,0.0
14,191.6696,187.2,190.58831976176637,26.514913635480077,7.480000000000018
15,186.12,182.8,190.50317322050873,26.704354681969058,0.0
16,186.94,183.2,190.25837207898465,26.824753163345317,0.0
17,188.34,185.12,190.1252875506573,26.91504060244168,0.0
18,184.1,181.09,189.6244990498689,26.925791451875753,0.0
19,186.65,183.96,189.32781902277293,26.76719612588523,7.25
20,196.23,193.33,191.96469514024366,23.50205440636603,0.0
21,198.21,194.4542,192.6409366973631,23.57761385437358,0.0
22,199.06,197.25,193.15719066602995,23.629509393031647,0.0
23,199.795,198.11,193.92712110764995,23.568606033870623,0.0
24,201.35,199.03,194.7370315507305,23.5401555060685,8.019999999999982
25,201.07,199.25,195.27027848326802,23.458882813488216,0.0
26,199.92,198.21,195.57504302563882,23.393782615764856,0.0
27,199.79,198.43,195.96203288728427,23.33036982740884,0.0
28,201.07,197.38,196.19756194729112,23.329692765949464,0.0
29,202.81,199.5179,197.07846410499704,23.426980629212522,5.430000000000007
30,203.04,201.77,198.1880550057513,23.37013017689008,0.0
31,202.5307,201.05,198.5823283462348,23.28154407329501,0.0
32,203.82,201.55,199.0949303202331,23.211450688186794,0.0
33,205.23,202.77,199.78284125626226,23.1934845898088,0.0
34,204.78,203.8,200.22729832206542,23.112102356044115,4.179999999999978
35,207.07,205.89,203.41563156883322,23.40227859884826,0.0
36,206.2642,203.89,203.42293291930235,23.473824131108007,0.0
37,206.49,203.98,203.5016841802174,23.5118691141168,0.0
38,205.56,203.09,203.50529343401084,23.63902679418705,0.0
39,205.85,203.87,203.5211000655247,23.785608911228202,3.9799999999999898
40,208.66,207.54,206.62609778740318,23.832103474109545,0.0
41,209.52,208.36,206.9011463228146,23.86233248349392,0.0
42,209.81,208.05,207.03135099274343,23.93505175979741,0.0
43,209.76,206.96,207.03670184209088,24.165293035178816,0.0
44,207.13,205.03,207.01251019058662,24.40845988096116,4.780000000000001
45,208.18,206.41,207.03730837173376,24.643338621250333,0.0
46,206.8,205.28,206.94993683510916,24.689061846591283,0.0
47,205.85,204.42,206.68609618211156,24.74169263934803,0.0
48,205.98,204.47,206.50204076898393,24.824315049910556,0.0
49,205.77,203.88,206.4457925221748,24.769123401605757,4.300000000000011
50,206.4,205.36,206.4154845630767,24.725487350623183,0.0
51,208.5,206.64,206.43283412046023,24.662597186925513,0.0
52,208.54,206.5,206.4353703487221,24.597365312312895,0.0
53,207.4899,205.37,206.43676416089409,24.545926312606525,0.0
54,206.86,204.38,206.40177770997445,24.57807704464214,4.159999999999997
55,207.34,204.89,206.40797301527402,24.641133460908115,0.0
56,206.8,204.23,206.38233194399447,24.69815557615941,0.0
57,206.3,203.63,206.37569749426564,24.856450140421646,0.0
58,204.54,202.78,206.35451611124356,25.02267485597958,0.0
59,206.1,204.86,206.34972030421204,25.17188433404322,4.560000000000002
60,205.84,204.985,206.33811227380278,25.141891695728674,0.0
61,208.24,206.14,206.35105217128978,25.18951998153588,0.0
62,209.77,207.8691,206.46572113765112,25.24577862620801,0.0
63,209.71,208.97,206.58031665248203,25.19754932699059,0.0
64,210.25,209.47,207.0319147548929,25.101760370354015,5.264999999999986
65,211.77,210.51,209.69885158946602,24.84201523775906,0.0
66,212.34,211.5,210.308389384008,24.659362562678794,0.0
67,212.52,211.6899,210.857582995365,24.478185366192534,0.0
68,212.22,211.19,211.04486185434837,24.33170525154957,0.0
69,210.86,209.43,211.0291822508027,24.251290587239982,3.0900000000000034
70,210.37,208.35,210.91987491115123,24.249746767008265,0.0
71,208.74,206.9199,210.78736787789114,24.356806916966764,0.0
72,209.36,207.53,210.592321232538,24.450178376518693,0.0
73,208.57,205.59,210.44113121613802,24.629617161135776,0.0
74,207.2,205.75,210.05947147465633,24.68951537175768,4.780000000000001
75,209.61,207.75,209.88129061047823,24.681990822797264,0.0
76,208.92,207.78,209.77281846429045,24.56858909384207,0.0
77,209.5,207.93,209.56171482039545,24.427096632199813,0.0
78,210.87,209.27,209.58198540772756,24.27096872995712,0.0
79,210.8463,202.72,208.99273106550427,24.73732285984395,8.150000000000006
80,201.6,198.65,207.9023241415824,25.141512638156925,0.0
81,203.23,201.12,207.72797665818717,25.47891382483427,0.0
82,206.93,204.72,207.71986110194027,25.674399622819315,0.0
83,209.54,206.56,207.73441233233223,25.841478887236647,0.0
84,210.49,209.29,207.77358001269562,25.96953047527235,11.840000000000003
85,214.07,212.95,208.60275602865616,26.220259051614285,0.0
86,215.3,214.25,210.62228756089934,26.110324314341366,0.0
87,215.45,214.35,211.8376852710232,26.031681227764484,0.0
88,216.67,215.66,212.93466870139582,25.968869218177947,0.0
89,217.0125,215.308,213.4849505161239,25.956896226642517,4.0625
90,216.6,215.67,214.0564015685656,25.86337723603144,0.0
91,216.23,215.63,214.7320625863321,25.613527034614105,0.0
92,217.37,216.24,215.48174726277537,25.342944654684267,0.0
93,217.22,215.75,215.6531002697005,25.106523355403205,0.0
94,217.3,216.1,215.94745359727466,24.758190719331225,1.740000000000009
95,217.06,215.97,216.02067065244003,24.500075286139644,0.0
96,217.17,215.76,216.063459568401,24.303934857630857,0.0
97,217.27,215.62,216.085167126188,24.25366786706765,0.0
98,217.11,215.75,216.1000442002298,24.22331445560813,0.0
99,217.54,216.13,216.14796225810608,24.209830397313315,1.9199999999999875
100,217.65,216.405,216.16075523137184,23.635913618281272,0.0
101,216.83,214.57,216.15001724981755,23.324582632778736,0.0
102,216.245,215.13,216.1519807669704,23.10698058678649,0.0
103,216.78,214.25,216.1541817131264,23.097268642492562,0.0
104,218.23,217.07,216.20258628572088,23.016512062211383,3.9799999999999898
105,218.52,217.74,216.29512429898256,22.96873304444372,0.0
106,218.76,217.8,216.3958367435349,22.951191492225696,0.0
107,218.4038,217.23,216.43672117311107,22.88378268904327,0.0
108,218.94,217.95,216.56451295156896,22.813797348465524,0.0
109,218.71,217.99,216.6261107665468,22.70002290015437,1.710000000000008
110,219.5,218.88,216.78452502966994,22.619284609544867,0.0
111,218.68,217.96,216.88143502800676,22.58123275677911,0.0
112,218.53,217.02,216.99042669228425,22.68343924850795,0.0
113,218.9,218.21,217.1497470307691,22.771686738683567,0.0
114,218.75,217.74,217.16762620681067,22.835080223971413,2.4799999999999898
115,218.8,217.83,217.18618434869376,22.943628797140953,0.0
116,219.6,218.9,217.22168153657572,23.073640263201934,0.0
117,218.91,217.36,217.22700229812833,23.296385736948537,0.0
118,218.19,217.22,217.24181303233132,23.445431749340443,0.0
119,219.12,216.25,217.24326683354047,23.840287232227933,3.3499999999999943
120,218.665,217.4,217.26642293401628,24.152793535739825,0.0
121,218.59,217.35,217.2696275852135,24.363524947456696,0.0
122,217.75,216.465,217.27509230691803,24.478923700019728,0.0
123,217.73,216.03,217.28199587932187,24.613817664017045,0.0
124,218.87,217.7,217.2903337220795,24.683804571873317,2.8400000000000034
125,214.88,213.03,216.08195992588657,26.570199834629683,0.0
126,214.59,213.38,215.88006462760578,26.725769549151117,0.0
127,216.03,213.44,215.87836349940343,26.95097644617622,0.0
128,217.53,216.71,215.89295049883955,26.959786726785087,0.0
129,216.88,215.88,215.89572622559018,26.952354164279054,4.5
130,215.23,214.01,215.85483377590808,26.905514357335168,0.0
131,215.68,213.62,215.84566425034066,26.915765961829226,0.0
132,216.82,214.71,215.88546455732975,27.00985142420878,0.0
133,216.87,214.04,215.87520264182515,27.08662319427445,0.0
134,217.12,215.36,215.89272710763012,27.14264235531703,3.5
135,216.04,215.04,215.8893709171031,26.845638107420434,0.0
136,216.17,213.99,215.87265335781873,26.674316311912747,0.0
137,216.13,215.33,215.87134535279165,26.467323841603772,0.0
138,216.04,214.735,215.86963239992818,26.280941028406684,0.0
139,216.3,214.19,215.8585386173903,26.138268695379065,2.3100000000000023
140,216.7,215.985,215.8676654571115,25.96328502981441,0.0
141,215.74,212.58,215.79533239406865,25.995540786902612,0.0
142,214.32,213.01,215.69212687146322,26.026011685332435,0.0
143,213.59,211.21,215.61822840528896,26.171249349243276,0.0
144,214.69,213.03,215.40452863614004,25.95572522585118,5.489999999999981
145,213.39,212.17,215.12863695695833,25.458490115569823,0.0
146,214.31,213.27,215.10447182744684,24.996754265005887,0.0
147,214.64,213.6,215.08323573171708,24.606914285155934,0.0
148,214.53,213.11,215.03714483441968,24.247132304346277,0.0
149,214.08,212.76,215.0153724681481,24.055434389100952,2.469999999999999
150,215.32,214.48,215.01209491348376,23.86480939646706,0.0
151,214.98,213.98,214.9954585862526,23.74646589299767,0.0
152,214.42,212.93,214.9897346954255,23.623449442981904,0.0
153,214.62,213.08,214.97782453084443,23.652358580762503,0.0
154,213.93,211.71,214.943252569754,23.844206958080086,3.609999999999985
155,213.19,212.36,214.92693583068856,23.96214810095468,0.0
156,212.99,209.6,214.47143368350237,24.230834731303876,0.0
157,211.1,209.23,213.3813944941845,24.409258590476878,0.0
158,210.24,208.46,212.2556515470583,24.451629812798547,0.0
159,209.89,208.38,211.27562183752477,24.47459622588806,4.810000000000002
160,213.19,211.3,211.3236737325107,24.587448614115786,0.0
161,214.77,212.38,211.33646009966952,24.6960731362127,0.0
162,217.1,212.34,211.51803803551735,25.11478285719734,0.0
163,218.31,215.22,211.82423222459587,25.511484077626328,0.0
164,216.7,215.32,212.10214466943367,25.677291761860058,7.009999999999991
165,217.27,215.72,212.38504620882273,25.839652846779465,0.0
166,218.28,216.8,213.3113682724555,25.75599753932991,0.0
167,218.14,217.42,214.28250550171575,25.63118789194175,0.0
168,219.06,217.92,215.74167172866186,25.413659171666623,0.0
169,219.27,218.29,216.5294919037044,25.193748934460864,3.5500000000000114
170,226.96,225.76,222.66648536064926,24.330288021580202,0.0
171,228.34,227.0,223.8154054627309,24.264434913156748,0.0
172,228.23,225.365,224.07563608704467,24.313935552536005,0.0
173,227.81,225.8904,224.6121336051121,24.132360172949188,0.0
174,226.08,224.67,224.65309169888974,23.919797902648973,3.670000000000016
175,227.0701,226.4163,224.86562439748334,24.94381207229601,0.0
176,227.45,226.01,224.88871358655368,24.995570172190842,0.0
177,227.1,225.59,224.92364705683997,25.09256220408361,0.0
178,226.75,224.955,225.02501757714185,25.235840275801152,0.0
179,227.4,226.69,225.1906711620397,25.00693755552735,2.494999999999976
180,228.2,226.41,226.1521771962173,24.4351076948491,0.0
181,227.6,226.32,226.18669590776244,24.61417653285998,0.0
182,228.59,226.94,226.21151605927795,24.889503142245943,0.0
183,228.1,226.82,226.28819953244303,25.148423925176427,0.0
184,229.55,228.46,226.50041595117048,25.150672208454324,3.230000000000018
185,229.326,228.54,226.69428734332067,25.11321351082253,0.0
186,229.6556,228.72,226.77865378369117,24.934685312916397,0.0
187,229.39,228.31,226.80736157498743,24.71599230716141,0.0
188,230.95,229.52,226.95742599782815,24.62497938246109,0.0
189,231.77,230.6216,227.39386285061653,24.585715722609393,3.460000000000008
190,237.31,236.35,236.45897442194553,24.784725860285718,0.0
191,236.95,236.015,236.46119369232088,24.700699786448695,0.0
192,240.32,238.37,237.33147191614978,24.683078949214945,0.0
193,239.57,238.21,237.41745240741028,24.720753176119672,0.0
194,238.61,237.73,237.52604774098862,24.77506364335386,4.305000000000007
195,238.12,237.01,237.5370544743331,24.854206071527095,0.0
196,237.77,236.76,237.5314043086105,24.810672081287134,0.0
197,237.64,236.4,237.5244140171339,24.784904531301628,0.0
198,237.24,235.74,237.5184830237702,24.760056203294855,0.0
199,238.02,236.59,237.5213058635032,24.77323680707606,2.3799999999999955
200,237.86,237.24,237.52498267291907,24.72730665592424,0.0
201,237.24,236.19,237.51954022115692,24.73983814735379,0.0
202,239.44,237.29,237.54340778674563,24.91802630258981,0.0
203,239.2,238.1,237.54992507794003,25.038397135662617,0.0
204,237.97,237.03,237.53502788334995,25.049939040141027,3.25
205,236.03,233.91,236.18516740315812,26.255784736589113,0.0
206,235.58,234.555,236.1315707176771,26.244240193381724,0.0
207,237.39,234.54,236.11109250886707,26.25200928898344,0.0
208,236.04,234.425,236.07934712350533,26.232307398596063,0.0
209,236.0,234.64,236.04127034331862,26.233764549702556,3.4799999999999898
210,237.41,234.5628,235.05982234087543,26.25676445491621,0.0
211,238.95,237.81,235.22501575040283,26.29795094058839,0.0
212,239.53,238.35,235.3863367237069,25.93412882237395,0.0
213,238.95,237.98,235.67618323886597,25.615523412336156,0.0
214,238.93,237.93,236.0212027832113,25.314025356215957,4.967199999999991
215,239.17,238.195,236.31643847656983,24.99394207834171,0.0
216,238.98,238.3,236.72407149332625,24.618065663925545,0.0
217,238.8775,237.7,237.03862075728924,24.24505337971542,0.0
218,238.9225,237.78,237.26869526354125,24.030355944995975,0.0
219,239.72,238.68,237.88190696940018,23.8951550055682,2.0200000000000102
220,239.92,239.17,238.16419868980776,23.818378271024578,0.0
221,240.19,239.04,238.22904546276172,23.710560492294004,0.0
222,239.87,239.15,238.38644950253726,23.63393179034307,0.0
223,239.57,238.13,238.42043400700823,23.504227700796704,0.0
224,239.4273,238.67,238.44461637877149,23.369662277435776,2.0600000000000023
225,240.44,239.45,238.59142220805808,23.292768237633084,0.0
226,240.67,239.63,238.67354988809154,23.2478981143467,0.0
227,238.64,235.75,238.4941131722424,23.45457304060294,0.0
228,237.75,235.43,238.4293712844666,23.775181620788054,0.0
229,239.08,237.27,238.42670981725897,24.009108478777353,5.239999999999981
230,239.71,238.82,238.43240140390597,24.102365021519873,0.0
231,240.24,239.51,238.44758325466643,24.113401255987014,0.0
232,240.73,239.93,238.4706718881093,24.043420347461126,0.0
233,242.08,240.96,238.5803056190196,23.933742204158992,0.0
234,241.9,241.45,238.7104812553025,23.800254907729542,3.2600000000000193
235,244.3,243.76,242.6221919387614,23.609131776987834,0.0
236,243.98,243.12,242.7258940233172,23.670008376553184,0.0
237,243.92,242.83,242.88819070814813,23.802166480794575,0.0
238,244.33,243.17,243.02920358256603,23.932826090949856,0.0
239,245.01,241.95,243.0559920511349,24.322589392427883,3.0600000000000023
240,243.42,242.38,243.07737856374374,24.591733273176757,0.0
241,244.61,243.5799,243.28360818795232,24.81446098317697,0.0
242,244.87,243.29,243.3924407928651,25.019526042983955,0.0
243,243.91,242.36,243.39758369920813,25.258205800065753,0.0
244,242.83,241.6337,243.35138303950384,25.366458037800165,3.2363
245,244.73,243.48,243.37120386551533,25.48839180268961,0.0
246,244.26,242.99,243.36889011025636,25.584997252754018,0.0
247,243.59,242.41,243.36260155364621,25.643141514438934,0.0
248,243.53,242.64,243.352149541991,25.378864573165902,0.0
249,243.51,242.47,243.3504418696235,25.037293119948895,2.319999999999993
250,244.38,243.045,243.35014384115505,24.768567592847088,0.0
251,243.38,241.31,243.16574065301168,24.753348173454345,0.0
252,243.715,242.23,243.1696380045417,24.841420153798804,0.0
253,243.72,239.955,243.10444820631724,25.23776529268467,0.0
254,242.71,241.575,243.08852099030568,25.478063063162427,4.424999999999983
255,242.8,241.76,242.92657083022664,26.06451460183741,0.0
256,242.55,240.85,242.91593287941402,26.140508884685453,0.0
257,244.2,243.3,242.96046074968314,26.1635447958333,0.0
258,244.55,243.76,242.98163962190313,26.103430450145588,0.0
259,245.97,244.31,243.29008967111923,26.07718286117438,5.1200000000000045
260,245.91,245.33,243.52811713907727,25.688845658922652,0.0
261,245.72,244.67,243.73899082079046,25.41867289759974,0.0
262,247.0,246.01,244.12453078787294,25.223356621958057,0.0
263,247.42,246.47,245.306927590057,25.006161267586023,0.0
264,246.91,246.18,245.8264573172915,24.75764075192098,2.75
265,246.98,246.28,246.13580103634544,24.534357611385385,0.0
266,247.8,247.16,246.60251351067672,24.31624746604248,0.0
267,247.79,247.13,246.87539504680882,24.10652654461209,0.0
268,248.0,245.68,246.95595959176117,24.177349165202976,0.0
269,247.06,246.13,246.9508145893695,24.252609383762614,2.319999999999993
270,247.48,246.53,246.93412285182828,24.31325889977017,0.0
271,247.5,246.716,246.98055393837893,24.29928690579169,0.0
272,247.6,246.37,246.99557448222097,24.212611156183407,0.0
273,247.34,246.64,246.99524840978424,24.077344827116093,0.0
274,247.79,246.97,247.0077243807854,23.68097071973667,1.4199999999999875
275,247.87,247.37,247.06352303126934,23.37990205888346,0.0
276,248.91,246.83,247.065235603171,23.394444074639637,0.0
277,247.31,246.06,247.06697288146265,23.45935591763155,0.0
278,246.44,243.7,246.59354818326304,23.72059502396165,0.0
279,244.8,243.75,246.34593919897026,23.85066755339676,5.210000000000008
280,246.79,245.55,246.34718088968523,23.99203357414225,0.0
281,247.0,246.16,246.3496191707118,24.016402726991096,0.0
282,247.57,246.45,246.35540129746974,24.086679799389003,0.0
283,246.6,243.09,246.13981586955867,24.491674200427358,0.0
284,244.189,242.2,245.83200664323022,24.797176678807077,5.3700000000000045
285,243.2,241.83,245.5340537268721,25.084266354171927,0.0
286,245.62,243.55,245.53208959379194,25.373847336542774,0.0
287,245.05,244.16,245.50208455780952,25.540190872063945,0.0
288,245.18,243.75,245.4932576381355,25.684939374297166,0.0
289,245.61,244.39,245.48621723875522,25.81904873566533,3.789999999999992
290,245.2,244.09,245.45312654263464,25.93655891037559,0.0
291,245.15,242.93,245.4361920245438,26.17007365549643,0.0
292,246.32,244.62,245.44420983788072,26.413593542353393,0.0
293,247.77,246.0473,245.7605557310688,26.400033994342117,0.0
294,248.33,247.67,246.1801521596106,26.320568779164557,5.400000000000006
295,250.12,249.28,248.13189889677452,24.794814399473605,0.0
296,250.07,249.6,248.46574650045488,24.45145713502608,0.0
297,250.19,248.92,248.71431688869458,24.30711953610935,0.0
298,249.98,249.185,248.7757840133544,24.186495044525735,0.0
299,249.63,249.02,248.85442399142414,23.760999574131578,1.2700000000000102
300,249.5532,248.08,248.8552771630224,23.503874971726045,0.0
301,249.7,248.805,248.86809961346086,23.335336164008712,0.0
302,250.49,248.87,248.8759926145392,23.27126982391197,0.0
303,250.44,249.63,248.89071404777113,23.266864187801943,0.0
304,251.32,250.13,249.16704515563967,23.303990760883316,3.2399999999999807
305,252.32,251.2926,249.62271425085282,23.36248822830195,0.0
306,252.89,252.23,250.13033569469897,23.387128972224577,0.0
307,253.44,252.56,250.63070926946088,23.30473205196467,0.0
308,254.68,253.196,251.93533107902036,23.30938637158987,0.0
309,254.7008,253.85,252.59145427958038,23.26704044153552,3.4081999999999937
310,254.7,253.65,252.97869845784138,23.338328119155047,0.0
311,255.05,253.98,253.46408678519796,23.28362227257879,0.0
312,255.02,254.32,253.9058648727747,23.24963881355762,0.0
313,255.06,254.365,254.06377017973168,23.248025967163105,0.0
314,255.27,254.64,254.23861741833213,23.264369285128446,1.6200000000000045
315,255.51,254.82,254.41688908777363,23.249427600502294,0.0
316,255.52,254.98,254.57922582313293,23.25810083812501,0.0
317,255.95,255.5,254.75249584102735,23.272902741551643,0.0
318,255.83,254.35,254.8281770396995,23.479916031372806,0.0
319,257.14,255.7744,255.27937664533982,23.782518302214683,2.789999999999992
320,257.51,256.02,255.36921578834762,24.1353719073489,0.0
321,256.83,256.15,255.48592297117776,24.42463340326353,0.0
322,256.31,254.0,255.48420265364786,24.80206968523987,0.0
323,256.3,255.48,255.48819301821186,25.051699723849136,0.0
324,257.89,255.6254,255.67786488081356,25.45353405027325,3.8899999999999864
325,257.6,256.41,255.71089392064175,25.634013821623892,0.0
326,257.44,256.805,255.76218763110265,25.690199976904886,0.0
327,258.43,257.07,255.8272281381705,25.647110963253898,0.0
328,257.75,256.19,255.89476404751142,25.699358397828675,0.0
329,258.5,257.3,255.966850837613,25.701793481747682,2.3100000000000023
330,259.0,258.22,256.215495964873,25.643373382181643,0.0
331,259.35,258.09,256.36628117455564,25.66931992834722,0.0
332,259.22,258.15,256.90133668608615,25.688744458879533,0.0
333,258.39,256.36,257.0105114748016,25.73274466743828,0.0
334,258.2926,257.37,257.0243444563979,25.746474952812946,2.990000000000009
335,258.59,257.27,257.14465952882495,25.76047474380994,0.0
336,257.85,256.52,257.157492631314,25.77217043694945,0.0
337,257.22,255.63,257.13219738375625,25.872865091647352,0.0
338,259.04,257.4748,257.16591334083614,26.024587401632466,0.0
339,258.5882,257.77,257.1750103861387,26.124099236341777,3.410000000000025
340,266.38,265.4793,263.5535613903884,26.35104633071945,0.0
341,267.32,266.345,263.9802970009378,26.25331584472854,0.0
342,267.56,266.65,264.37775565126805,26.104196762431442,0.0
343,267.22,265.6,264.3976162487313,26.023685890742858,0.0
344,267.04,265.39,264.5246704155921,25.869206170867134,2.170000000000016
345,274.1,272.98,269.94336455264863,24.99931164526279,0.0
346,275.25,274.081,271.09883146352973,24.535520565286475,0.0
347,274.42,272.92,271.8264585889646,24.16460534568561,0.0
348,276.12,274.56,272.98283467005365,23.928388820371158,0.0
349,278.11,276.0819,274.38685058130955,23.92883244424427,5.189999999999998
350,286.43,284.5,283.14683266165235,26.165773683132247,0.0
351,284.736,281.22,283.0604841129373,26.39592377681344,0.0
352,283.3,280.68,283.0270021376821,26.662899387391022,0.0
353,283.06,280.68,282.98112482207614,26.953410412124427,0.0
354,280.23,275.41,282.5746981863958,27.397468211037847,11.019999999999982
355,275.85,263.31,278.23804729047106,28.344037268356388,0.0
356,269.7,258.7,277.2219934406266,29.145108036937877,0.0
357,272.36,267.58,276.06778244602395,29.621778767629053,0.0
358,268.17,257.59,272.74153222603985,30.05564648037726,0.0
359,263.61,252.92,270.8362472520558,30.433546360252723,22.930000000000035
360,278.01,275.26,272.95279669604736,28.804463291499587,0.0
361,278.92,274.36,273.0962517284547,28.557034212156296,0.0
362,276.19,271.29,273.0356534909708,28.452970032322554,0.0
363,273.17,266.0,272.9702411196464,28.38485821057519,0.0
364,269.72,264.82,272.85794651354655,28.34998115453955,14.100000000000023
365,272.89,267.61,272.85298845243705,28.284455840774736,0.0
366,273.39,271.18,272.85326275758126,28.158600864000906,0.0
367,273.18,270.2,272.85192798276915,27.90008218141349,0.0
368,274.24,272.42,272.8823796175545,27.593568510515233,0.0
369,278.87,275.34,273.0467492935761,27.345788766185738,11.259999999999991
370,279.91,278.0801,273.08314661345355,26.912045183008978,0.0
371,280.41,276.03,273.1471033147713,26.09642005952881,0.0
372,278.02,274.67,273.2175299855029,25.25661981941533,0.0
373,276.61,274.43,273.4395761280709,24.648739920634235,0.0
374,275.39,274.14,273.4970066717411,23.94607165811788,6.270000000000039
375,263.13,254.67,263.74146352521535,24.63504535753655,0.0
376,261.31,256.84,263.59954735709414,24.939132401049974,0.0
377,264.355,256.6,263.59833825092244,25.23433192540777,0.0
378,266.64,264.32,263.63465458692724,25.331063268641167,0.0
379,265.11,258.0,263.5759510243785,25.366430112753473,11.969999999999999
380,267.89,265.35,265.1523138696752,24.722134231404297,0.0
381,267.9762,261.28,265.10886589775725,24.80019889087237,0.0
382,264.13,260.85,265.1017568250683,24.938795722150424,0.0
383,267.2452,264.29,265.10913960980287,25.02261067582413,0.0
384,267.34,265.5,265.1289423076227,24.896849359235684,7.126199999999983
385,267.89,264.43,265.1110578262887,24.65004609517314,0.0
386,265.1,262.11,265.0997803530396,24.377760902558652,0.0
387,265.68,262.76,264.87014205975856,24.031945022502214,0.0
388,263.36,259.05,264.6291687706842,23.871720623191997,0.0
389,266.7892,261.15,264.63980551963317,23.843960297995483,8.839999999999975
390,268.02,266.11,264.65346780664674,23.625328740803752,0.0
391,267.325,265.15,264.7956326649021,23.44024611497513,0.0
392,269.865,267.09,265.2336307234479,23.20666741360404,0.0
393,272.39,270.22,265.84909255318945,23.087663978127658,0.0
394,273.15,271.58,266.5445504951511,22.863496507253664,8.0
395,274.08,272.36,267.8546246420045,22.651579582269516,0.0
396,271.61,270.03,268.18059370802916,22.49952047072914,0.0
397,272.76,271.11,269.01895228174317,22.420322440147924,0.0
398,273.23,271.13,269.7079753444974,22.434008344616373,0.0
399,272.03,270.93,269.91600770930245,22.39007989587575,4.050000000000011
400,273.98,271.3512,270.4342847168934,22.46569149511501,0.0
401,274.25,272.24,270.6746791855071,22.58152044542948,0.0
402,273.39,270.99,270.8801078043304,22.78229380689597,0.0
403,273.22,270.78,270.90625572923955,23.009296324263836,0.0
404,272.86,271.58,270.9219425843194,23.10111543156444,3.4700000000000273
405,275.185,274.26,271.00825459243407,23.250690876130612,0.0
406,275.53,274.18,271.0803466368355,23.15822857136543,0.0
407,277.52,275.09,271.43262017714454,23.13809753320474,0.0
408,278.28,276.34,271.70601951479637,23.131851992161653,0.0
409,278.25,276.66,272.15458925406887,23.038088382723675,4.099999999999966
410,279.37,278.31,272.74928829610775,22.785962993297616,0.0
411,279.33,278.19,274.3715411728197,22.62148574454161,0.0
412,279.48,277.8,274.87892501579137,22.55303357093014,0.0
413,279.33,278.0599,276.05072251323367,22.48406690225902,0.0
414,277.51,275.35,276.15614980054715,22.530840847743296,4.1299999999999955
415,276.7,274.95,276.17103924008705,22.64739075738917,0.0
416,275.75,273.53,276.16533469299617,22.844459276004397,0.0
417,276.72,275.59,276.15829389937045,22.997408595045222,0.0
418,275.98,273.68,276.003094282456,23.22407481790985,0.0
419,275.785,274.49,275.8767075378439,23.37029164599821,3.1900000000000546
420,273.6162,269.1,274.8614333787456,23.810009314908772,0.0
421,272.56,270.79,274.2409818755937,24.073626395268242,0.0
422,273.865,269.18,273.20660487752303,24.48069396031018,0.0
423,271.75,268.49,272.83542633294195,24.811646679355825,0.0
424,273.66,271.1495,272.6570473417374,25.02615762457245,5.375
425,277.96,276.5,272.6836665990656,25.38196648749235,0.0
426,279.01,278.08,273.66197654565536,25.37851266545595,0.0
427,278.04,276.52,273.88738511763097,25.377241895201557,0.0
428,279.43,277.6,274.9543369017667,25.31399810170309,0.0
429,279.93,278.66,275.77554082238737,25.20801323026271,3.430000000000007
430,279.803,278.84,276.33973837287317,25.07809622394687,0.0
431,280.91,278.41,277.0260464064782,25.1035324492695,0.0
432,281.18,280.06,277.9537931383006,25.1152778396049,0.0
433,280.74,279.46,278.2336171474401,25.081996445652905,0.0
434,280.48,279.5,278.3516366880331,25.02834397812035,2.769999999999982
435,280.43,279.06,278.431744860898,24.91411185098459,0.0
436,282.56,280.63,278.5953542606913,24.856527986025,0.0
437,284.37,281.28,279.8330160797057,24.903923752329806,0.0
438,284.11,283.09,280.2467134492734,24.92514420378683,0.0
439,283.82,280.38,280.2813483917142,25.039598874233473,5.310000000000002
440,281.69,279.36,280.2782638102603,25.197579846576637,0.0
441,282.02,280.38,280.29067387665947,25.035639684188595,0.0
442,282.13,280.1315,280.2938661105699,24.95153273611939,0.0
443,282.58,279.16,280.3644874153049,24.80769420191186,0.0
444,283.6577,282.33,280.56087306042923,24.586949369464794,4.497699999999952
445,284.99,283.2015,280.84207194737417,24.414373757542766,0.0
446,286.01,285.24,281.1334270883505,24.174156224639233,0.0
447,285.91,284.94,281.22531963867164,23.92563104238175,0.0
448,285.97,284.915,281.3287411336074,23.704411047420788,0.0
449,284.055,282.36,281.3784055684473,23.508302538417148,3.6499999999999773
450,284.16,281.77,281.4053774632815,23.507244332400536,0.0
451,284.17,282.05,281.5178365636273,23.644152119566655,0.0
452,282.54,280.16,281.52102166947714,23.852062050652016,0.0
453,285.04,283.36,281.5726878738536,24.014974223024716,0.0
454,285.5601,283.37,281.63526722390606,24.22980478803714,5.400099999999952
455,285.97,285.06,281.688839030512,24.385942685303945,0.0
456,287.31,285.7135,281.73797251277267,24.437686615863193,0.0
457,286.76,285.575,281.7823936332653,24.491991969723106,0.0
458,286.94,285.43,281.82298847553,24.564930906007405,0.0
459,287.67,286.38,282.2891637510453,24.65520496367858,2.6100000000000136
460,289.9,288.68,283.6086709356975,24.71227878395877,0.0
461,290.4175,289.4,284.53744185620855,24.66915477551313,0.0
462,291.74,289.8854,287.0814194159439,24.539941892824107,0.0
463,291.36,289.63,287.73863614148917,24.54085733268551,0.0
464,290.81,289.29,288.208493440388,24.3848445366295,3.0600000000000023
465,290.86,289.03,288.51814369714066,24.740496229356623,0.0
466,291.58,289.55,288.56605799615545,24.785140324808246,0.0
467,291.69,290.825,288.70247465903367,24.702374313229686,0.0
468,293.94,291.2363,289.4976724418024,24.697003457503563,0.0
469,293.22,291.81,289.7414168128145,24.67910440671718,4.910000000000025
470,291.5,290.37,289.80479138942457,24.582033956117808,0.0
471,291.65,290.4833,289.829771532375,24.55227987678404,0.0
472,292.24,289.41,289.83032773979676,24.67027322236698,0.0
473,291.91,290.1,289.8348674876423,24.815984838928447,0.0
474,291.28,289.95,289.8396950780919,24.899606427078798,2.829999999999984
475,292.93,290.98,289.9242663669335,25.020559609801833,0.0
476,292.355,291.14,289.94448080161663,25.09908102437161,0.0
477,293.21,291.32,289.96261238538284,25.233968718069093,0.0
478,291.24,287.66,289.8910594112455,25.466352220034327,0.0
479,290.27,286.22,289.60583442619946,25.782596118452084,6.989999999999952
480,288.22,285.5,289.40970669653456,26.04181636050715,0.0
481,288.86,286.77,289.17980953469544,26.208558975270176,0.0
482,286.91,277.88,286.33333270744487,26.73595564311289,0.0
483,278.9,270.36,281.2754736772212,27.262534327689714,0.0
484,277.09,272.37,280.31344506412364,27.606753231599114,18.5
485,277.04,274.3,278.95977323407124,27.832047788710184,0.0
486,280.82,276.07,279.0735038626646,27.935700956460455,0.0
487,281.15,277.56,279.1844658869764,28.006636622743137,0.0
488,280.07,274.97,278.9260524484183,28.166247666375355,0.0
489,279.3,275.47,278.7047074473162,28.304763652315785,6.849999999999966
490,277.36,274.41,278.36756714385143,28.336651139910693,0.0
491,274.87,268.61,277.90219658753404,28.410267778684513,0.0
492,273.76,264.7,276.7395970729398,28.714947307752745,0.0
493,271.81,266.23,276.66650720626865,28.843364045944565,0.0
494,271.0,262.29,275.8831639925745,29.079045657780508,15.069999999999993
495,270.25,259.85,275.0587105208543,29.437251259323208,0.0
496,268.12,263.12,274.32428055480824,29.697704175184292,0.0
497,273.23,270.12,274.10369651530556,29.67615475585432,0.0
498,273.73,270.38,274.09523324583904,29.583370594868764,0.0
499,275.23,269.59,274.0497329979061,29.55944225482661,15.379999999999995
500,274.01,271.35,274.0439423170653,29.433152747065083,0.0
501,275.3,273.25,274.0529396940309,29.29149943409752,0.0
502,281.1,277.08,274.9832882720103,29.13966018959037,0.0
503,281.22,279.22,275.4662270424944,28.764148432070296,0.0
504,279.24,276.18,275.76779921069175,28.27284913262243,9.870000000000005
505,277.46,271.99,275.5735956416195,27.935865667306032,0.0
506,275.325,271.25,275.4766607018317,27.706862333811536,0.0
507,274.61,268.45,275.446888577722,27.184527728024012,0.0
508,273.54,267.0102,275.4326399685086,26.643402422800147,0.0
509,274.75,271.21,275.41137972111346,26.21870850473745,10.449799999999982
510,265.1613,258.62,270.5451352435598,24.35533237449158,0.0
511,267.87,262.48,270.4302931984595,24.54278568409269,0.0
512,269.0,265.37,270.3537678277143,24.702983321495456,0.0
513,267.49,264.12,269.9075891454979,24.85738717805128,0.0
514,264.03,259.85,268.7129717478067,24.968796437773985,10.379999999999995
515,255.95,251.69,245.48578994913606,26.76941226918274,0.0
516,257.31,254.0,246.49069242912898,26.67151450700294,0.0
517,258.91,256.19,248.8930558360219,26.55828498509186,0.0
518,259.16,255.5,250.238338021919,26.460140685897905,0.0
519,259.0098,257.03,251.27391466887363,26.06915585541919,7.470000000000027
520,263.83,261.79,261.20170560038645,23.243495905793004,0.0
521,264.55,262.48,261.35810554418254,22.938566214164467,0.0
522,268.52,264.25,261.8872230760415,22.673961962189814,0.0
523,270.47,267.27,262.72371326508613,22.483161039632556,0.0
524,271.2,269.18,263.3366913633602,22.14406481302155,9.409999999999968
525,272.03,269.36,263.89485009295413,21.83859367714522,0.0
526,273.44,271.88,265.9816822758044,21.603510788554953,0.0
527,273.34,271.92,267.31622190005027,21.45778453687597,0.0
528,271.55,268.29,267.56122051190516,21.42097338265833,0.0
529,270.58,267.83,267.7408379367521,21.43816490963906,5.610000000000014
530,281.31,279.43,276.0013744054857,22.30661356713972,0.0
531,280.3,278.9,276.79956730633427,22.344707587655442,0.0
532,279.59,277.48,277.1992015617736,22.3725738337426,0.0
533,279.45,278.32,277.3544437631851,22.305899102199223,0.0
534,280.88,278.82,277.9464889528459,22.343887494365653,3.829999999999984
535,281.87,276.84,278.01854311574704,22.646017318120016,0.0
536,279.76,278.41,278.0431812383493,22.85867621410928,0.0
537,279.16,276.97,278.02945061993455,23.074717495813694,0.0
538,276.99,274.07,277.89838969594604,23.231008146908565,0.0
539,274.65,272.42,277.4007288426354,23.341836111869426,9.449999999999989
540,278.62,275.23,277.41482412235376,23.560084048470937,0.0
541,280.07,278.85,277.4256334412403,23.654770498794115,0.0
542,283.3052,280.3,277.5135353462201,23.85227809792071,0.0
543,281.84,280.6662,277.61364295540056,23.993117530769112,0.0
544,282.21,280.33,277.6545570289603,24.037334686117042,8.075199999999995
545,286.16,284.4,280.2207210639326,25.995275574052336,0.0
546,286.23,285.09,280.3952858475512,25.952515260508513,0.0
547,287.76,285.75,280.6798437074423,25.879197902995475,0.0
548,287.459,286.01,280.83098687734275,25.83068216833936,0.0
549,288.63,287.6,282.8211265021928,25.6898371121611,4.230000000000018
550,290.435,289.07,288.43202939092146,23.889850309020762,0.0
551,293.14,290.42,288.93975160885344,24.05471524524433,0.0
552,293.16,292.07,289.53878800774385,24.043660829931444,0.0
553,292.78,290.73,289.8849982793898,23.99239786188755,0.0
554,293.49,291.2401,290.5249555396734,23.844120678183398,4.420000000000016
555,294.45,293.41,290.99808880327816,23.545216567661157,0.0
556,294.34,291.92,291.4975618750476,23.417957965591803,0.0
557,294.95,291.8,291.5069237197202,23.456884388191785,0.0
558,292.7,289.52,291.49640546178915,23.523340998119977,0.0
559,294.34,291.2998,291.69116836087807,23.682476721691263,5.430000000000007
560,293.31,288.9,291.73159844528857,24.00936808661207,0.0
561,290.81,285.81,291.45689978080367,24.446732228870363,0.0
562,289.43,286.87,291.18760150240036,24.821083538153548,0.0
563,287.33,283.3,290.8314778771365,25.18123765879656,0.0
564,288.94,282.3,290.6232153738288,25.68622940407764,11.009999999999991
565,283.49,279.93,288.8812827718334,26.129215115970894,0.0
566,285.1,281.85,288.29196197750565,26.474594568796313,0.0
567,285.77,281.36,288.11226281094446,26.81454253958365,0.0
568,289.21,285.76,288.10348395180125,27.121001187830643,0.0
569,288.6,285.1207,287.9459990918327,27.385276604861673,9.279999999999973
570,285.962,283.12,287.6447972875104,27.500262147731465,0.0
571,286.93,285.55,287.6330990775951,27.527578938075944,0.0
572,286.69,285.1,287.6075054464099,27.481389987386176,0.0
573,283.21,280.57,287.45245746492014,27.351721858823037,0.0
574,284.2,282.09,287.28265089182025,27.216447200957433,6.360000000000014
575,276.5521,273.09,282.55219320129555,26.815325122828096,0.0
576,280.68,276.62,282.5048232191432,26.88769537414233,0.0
577,282.99,280.32,282.5160334964315,26.86221075450498,0.0
578,285.55,282.57,282.53263731253395,26.73210465279063,0.0
579,288.85,285.74,282.7498024526776,26.55405596269471,15.760000000000048
580,290.82,288.8734,283.04808599495016,26.306598151702325,0.0
581,291.4,288.1805,283.60604487757604,26.004399362157738,0.0
582,289.26,287.815,284.24754143904966,25.561421186568356,0.0
583,289.98,288.62,284.9872571617156,25.194029003349833,0.0
584,289.93,288.41,286.30134672002777,24.802769868312172,3.5849999999999795
585,290.22,289.18,287.41112446564836,24.24549427851937,0.0
586,293.57,290.99,289.132353144659,23.873432749079043,0.0
587,293.65,291.47,290.43357538364734,23.618884224986232,0.0
588,296.3093,293.1255,292.274063944801,23.463873611919013,0.0
589,295.52,293.76,292.53208009401266,23.324714533673784,7.129300000000001
590,294.58,293.47,292.6471430020922,23.150376012555082,0.0
591,293.73,290.64,292.60683463434435,23.130525785274678,0.0
592,292.31,290.345,292.5539677499074,23.198142847253358,0.0
593,292.06,290.89,292.52987811522087,23.255584131517104,0.0
594,293.55,292.01,292.5525525507788,23.280618004956775,4.234999999999957
595,298.2579,296.22,293.700094364322,24.12181354892582,0.0
596,297.52,295.48,293.86725668509234,24.165391733181437,0.0
597,299.66,297.78,294.8107654762353,24.09504640663105,0.0
598,299.58,298.2,295.84901527765163,23.995580927884884,0.0
599,300.73,299.51,296.97730902748935,23.849169653158018,5.25
600,301.13,300.19,297.78618248485924,23.644771870633143,0.0
601,300.88,299.44,297.9665705580401,23.50996935435474,0.0
602,299.93,297.74,297.9624788586358,23.417165668622538,0.0
603,299.25,296.7,297.9662946029478,23.487142252760155,0.0
604,300.07,296.96,297.95219301627907,23.712574023732085,4.430000000000007
605,298.5,297.04,297.95135216094474,23.891592149476757,0.0
606,300.03,298.22,298.03863835718727,24.098332892509116,0.0
607,301.44,299.09,298.18093929000435,24.257091273013753,0.0
608,301.0,299.11,298.1979488567382,24.36670381353926,0.0
609,302.23,300.62,298.2573406083609,24.347090997527513,5.189999999999998
610,302.01,300.85,298.2862375910391,24.305541693721135,0.0
611,301.17,299.49,298.315053066927,24.3412967136588,0.0
612,301.2,295.2,298.3098165903489,24.625489503108053,0.0
613,300.87,293.96,298.15725324077823,25.138407696489537,0.0
614,294.12,290.9,297.87781658711174,25.57361317657839,11.110000000000014
615,288.21,281.72,295.6147904883428,26.09992715792765,0.0
616,288.04,284.28,294.7274553118349,26.428423415361067,0.0
617,288.82,282.04,293.7567225255042,26.56593668427086,0.0
618,293.62,289.01,293.751652233001,26.72661666739926,0.0
619,293.24,289.65,293.59263043572616,26.798277092863014,11.899999999999977
620,291.6052,287.02,293.0656062646988,26.894427398036616,0.0
621,294.15,287.36,293.04529945497427,27.08594178735505,0.0
622,292.4644,283.76,292.4361749006938,27.399394198711267,0.0
623,285.64,282.39,292.06966282277057,27.62027495533927,0.0
624,289.33,284.7138,292.02462537520023,27.84046420724998,11.759999999999991
625,293.08,291.44,292.0372527971179,27.97707428572131,0.0
626,292.36,289.95,292.0163031352328,28.04338873790215,0.0
627,292.86,291.72,292.02441026287676,27.94579006652948,0.0
628,293.93,290.4,292.02703126140324,27.802089030912445,0.0
629,292.76,283.47,291.81029366258923,27.817930861292027,10.45999999999998
630,288.0,285.58,291.7938675343134,27.803350846275375,0.0
631,289.95,286.03,291.6574823047633,27.79892163850869,0.0
632,289.07,285.25,291.5716673814765,27.754093704426765,0.0
633,293.16,290.61,291.62243207023766,27.671545748693188,0.0
634,294.2399,291.42,291.6406909334072,27.59899724933608,8.989899999999977
635,301.1378,299.45,298.60672235123326,23.650189712483275,0.0
636,301.02,299.75,299.31104849331837,23.296364030038774,0.0
637,301.22,298.24,299.7835006504077,22.981556522672193,0.0
638,302.63,300.7103,300.0002785377527,22.580071861504113,0.0
639,300.67,297.41,299.9889184446791,22.42368275042452,5.21999999999997
640,299.0,297.27,299.9813442735203,22.276624592043323,0.0
641,299.84,294.81,299.82562313495123,22.459246849927275,0.0
642,298.11,294.33,299.71744044900214,22.733119726760247,0.0
643,297.86,295.45,299.4185367997076,23.024647355616835,0.0
644,297.9465,293.69,298.8563720319214,23.337358480671167,6.149999999999977
645,297.55,295.92,298.73432160333005,23.272017423124648,0.0
646,298.455,293.0,297.9056411801801,23.44658451814751,0.0
647,291.51,286.64,295.71423625220166,23.667696920739093,0.0
648,290.45,284.82,295.02270397395256,23.942366398356558,0.0
649,294.63,290.82,295.0035962369329,24.20075391378407,13.634999999999991
650,295.26,292.77,294.9315765515496,24.37385314134319,0.0
651,291.85,288.49,294.5826433957669,24.55108737801315,0.0
652,292.3,288.6559,294.4429529692677,24.76636475893532,0.0
653,294.21,291.0,294.41802317402113,24.84074610353995,0.0
654,298.74,296.1448,294.43060872568657,24.951656551548485,10.25
655,296.67,295.57,294.44072602316623,24.97944940006053,0.0
656,299.7,296.97,294.59187391068525,25.022784495021007,0.0
657,299.16,297.92,295.00241643245,24.978530746160743,0.0
658,300.24,298.515,295.40217513500534,24.928390968068854,0.0
659,299.395,296.99,295.4819874464702,24.947076058023796,4.670000000000016
660,300.21,298.935,295.81059894116026,24.93454957450693,0.0
661,300.9,298.91,296.43804095261896,24.97239276886573,0.0
662,299.94,298.495,297.02964661763554,24.89492402029863,0.0
663,301.07,299.4601,297.528885710032,24.821224888737376,0.0
664,302.2,299.6806,298.0067111098062,24.726912443799737,3.704999999999984
665,303.85,302.91,298.88728337277723,24.611089396782745,0.0
666,304.23,302.86,299.3409252252623,24.29595448271002,0.0
667,304.55,301.99,300.08474917663204,24.048760122157496,0.0
668,304.13,301.73,300.3735848158138,23.928577398855456,0.0
669,306.19,304.74,301.6849832088942,23.711198424532768,4.4599999999999795
670,308.0,306.96,302.9059253051477,23.555839821706577,0.0
671,307.9195,306.71,304.04021895554024,23.24150822828073,0.0
672,307.4,306.06,304.8445633103488,22.88978462853026,0.0
673,309.65,307.66,305.75182212165964,22.558351147690285,0.0
674,309.0036,307.03,306.5960806601641,22.343155345886316,3.589999999999975
675,308.94,307.27,306.89617138887184,22.239928429737375,0.0
676,309.99,307.7,307.30461501149307,22.226984422395184,0.0
677,309.54,307.66,307.61889237140406,22.221781504187014,0.0
678,309.64,308.09,308.15736196906937,22.211765339572867,0.0
679,311.84,310.26,309.130326128664,22.229840744616162,4.569999999999993
680,315.18,313.8,312.62758853714627,24.39622206754321,0.0
681,314.55,312.81,312.63214658676884,24.48974730426007,0.0
682,314.7,313.4393,312.64310070568143,24.571349834593526,0.0
683,317.99,314.17,312.7142037965677,24.867660248552774,0.0
684,318.67,316.02,312.86959468477943,25.116102131778092,5.860000000000014
685,323.73,320.36,322.36834940116154,25.400299634444977,0.0
686,323.54,322.24,322.3777434959355,25.62348477668029,0.0
687,325.78,322.67,322.4661834004244,25.676912558750505,0.0
688,326.73,325.52,322.77126502100316,25.570089581794463,0.0
689,327.46,325.2,322.8611648108031,25.51681979523203,7.099999999999966
690,325.12,322.66,328.6190348076876,25.36115891415375,0.0
691,327.85,323.6038,328.6015301202423,25.72877720526852,0.0
692,328.63,326.4,328.584333915768,25.89249314682693,0.0
693,327.91,323.54,328.57828311365,26.231429433406394,0.0
694,327.17,320.73,327.8408244499371,26.77683794799293,7.899999999999977
695,326.16,323.22,327.55847263955707,27.168491153830406,0.0
696,330.01,327.72,327.5783812781943,27.399243366044583,0.0
697,333.09,330.67,327.6256709710856,27.423174176282732,0.0
698,334.49,332.8,327.7000866707946,27.332309457219175,0.0
699,333.9941,331.6,327.7802022769337,27.17308726245076,11.269999999999982
700,333.5623,321.24,333.371597837009,26.59136137653746,0.0
701,324.61,311.69,328.56675372311196,27.39535919272379,0.0
702,318.11,310.7,324.1907277846817,28.03735708197829,0.0
703,311.5637,297.51,314.32458957943925,28.717784213720197,0.0
704,297.892,285.54,307.61915547364646,29.22534531560779,48.02229999999997
705,309.16,294.46,307.81366225266095,29.457866107386582,0.0
706,313.84,297.57,306.59799030657024,29.74368307505666,0.0
707,313.1,303.33,307.0390373983353,29.801587738844844,0.0
708,308.47,300.01,306.6054082388572,29.841071206104104,0.0
709,298.78,290.23,305.7034218134601,29.73755290938157,23.609999999999957
710,284.19,273.45,301.6841317743733,29.484347298563705,0.0
711,288.52,273.5,301.1241491647119,29.41845343533092,0.0
712,281.94,270.88,299.3617292550458,29.433665389450223,0.0
713,266.66,247.68,294.8809452208951,29.60840992394578,0.0
714,271.4754,248.5237,294.1101556975525,29.956873791088423,40.839999999999975
715,262.43,253.53,266.7949321591855,30.828540936831935,0.0
716,263.33,256.22,266.70807307083925,29.95676364055515,0.0
717,257.6591,243.9,266.4741107513723,29.3199234493692,0.0
718,252.68,244.59,266.1959951034034,28.586305704362964,0.0
719,253.32,245.22,265.4613475333331,27.901735445701465,19.42999999999998
720,286.7912,281.35,274.7242857154177,24.0869434032124,0.0
721,278.04,272.02,274.6820787504251,23.59674652557783,0.0
722,281.0,276.91,274.87465243848345,23.113075269392613,0.0
723,283.94,278.75,274.9414532557459,22.658528913291345,0.0
724,283.7,278.5,275.06282777984234,22.295909453506553,14.771200000000022
725,288.27,284.62,275.5414464429528,21.957051429589804,0.0
726,291.4,285.4,275.6260741285915,21.746236850418125,0.0
727,294.88,290.41,276.90556424355935,21.6001902545942,0.0
728,293.3239,288.59,277.51098461605494,21.439239099384867,0.0
729,290.6572,281.52,277.5795642660717,21.42278459245704,13.360000000000014
730,283.9,279.13,277.63082370823207,21.430656695439005,0.0
731,289.25,283.7134,278.30401974872007,21.485466259924348,0.0
732,288.46,283.78,278.45583232637017,21.569374391616577,0.0
733,289.78,287.13,278.8569169303919,21.53222536884991,0.0
734,292.95,287.68,279.510432290419,21.560505753659747,13.819999999999993
735,294.0,289.88,279.8620960248421,21.599056212294347,0.0
736,294.24,286.52,279.90532181962055,21.610005342255945,0.0
737,287.19,278.965,280.0241268051081,21.72789323792014,0.0
738,285.11,272.99,280.14735380923105,22.000951249172804,0.0
739,286.33,281.34,280.2617184576488,22.23631827488818,21.25
740,296.75,292.7,281.18271693222687,22.417628935350386,0.0
741,296.205,291.95,281.44955557561485,22.517753844649395,0.0
742,297.87,295.57,282.439309989954,22.519827645938083,0.0
743,297.67,293.6886,282.82130031507404,22.569877840446438,0.0
744,295.63,293.22,282.99164861318604,22.59564926476607,5.920000000000016
745,306.205,303.06,294.9323740997874,23.46355375992839,0.0
746,308.13,305.1,296.91002128016254,23.572057566225958,0.0
747,313.22,309.94,301.4134141054811,23.61383904266145,0.0
748,313.0,309.08,303.6354008432006,23.668506886344968,0.0
749,321.275,317.16,309.3952930138654,23.730903574736047,18.214999999999975
750,323.41,319.63,314.56935756222754,23.666785832886564,0.0
751,323.2849,319.36,316.19265095028754,23.64198920519306,0.0
752,322.39,318.2209,316.6745627485488,23.63288533172846,0.0
753,312.15,300.01,316.52503020657275,23.938491033684535,0.0
754,309.08,298.6,316.4714928984934,24.403003202090456,24.810000000000002
755,308.28,296.74,316.4062613982501,24.885292892230165,0.0
756,315.64,307.67,316.3555093959735,25.287062168057933,0.0
757,314.39,310.86,316.33189306640406,25.408298812861958,0.0
758,312.3,309.51,316.30973951321425,25.317842206849047,0.0
759,314.38,306.53,315.96141307401643,25.12835710897618,18.899999999999977
760,311.05,306.75,315.63518102397717,24.9858827142954,0.0
761,314.5,311.6101,315.49960613624944,24.86042312103403,0.0
762,310.51,302.1,314.746661041437,24.893367404349053,0.0
763,307.64,301.28,314.47058913609277,25.02729380865342,0.0
764,306.39,299.42,314.2054380518936,25.19426595414756,15.079999999999984
765,317.68,315.56,314.0596052870619,25.18665492783069,0.0
766,317.52,313.37,314.0561088191391,25.100740192823864,0.0
767,316.3,312.7,314.08923729333844,25.055811922457263,0.0
768,317.1,310.68,314.10618073496875,25.12424838678051,0.0
769,317.88,312.76,314.30817011653744,25.202629032531117,7.199999999999989
770,322.71,314.13,314.376020231416,25.386028085935358,0.0
771,319.76,312.0,314.9447732086928,25.61069439114447,0.0
772,323.04,319.265,315.75891945707576,25.72924487270686,0.0
773,321.28,319.09,316.1679704422874,25.718205078468568,0.0
774,322.57,319.735,316.5854617896719,25.359252618830226,11.04000000000002
775,325.13,320.62,317.02878950127246,24.93242923966805,0.0
776,326.93,323.94,318.0963174811282,24.421543076102154,0.0
777,327.2,324.5,319.2205581408504,23.96978829004328,0.0
778,327.23,321.48,319.5132802141647,23.78663020858379,0.0
779,321.99,319.246,319.54450037500345,23.69003754532521,7.984000000000037
780,323.41,320.775,319.85187101373293,23.513532516372795,0.0
781,323.64,320.85,319.87443353597956,23.387852935999057,0.0
782,325.73,322.075,320.0026016041474,23.37264545598309,0.0
783,324.41,319.64,320.09535218935946,23.32746933498324,0.0
784,326.63,321.33,320.325348773594,23.34184351036923,6.990000000000009
785,329.62,327.73,320.6066909456295,23.23977553318691,0.0
786,330.06,327.86,320.9635806826518,23.110337876316105,0.0
787,332.39,331.18,321.4018858850488,22.90087899159693,0.0
788,334.46,331.13,323.2337681176736,22.835734253732053,0.0
789,334.88,332.3,325.78540955087215,22.797066213943406,7.149999999999977
790,335.77,332.955,327.86222520408603,22.85047342852109,0.0
791,337.54,332.01,328.74920335558807,23.039900331927257,0.0
792,338.28,332.8377,330.37210827055543,23.318491376183605,0.0
793,338.2514,335.83,331.7344636065486,23.41182211360613,0.0
794,337.42,335.62,332.6712236463104,23.393416154799638,6.269999999999982
795,338.34,336.8517,333.55330413066906,23.17649060977549,0.0
796,339.1,336.61,334.3725240074365,22.91776969345416,0.0
797,339.61,336.62,334.587435302085,22.78679464881168,0.0
798,338.8,335.22,334.8006773027481,22.82243104079088,0.0
799,339.72,337.55,335.13816464926117,22.874048417909783,4.5
800,343.0,339.4504,335.9648527170917,22.955547608167688,0.0
801,344.21,342.27,338.07179398100334,23.01763456517052,0.0
802,347.86,344.17,340.3989781010869,23.173161607126744,0.0
803,349.9,346.53,342.78144976034827,23.257442560094503,0.0
804,350.72,348.15,345.26325065501027,23.356254411747067,11.269600000000025
805,340.38,334.2208,347.9656352792189,27.291264442874272,0.0
806,342.02,338.4683,347.7374337341876,27.42088679956108,0.0
807,343.06,338.52,347.25965000678246,27.34988519857608,0.0
808,337.6996,332.991,345.9304669082652,27.164964637605184,0.0
809,335.49,327.97,344.6989961098106,27.12860949231979,15.089999999999975
810,327.13,321.73,343.1888753865622,27.16278290071218,0.0
811,330.9,325.86,343.0208738719224,27.250005877704556,0.0
812,331.2,322.1,340.5462003312578,27.428446238506954,0.0
813,326.797,319.8,339.3562761751131,27.576520730631817,0.0
814,329.58,321.64,339.10845996319733,27.690540694902108,11.399999999999977
815,334.96,332.15,339.02123143544827,27.722857439584896,0.0
816,334.77,331.6209,338.7822242928252,27.633795873717354,0.0
817,338.29,332.88,338.7208060552252,27.61481306833775,0.0
818,338.74,335.01,338.7090641445575,27.49989812553772,0.0
819,337.0126,331.19,338.6412591542368,27.403383253950718,7.550000000000011
820,339.96,336.01,338.72064933674125,27.311934751966085,0.0
821,342.17,334.38,338.6517383243321,27.35768390339015,0.0
822,341.63,338.09,338.9144666863969,27.29889772876975,0.0
823,343.85,341.86,339.5804112082299,27.028351582632876,0.0
824,347.35,344.89,340.4863363019646,26.283586557807702,12.970000000000027
825,354.02,349.06,341.983114764084,25.50059705937351,0.0
826,352.4651,349.09,342.940837682087,24.820882178979794,0.0
827,351.93,347.14,343.30618344211274,24.387253307593845,0.0
828,348.02,343.13,343.543033477129,24.016718393963846,0.0
829,350.75,347.1,343.8963459013278,23.75244682591462,10.889999999999986
830,349.33,341.04,343.8751967831032,23.718496297090457,0.0
831,346.88,342.64,343.8470918689423,23.753404149476935,0.0
832,348.6847,342.4,343.832646095267,23.87523045261477,0.0
833,345.24,340.65,343.8384321370745,23.987782976014334,0.0
834,345.99,343.13,343.8559899245893,23.95948861077732,8.680000000000007
835,342.98,335.62,343.05544089681587,24.046755521944387,0.0
836,340.12,337.99,342.24206383326526,24.040977369122746,0.0
837,338.2483,326.13,338.50262439132945,24.191281872306075,0.0
838,333.395,325.09,337.2445811077095,24.356208578849028,0.0
839,329.69,322.6,335.45052937758174,24.462535793276093,20.379999999999995
840,332.36,327.24,335.06779846557197,24.60376613478787,0.0
841,338.25,330.2935,335.0982146863898,24.83449537837128,0.0
842,347.94,339.59,335.14587130361065,25.062999697830524,0.0
843,352.19,348.86,335.40615392596504,25.1997317244368,0.0
844,351.51,347.65,335.6102851321279,25.227836104387485,24.94999999999999
845,364.38,354.06,336.85351476401473,25.407082267421,0.0
846,355.18,350.51,338.07974311745346,25.417651009433108,0.0
847,357.56,355.06,343.4792600048465,25.385483764032063,0.0
848,356.7182,351.26,345.2818702194292,25.4538675270736,0.0
849,358.9,354.71,349.06747077224276,25.541284919803445,13.870000000000005
850,369.62,367.72,362.415368409523,22.896314359611047,0.0
851,370.78,367.67,364.14487261194716,22.66832263845741,0.0
852,371.05,365.95,364.25131936001964,22.555734460998263,0.0
853,367.86,364.43,364.3699264963471,22.431621804102505,0.0
854,366.7402,363.26,364.42437200004775,22.435644389348383,7.7900000000000205
855,380.58,377.7189,371.51168090531496,25.759263113469892,0.0
856,379.86,376.36,371.9118057057595,25.868081675908336,0.0
857,380.86,377.85,372.5145711642905,25.965009801004307,0.0
858,381.13,378.1,372.81251146678545,25.991273816198785,0.0
859,377.58,373.7,372.84606568206806,25.901453439060603,7.430000000000007
860,377.34,370.376,376.37358006112595,25.26200295270136,0.0
861,383.22,376.3181,376.4333124019464,25.534498226339764,0.0
862,383.7,380.48,376.4862588083909,25.758540773115964,0.0
863,386.24,381.9655,376.5721025074181,25.917117709369997,0.0
864,388.47,386.1444,376.7823408979246,26.037341744578892,18.09400000000005
865,390.56,388.35,377.1077445308018,26.03970089302809,0.0
866,390.89,389.17,377.44299560778654,25.632265875132738,0.0
867,392.28,387.5,379.10488257586775,25.355774280981166,0.0
868,391.69,388.1,380.41151598567774,25.005009650485206,0.0
869,392.9,389.77,385.492006360701,24.747685401086766,5.399999999999977
870,390.92,380.572,388.23048609024625,26.33709892497387,0.0
871,390.07,386.0,388.1833687468868,26.508817826824274,0.0
872,386.83,381.31,387.81186374741395,26.675381990078904,0.0
873,384.0,371.88,387.0267716169322,26.74887435846954,0.0
874,384.76,372.64,386.95584331289604,26.84813501814531,19.04000000000002
875,387.68,381.42,386.86403762672523,26.74085122040506,0.0
876,389.91,381.7299,386.8654662591501,26.617031398695648,0.0
877,391.4,388.1702,386.88783676153986,26.38424561046219,0.0
878,395.65,391.74,387.19579415627504,26.218770631801295,0.0
879,394.21,391.2,387.6425695931689,26.04037187603607,14.229999999999961
880,396.685,392.03,387.9187083069299,25.959197681762074,0.0
881,397.83,395.08,388.34549597448716,25.899156029372715,0.0
882,398.12,393.3,389.64222123284407,25.93091507149743,0.0
883,396.72,390.75,389.8675187436005,25.945604603184908,0.0
884,391.569,387.15,389.8522015961368,25.947899162485772,10.970000000000027
885,406.94,403.38,393.5964101105507,24.679077222079503,0.0
886,407.24,405.4,395.3129598463207,24.115735143135645,0.0
887,406.96,405.45,398.0511894960136,23.681719033877258,0.0
888,408.58,406.93,401.7181140981845,23.29532316695218,0.0
889,411.67,408.26,405.1685863810255,22.856970607605835,8.29000000000002
890,418.22,416.8111,414.1988171315167,22.943922206022204,0.0
891,418.14,416.3,414.30031425594063,23.022002745352957,0.0
892,419.01,416.9,414.44077500690923,23.031231046701194,0.0
893,420.72,416.44,414.6172194520336,23.085956028050173,0.0
894,418.54,416.34,414.62873974444824,23.023568418420115,4.420000000000016
895,419.84,417.665,414.7029435795229,22.9017863801044,0.0
896,416.6,411.67,414.72592539298034,22.95202969246758,0.0
897,417.63,414.94,414.731685767712,23.046923840675554,0.0
898,419.21,413.675,415.10480238953363,23.30246715179399,0.0
899,422.815,419.16,415.5830215206937,23.569121001863962,11.144999999999982
900,422.74,417.81,415.5961233809096,23.85612483948445,0.0
901,415.27,410.06,415.5651087414219,24.21940501612477,0.0
902,412.59,404.0,414.71482068217205,24.76812410460804,0.0
903,412.35,407.02,414.4675928342922,25.276198733430856,0.0
904,417.49,413.18,414.4797836606321,25.62814079379771,18.74000000000001
905,416.39,413.36,414.4916844727281,25.900892688747753,0.0
906,416.06,411.77,414.45413648907567,26.129929324982093,0.0
907,411.05,405.33,414.38550682599043,26.33734389209223,0.0
908,416.625,411.67,414.3984054523156,26.52557821957075,0.0
909,418.2,414.45,414.41541587586215,26.66852960915797,12.870000000000005
910,420.32,417.08,414.44880365508794,26.71588280725695,0.0
911,420.71,417.62,414.51552548118536,26.606149136157068,0.0
912,419.61,417.76,415.1127107021778,26.33135477484818,0.0
913,420.72,418.9851,415.48993267122273,25.922755717842588,0.0
914,421.25,419.79,415.6439453952817,25.444676302760044,4.170000000000016
915,422.78,421.19,418.46088274335546,24.932573102989807,0.0
916,423.21,420.32,418.71623696636493,24.932816469504147,0.0
917,423.26,421.41,418.95306918711697,24.774545381858914,0.0
918,424.63,421.55,419.44608243441945,24.69736466599003,0.0
919,424.43,422.82,420.00940574313586,24.455490466389147,4.310000000000002
920,425.37,423.1,420.6385934909226,24.24554786958459,0.0
921,425.46,423.54,421.0193901945818,23.984744179505466,0.0
922,424.87,419.92,421.0423918207764,23.872841621617223,0.0
923,423.02,419.32,421.0901842581782,23.656562387640218,0.0
924,417.8281,414.7,420.24008205701176,23.490103997296373,10.759999999999991
925,421.06,415.93,420.24670661099447,23.50205778632578,0.0
926,424.0,420.08,420.26811335328745,23.601637960285434,0.0
927,424.05,422.51,420.2869060101233,23.587208211341515,0.0
928,425.55,424.62,420.33817198547865,23.415355499025157,0.0
929,427.0943,425.55,420.43186225581906,23.20424229293664,11.164299999999969
930,427.65,425.89,420.5335036543755,23.026090368413875,0.0
931,428.56,427.13,420.68945788972206,22.87064805788084,0.0
932,428.78,427.18,421.08729444439905,22.74882020632194,0.0
933,430.6,428.8,421.82266847722,22.713945659414275,0.0
934,434.1,430.5218,426.630221158505,22.870002794885462,8.210000000000036
935,437.35,434.97,432.157796898367,24.352624620452875,0.0
936,437.84,435.31,432.4918125235347,24.527947294831513,0.0
937,437.92,434.91,432.8740476771918,24.66402496286165,0.0
938,435.53,432.72,432.994651516193,24.813817987097888,0.0
939,436.06,430.92,432.9815352354074,25.023662923092044,7.0
940,431.4089,421.97,432.3900940848235,25.53001550894291,0.0
941,432.42,424.83,432.37648316336845,26.048717976250636,0.0
942,434.7,431.0111,432.3860009700185,26.418976242765698,0.0
943,435.72,433.69,432.4602925030877,26.44700497477797,0.0
944,440.3,436.79,432.6363263910652,26.390507542193514,18.329999999999984
945,441.03,439.26,432.81271019544135,26.245893785471903,0.0
946,439.94,435.99,432.92267569468424,26.031052515048632,0.0
947,440.3,437.31,433.0040463750554,25.809023089173557,0.0
948,441.8,439.81,433.2617106502007,25.6654982922089,0.0
949,440.06,437.77,433.50574428026886,25.620481707679666,5.810000000000002
950,440.93,437.21,434.137191350425,25.677764511064666,0.0
951,441.28,436.1,435.04401368349005,25.85878410071017,0.0
952,441.1243,438.73,435.206124075366,26.00946461631867,0.0
953,441.85,439.88,435.5962035875227,26.10678887112991,0.0
954,442.94,441.8,435.75718638766074,26.10955273553841,6.839999999999975
955,442.795,441.31,435.82692747466365,25.93863040033192,0.0
956,443.44,441.88,436.12859618296005,25.633293639590647,0.0
957,443.882,442.62,436.6041539135967,25.282476817260125,0.0
958,445.2572,442.66,437.07881588171136,24.93998810183283,0.0
959,445.94,445.07,438.33088584764477,24.463649532303382,4.6299999999999955
960,447.11,442.87,440.1246206100948,24.297149086596068,0.0
961,444.96,440.85,440.26675151951247,24.314950920443053,0.0
962,444.625,438.92,440.2611467254539,24.508658682054623,0.0
963,441.14,436.12,440.25283241131746,24.76026701110587,0.0
964,443.71,439.71,440.28089051721986,24.858067234327528,10.990000000000009
965,448.23,443.4355,440.5995288513225,24.705974550453984,0.0
966,448.54,447.42,440.94706275684734,24.348421703942687,0.0
967,449.457,447.77,441.3106187469034,24.05923045602936,0.0
968,448.86,446.16,441.3561840935983,23.92746402575772,0.0
969,450.65,447.06,441.6070234172922,23.886377991794106,7.214499999999987
970,453.07,450.71,441.9732857609014,23.911368213168842,0.0
971,452.49,450.92,442.59245482633986,23.84788458017633,0.0
972,453.11,451.545,444.53291551986814,23.764569483751377,0.0
973,454.05,451.91,446.416505005682,23.745753542998656,0.0
974,453.63,451.55,447.5781383530812,23.755683659611133,3.340000000000032
975,436.56,428.86,443.66574423172506,26.68536973341232,0.0
976,437.91,433.07,441.59262883738324,26.919848348564877,0.0
977,440.03,433.747,441.2192037393998,27.040722259819095,0.0
978,444.89,439.6,441.2728810154815,26.96146726837994,0.0
979,444.67,441.21,441.29593371012083,26.75360063245662,16.029999999999973
980,444.05,441.9,441.32184331016686,26.486365878214848,0.0
981,440.04,432.94,440.92578570678626,26.327343349252523,0.0
982,437.04,433.85,440.3712229798751,26.281640250659674,0.0
983,436.77,428.78,439.10630536592083,26.44648609894072,0.0
984,436.0329,427.24,438.9589764154438,26.70704982512541,16.810000000000002
985,433.96,426.36,438.723851653128,26.927249655797727,0.0
986,435.49,429.39,438.69455581744927,27.130278795736796,0.0
987,435.1199,427.54,438.6486931933625,27.40033197596279,0.0
988,441.68,438.2,438.64890463275316,27.594742511696253,0.0
989,439.89,437.19,438.6284504247393,27.68177501919726,15.319999999999993
990,440.26,434.62,438.4932924506536,27.784301021998104,0.0
991,436.1,432.78,438.47180003136987,27.82574280369532,0.0
992,436.05,431.54,438.4517791533005,27.81331373318982,0.0
993,442.66,438.58,438.8082781547538,27.687042603976277,0.0
994,446.26,444.09,439.3513262393,27.29962464411635,14.71999999999997
995,447.55,443.27,440.9717215809465,26.921669484876993,0.0
996,450.7,448.27,442.90275332847744,26.49225094491056,0.0
997,452.732,451.01,444.79959241019964,26.027796590336447,0.0
998,453.829,451.31,446.3797226421987,25.612822946425407,0.0
999,454.67,451.05,447.66593184704243,25.287640019439046,11.400000000000034
1000,455.9,452.39,450.4029106485453,24.896726288785175,0.0
1001,458.49,455.56,452.6958624790763,24.575561808127524,0.0
1002,457.16,453.86,453.0591261344931,24.273884044980974,0.0
1003,458.4,455.45,454.4953662121606,24.018091061030418,0.0
1004,459.56,455.56,455.69994981429585,23.91126208366649,7.170000000000016
1005,460.7021,458.2,456.7783897297565,23.880186564571478,0.0
1006,462.23,460.08,457.968346925046,23.706122151430165,0.0
1007,465.15,460.83,459.6108649138037,23.688670207278104,0.0
1008,467.0,464.99,461.4561636729262,23.495846843654114,0.0
1009,470.65,466.92,463.53108029804815,23.26591420504716,12.449999999999989
1010,470.23,468.2031,465.03061655436915,22.98215191898773,0.0
1011,469.57,465.88,465.4752203204552,22.804500539744538,0.0
1012,467.38,462.04,465.2458080250814,22.74117096656404,0.0
1013,465.29,463.75,465.1392311749441,22.67816410411769,0.0
1014,467.86,464.11,465.36235318295104,22.749368711994812,8.189999999999998
1015,468.81,466.23,465.56310414174334,22.762152156457184,0.0
1016,470.485,467.07,465.9235264062174,22.84720926037589,0.0
1017,469.19,467.48,466.00413353552545,22.8545127096169,0.0
1018,470.01,466.34,466.1150469871234,22.92558003783935,0.0
1019,470.94,468.5,466.1323767740081,23.034895010359296,4.7099999999999795
1020,470.56,466.27,462.6772284654942,27.638778449179625,0.0
1021,465.74,460.25,462.69570219595835,27.623761194913776,0.0
1022,470.86,460.74,463.4588221546864,27.683568366487336,0.0
1023,472.87,464.8,463.5578324037303,27.654510691211325,0.0
1024,464.74,458.06,463.4816134138482,27.72377687625895,14.810000000000002
1025,465.74,456.5973,469.2590163506944,24.397255758249205,0.0
1026,469.85,462.05,469.29134446012426,24.29313913734738,0.0
1027,473.2,468.94,469.38582816531857,24.110494226207418,0.0
1028,472.88,463.44,468.9092227593836,24.19084832247818,0.0
1029,465.09,459.9,468.55274381931633,24.305654031614772,16.60269999999997
1030,450.28,439.81,439.48741801230256,28.231219473043023,0.0
1031,453.63,446.9384,439.6403330484618,28.291556138996846,0.0
1032,458.12,453.05,439.9465799711459,28.312503947107317,0.0
1033,452.97,445.71,439.9756734250139,28.334020398309395,0.0
1034,452.78,443.83,440.30786642353917,28.355096291353362,18.310000000000002
1035,450.99,445.85,440.4764011244098,28.364300262677173,0.0
1036,451.92,445.22,441.26278307244667,28.32256322198497,0.0
1037,457.88,455.005,443.14377957056314,28.173062734606233,0.0
1038,457.71,447.2,443.5277974036438,27.883947540692482,0.0
1039,451.605,438.94,443.50804416127045,27.702741457895897,18.939999999999998
1040,438.2,430.7,437.6537360382898,25.941675535945595,0.0
1041,437.17,427.21,437.4511258198347,25.569583742396862,0.0
1042,439.72,431.57,437.4612902858121,24.380260450017122,0.0
1043,441.11,433.8,437.40834408642024,23.657022070942983,0.0
1044,433.37,427.88,437.3293259775745,23.17652231817952,13.900000000000034
1045,432.3018,419.36,436.5482693275801,22.94867610055604,0.0
1046,427.21,415.12,435.7598036429927,22.903189939382337,0.0
1047,429.51,422.83,435.6503583039034,22.919452894186943,0.0
1048,426.43,420.44,435.56247162139255,22.982926276592355,0.0
1049,428.77,419.53,434.54886224493765,23.113495942624322,17.18180000000001
1050,424.55,415.79,433.27246180632665,23.258761241196307,0.0
1051,426.84,418.42,433.197593809701,23.453096961501153,0.0
1052,435.68,424.8,433.21555917629775,23.70263006667829,0.0
1053,441.07,433.19,433.3169464008689,23.98530067011857,0.0
1054,444.86,437.22,433.66674316392425,24.16620169467469,29.069999999999993
