,SPY_high,SPY_low,MI,DYMI,weekly_range
0,209.7295,207.2,0.0,0.0,0.0
1,208.289,205.78,0.0,0.0,0.0
2,208.68,204.18,0.0,0.0,0.0
3,207.43,205.14,0.0,0.0,0.0
4,204.14,201.51,0.0,0.0,8.21950000000001
5,193.41,189.82,23.71742821996674,1.9908120452493705,0.0
6,194.55,191.14,23.814163535565914,21.569408680330938,0.0
7,194.86,188.38,24.172643943214123,25.72996518268556,0.0
8,193.26,187.66,24.587343897367223,15.280460351081729,0.0
9,188.76,185.52,24.77576076811431,28.131697910588528,9.340000000000003
10,194.58,191.84,25.6643161115963,58.04606038873881,0.0
11,191.97,189.54,25.800672552241895,56.231221313940424,0.0
12,191.78,187.1,26.03900144469538,51.63397785633669,0.0
13,192.75,189.96,26.252950387506143,51.553242050596964,0.0
14,191.6696,187.2,26.514913635480077,57.17980511861164,7.480000000000018
15,186.12,182.8,26.704354681969058,46.32240333557655,0.0
16,186.94,183.2,26.824753163345317,42.10427485959205,0.0
17,188.34,185.12,26.91504060244168,40.994919178613706,0.0
18,184.1,181.09,26.925791451875753,35.11788622688732,0.0
19,186.65,183.96,26.76719612588523,32.41051988237494,7.25
20,196.23,193.33,23.50205440636603,71.76191033462787,0.0
21,198.21,194.4542,23.57761385437358,64.431232086704,0.0
22,199.06,197.25,23.629509393031647,73.36027521497739,0.0
23,199.795,198.11,23.568606033870623,78.32597358371949,0.0
24,201.35,199.03,23.5401555060685,77.42206784833789,8.019999999999982
25,201.07,199.25,23.458882813488216,76.40452085205669,0.0
26,199.92,198.21,23.393782615764856,74.60810756451957,0.0
27,199.79,198.43,23.33036982740884,63.294023083731645,0.0
28,201.07,197.38,23.329692765949464,66.34817759697069,0.0
29,202.81,199.5179,23.426980629212522,63.477451041348786,5.430000000000007
30,203.04,201.77,23.37013017689008,77.61050732866869,0.0
31,202.5307,201.05,23.28154407329501,75.4072847021875,0.0
32,203.82,201.55,23.211450688186794,70.83704132854713,0.0
33,205.23,202.77,23.1934845898088,75.30158720413591,0.0
34,204.78,203.8,23.112102356044115,82.7662423542888,4.179999999999978
35,207.07,205.89,23.40227859884826,73.92289614116777,0.0
36,206.2642,203.89,23.473824131108007,68.60693138751978,0.0
37,206.49,203.98,23.5118691141168,48.57636184784102,0.0
38,205.56,203.09,23.63902679418705,58.467015430040966,0.0
39,205.85,203.87,23.785608911228202,45.45914545088004,3.9799999999999898
40,208.66,207.54,23.832103474109545,67.0197071323957,0.0
41,209.52,208.36,23.86233248349392,59.214444487684155,0.0
42,209.81,208.05,23.93505175979741,62.21135570078183,0.0
43,209.76,206.96,24.165293035178816,72.76919654309707,0.0
44,207.13,205.03,24.40845988096116,19.428230797552303,4.780000000000001
45,208.18,206.41,24.643338621250333,15.852995803351675,0.0
46,206.8,205.28,24.689061846591283,46.00384073914919,0.0
47,205.85,204.42,24.74169263934803,37.50368589300199,0.0
48,205.98,204.47,24.824315049910556,33.03915065532621,0.0
49,205.77,203.88,24.769123401605757,28.32431066517205,4.300000000000011
50,206.4,205.36,24.725487350623183,32.86690725460036,0.0
51,208.5,206.64,24.662597186925513,34.032357868198844,0.0
52,208.54,206.5,24.597365312312895,54.511171811636096,0.0
53,207.4899,205.37,24.545926312606525,44.050632813293326,0.0
54,206.86,204.38,24.57807704464214,45.00123358083687,4.159999999999997
55,207.34,204.89,24.641133460908115,36.32339339856253,0.0
56,206.8,204.23,24.69815557615941,46.92901332892627,0.0
57,206.3,203.63,24.856450140421646,42.10602599843299,0.0
58,204.54,202.78,25.02267485597958,44.237911450154165,0.0
59,206.1,204.86,25.17188433404322,37.66996744818282,4.560000000000002
60,205.84,204.985,25.141891695728674,49.41754123032383,0.0
61,208.24,206.14,25.18951998153588,48.89570959721933,0.0
62,209.77,207.8691,25.24577862620801,69.34455965380708,0.0
63,209.71,208.97,25.19754932699059,88.2602872570486,0.0
64,210.25,209.47,25.101760370354015,65.08135489365588,5.264999999999986
65,211.77,210.51,24.84201523775906,69.27654219204881,0.0
66,212.34,211.5,24.659362562678794,82.43918793367166,0.0
67,212.52,211.6899,24.478185366192534,83.19642507453347,0.0
68,212.22,211.19,24.33170525154957,88.35546720338867,0.0
69,210.86,209.43,24.251290587239982,82.05337582598195,3.0900000000000034
70,210.37,208.35,24.249746767008265,33.30356412766561,0.0
71,208.74,206.9199,24.356806916966764,23.704787973562603,0.0
72,209.36,207.53,24.450178376518693,13.149859200301435,0.0
73,208.57,205.59,24.629617161135776,33.059236102105615,0.0
74,207.2,205.75,24.68951537175768,35.63628853263353,4.780000000000001
75,209.61,207.75,24.681990822797264,27.23701057225847,0.0
76,208.92,207.78,24.56858909384207,38.638954679634686,0.0
77,209.5,207.93,24.427096632199813,40.67372648292745,0.0
78,210.87,209.27,24.27096872995712,39.93853219654027,0.0
79,210.8463,202.72,24.73732285984395,76.84035637416599,8.150000000000006
80,201.6,198.65,25.141512638156925,24.050536570515263,0.0
81,203.23,201.12,25.47891382483427,22.236323357045507,0.0
82,206.93,204.72,25.674399622819315,38.876081353593825,0.0
83,209.54,206.56,25.841478887236647,51.5457094419706,0.0
84,210.49,209.29,25.96953047527235,60.41530721788368,11.840000000000003
85,214.07,212.95,26.220259051614285,62.57681354345964,0.0
86,215.3,214.25,26.110324314341366,63.673493128863576,0.0
87,215.45,214.35,26.031681227764484,67.10049755484144,0.0
88,216.67,215.66,25.968869218177947,64.69070456547932,0.0
89,217.0125,215.308,25.956896226642517,81.58583409504864,4.0625
90,216.6,215.67,25.86337723603144,59.86540200039002,0.0
91,216.23,215.63,25.613527034614105,60.079324695398014,0.0
92,217.37,216.24,25.342944654684267,59.424492871721505,0.0
93,217.22,215.75,25.106523355403205,60.42974906655371,0.0
94,217.3,216.1,24.758190719331225,58.734681545185985,1.740000000000009
95,217.06,215.97,24.500075286139644,61.9298805248878,0.0
96,217.17,215.76,24.303934857630857,61.9118263049915,0.0
97,217.27,215.62,24.25366786706765,75.51878269222446,0.0
98,217.11,215.75,24.22331445560813,66.51961685234917,0.0
99,217.54,216.13,24.209830397313315,66.54551724427637,1.9199999999999875
100,217.65,216.405,23.635913618281272,64.67863512705063,0.0
101,216.83,214.57,23.324582632778736,46.69905834385045,0.0
102,216.245,215.13,23.10698058678649,22.113974447983807,0.0
103,216.78,214.25,23.097268642492562,49.37664221796116,0.0
104,218.23,217.07,23.016512062211383,49.07213952041168,3.9799999999999898
105,218.52,217.74,22.96873304444372,71.8148838738791,0.0
106,218.76,217.8,22.951191492225696,68.37091823040856,0.0
107,218.4038,217.23,22.88378268904327,66.62792697343937,0.0
108,218.94,217.95,22.813797348465524,55.29067611444551,0.0
109,218.71,217.99,22.70002290015437,66.993296907349,1.710000000000008
110,219.5,218.88,22.619284609544867,63.07834440522615,0.0
111,218.68,217.96,22.58123275677911,69.0091748754411,0.0
112,218.53,217.02,22.68343924850795,55.10408662815713,0.0
113,218.9,218.21,22.771686738683567,57.35120598445161,0.0
114,218.75,217.74,22.835080223971413,62.04530545892542,2.4799999999999898
115,218.8,217.83,22.943628797140953,64.43525099094994,0.0
116,219.6,218.9,23.073640263201934,61.61148363670138,0.0
117,218.91,217.36,23.296385736948537,64.49737296102882,0.0
118,218.19,217.22,23.445431749340443,44.92043392695937,0.0
119,219.12,216.25,23.840287232227933,43.065777069193324,3.3499999999999943
120,218.665,217.4,24.152793535739825,38.599043806968126,0.0
121,218.59,217.35,24.363524947456696,53.340185467120264,0.0
122,217.75,216.465,24.478923700019728,45.11328461189271,0.0
123,217.73,216.03,24.613817664017045,40.9318874933721,0.0
124,218.87,217.7,24.683804571873317,36.58822829978212,2.8400000000000034
125,214.88,213.03,26.570199834629683,36.815467314497454,0.0
126,214.59,213.38,26.725769549151117,37.40043797006593,0.0
127,216.03,213.44,26.95097644617622,38.10397897971292,0.0
128,217.53,216.71,26.959786726785087,49.289783668778036,0.0
129,216.88,215.88,26.952354164279054,53.00730430667576,4.5
130,215.23,214.01,26.905514357335168,47.30295237043324,0.0
131,215.68,213.62,26.915765961829226,41.54199178305651,0.0
132,216.82,214.71,27.00985142420878,47.55460613950714,0.0
133,216.87,214.04,27.08662319427445,59.75304270678114,0.0
134,217.12,215.36,27.14264235531703,46.30435485498415,3.5
135,216.04,215.04,26.845638107420434,58.44236893790419,0.0
136,216.17,213.99,26.674316311912747,55.95519252074322,0.0
137,216.13,215.33,26.467323841603772,47.010709260246,0.0
138,216.04,214.735,26.280941028406684,55.202701732462955,0.0
139,216.3,214.19,26.138268695379065,55.8233777734927,2.3100000000000023
140,216.7,215.985,25.96328502981441,51.57627853641261,0.0
141,215.74,212.58,25.995540786902612,52.642533855340176,0.0
142,214.32,213.01,26.026011685332435,37.09093229890041,0.0
143,213.59,211.21,26.171249349243276,36.649863938468926,0.0
144,214.69,213.03,25.95572522585118,40.438418503595805,5.489999999999981
145,213.39,212.17,25.458490115569823,37.53206449169705,0.0
146,214.31,213.27,24.996754265005887,30.784693525868988,0.0
147,214.64,213.6,24.606914285155934,45.325378506289205,0.0
148,214.53,213.11,24.247132304346277,44.96457972262096,0.0
149,214.08,212.76,24.055434389100952,43.66625211379941,2.469999999999999
150,215.32,214.48,23.86480939646706,47.55460237778823,0.0
151,214.98,213.98,23.74646589299767,52.43674854659091,0.0
152,214.42,212.93,23.623449442981904,45.92325807166746,0.0
153,214.62,213.08,23.652358580762503,44.824371643223635,0.0
154,213.93,211.71,23.844206958080086,36.45621718409149,3.609999999999985
155,213.19,212.36,23.96214810095468,39.43448707157033,0.0
156,212.99,209.6,24.230834731303876,21.033537322746383,0.0
157,211.1,209.23,24.409258590476878,0.29198210570919514,0.0
158,210.24,208.46,24.451629812798547,0.20987061547981511,0.0
159,209.89,208.38,24.47459622588806,0.16615441999988434,4.810000000000002
160,213.19,211.3,24.587448614115786,0.16595236296475946,0.0
161,214.77,212.38,24.6960731362127,64.50777102738539,0.0
162,217.1,212.34,25.11478285719734,69.30418871470258,0.0
163,218.31,215.22,25.511484077626328,83.93166629755586,0.0
164,216.7,215.32,25.677291761860058,66.26046666550405,7.009999999999991
165,217.27,215.72,25.839652846779465,64.80561468593919,0.0
166,218.28,216.8,25.75599753932991,57.45806938575044,0.0
167,218.14,217.42,25.63118789194175,60.54052695701019,0.0
168,219.06,217.92,25.413659171666623,72.15039793581272,0.0
169,219.27,218.29,25.193748934460864,75.20536539898644,3.5500000000000114
170,226.96,225.76,24.330288021580202,100.0,0.0
171,228.34,227.0,24.264434913156748,80.18385966348119,0.0
172,228.23,225.365,24.313935552536005,83.5431109546142,0.0
173,227.81,225.8904,24.132360172949188,66.62410998955724,0.0
174,226.08,224.67,23.919797902648973,72.71577440721308,3.670000000000016
175,227.0701,226.4163,24.94381207229601,63.86301068504791,0.0
176,227.45,226.01,24.995570172190842,58.417257610785065,0.0
177,227.1,225.59,25.09256220408361,59.8191019622556,0.0
178,226.75,224.955,25.235840275801152,61.01092807564385,0.0
179,227.4,226.69,25.00693755552735,59.59231586121897,2.494999999999976
180,228.2,226.41,24.4351076948491,65.30700807292997,0.0
181,227.6,226.32,24.61417653285998,52.952130594892424,0.0
182,228.59,226.94,24.889503142245943,51.091819917985326,0.0
183,228.1,226.82,25.148423925176427,53.620141829995525,0.0
184,229.55,228.46,25.150672208454324,53.222577211383395,3.230000000000018
185,229.326,228.54,25.11321351082253,66.99791543650237,0.0
186,229.6556,228.72,24.934685312916397,61.608247763348906,0.0
187,229.39,228.31,24.71599230716141,65.2639724938791,0.0
188,230.95,229.52,24.62497938246109,65.15001307019773,0.0
189,231.77,230.6216,24.585715722609393,75.72735843345848,3.460000000000008
190,237.31,236.35,24.784725860285718,79.12917645757759,0.0
191,236.95,236.015,24.700699786448695,79.42080042380205,0.0
192,240.32,238.37,24.683078949214945,83.5488878071364,0.0
193,239.57,238.21,24.720753176119672,89.31957234269797,0.0
194,238.61,237.73,24.77506364335386,73.11335348214696,4.305000000000007
195,238.12,237.01,24.854206071527095,71.94452051160047,0.0
196,237.77,236.76,24.810672081287134,63.71973807943692,0.0
197,237.64,236.4,24.784904531301628,55.01240637859422,0.0
198,237.24,235.74,24.760056203294855,52.14996382150126,0.0
199,238.02,236.59,24.77323680707606,53.292851153376134,2.3799999999999955
200,237.86,237.24,24.72730665592424,55.42807198375038,0.0
201,237.24,236.19,24.73983814735379,57.046944182524605,0.0
202,239.44,237.29,24.91802630258981,48.610956786215496,0.0
203,239.2,238.1,25.038397135662617,61.14058366373489,0.0
204,237.97,237.03,25.049939040141027,56.696172694005035,3.25
205,236.03,233.91,26.255784736589113,49.59531941149456,0.0
206,235.58,234.555,26.244240193381724,46.3989171694583,0.0
207,237.39,234.54,26.25200928898344,41.017433596585576,0.0
208,236.04,234.425,26.232307398596063,39.92581411789026,0.0
209,236.0,234.64,26.233764549702556,46.79930436275108,3.4799999999999898
210,237.41,234.5628,26.25676445491621,55.35829086788173,0.0
211,238.95,237.81,26.29795094058839,79.23819373025782,0.0
212,239.53,238.35,25.93412882237395,81.22130608957382,0.0
213,238.95,237.98,25.615523412336156,66.71265037280939,0.0
214,238.93,237.93,25.314025356215957,56.4009558578134,4.967199999999991
215,239.17,238.195,24.99394207834171,56.48186885968511,0.0
216,238.98,238.3,24.618065663925545,58.500269042534605,0.0
217,238.8775,237.7,24.24505337971542,63.48785386676404,0.0
218,238.9225,237.78,24.030355944995975,61.59606223454843,0.0
219,239.72,238.68,23.8951550055682,71.8849954373157,2.0200000000000102
220,239.92,239.17,23.818378271024578,79.48146674549301,0.0
221,240.19,239.04,23.710560492294004,81.28990611552584,0.0
222,239.87,239.15,23.63393179034307,74.39165246169466,0.0
223,239.57,238.13,23.504227700796704,81.77134248742823,0.0
224,239.4273,238.67,23.369662277435776,65.520827803869,2.0600000000000023
225,240.44,239.45,23.292768237633084,51.60631978026089,0.0
226,240.67,239.63,23.2478981143467,67.4308495098377,0.0
227,238.64,235.75,23.45457304060294,59.23000987166848,0.0
228,237.75,235.43,23.775181620788054,15.400320840017642,0.0
229,239.08,237.27,24.009108478777353,29.505949428307346,5.239999999999981
230,239.71,238.82,24.102365021519873,47.03524792836387,0.0
231,240.24,239.51,24.113401255987014,57.810439773868055,0.0
232,240.73,239.93,24.043420347461126,56.80467350033664,0.0
233,242.08,240.96,23.933742204158992,57.80485369778445,0.0
234,241.9,241.45,23.800254907729542,63.17074151941783,3.2600000000000193
235,244.3,243.76,23.609131776987834,72.79133360905477,0.0
236,243.98,243.12,23.670008376553184,71.88520660122722,0.0
237,243.92,242.83,23.802166480794575,62.98801253853901,0.0
238,244.33,243.17,23.932826090949856,64.44553372248143,0.0
239,245.01,241.95,24.322589392427883,64.56507310109882,3.0600000000000023
240,243.42,242.38,24.591733273176757,63.70451006934195,0.0
241,244.61,243.5799,24.81446098317697,69.41203716542591,0.0
242,244.87,243.29,25.019526042983955,75.62192422613697,0.0
243,243.91,242.36,25.258205800065753,67.74935935503743,0.0
244,242.83,241.6337,25.366458037800165,60.92693893830904,3.2363
245,244.73,243.48,25.48839180268961,48.64447834115961,0.0
246,244.26,242.99,25.584997252754018,63.47104882407999,0.0
247,243.59,242.41,25.643141514438934,45.81795517875584,0.0
248,243.53,242.64,25.378864573165902,42.81596298924159,0.0
249,243.51,242.47,25.037293119948895,42.52463844227189,2.319999999999993
250,244.38,243.045,24.768567592847088,57.07662472059445,0.0
251,243.38,241.31,24.753348173454345,47.61548659009541,0.0
252,243.715,242.23,24.841420153798804,33.45118679375999,0.0
253,243.72,239.955,25.23776529268467,51.35128447669435,0.0
254,242.71,241.575,25.478063063162427,40.26355513083832,4.424999999999983
255,242.8,241.76,26.06451460183741,44.20382178003676,0.0
256,242.55,240.85,26.140508884685453,49.05849730621245,0.0
257,244.2,243.3,26.1635447958333,48.124891394332565,0.0
258,244.55,243.76,26.103430450145588,58.3361430901736,0.0
259,245.97,244.31,26.07718286117438,59.71139952830651,5.1200000000000045
260,245.91,245.33,25.688845658922652,64.28722595589898,0.0
261,245.72,244.67,25.41867289759974,69.98283602831205,0.0
262,247.0,246.01,25.223356621958057,66.93183071354356,0.0
263,247.42,246.47,25.006161267586023,81.31940868356877,0.0
264,246.91,246.18,24.75764075192098,81.13653494108917,2.75
265,246.98,246.28,24.534357611385385,77.62136573726869,0.0
266,247.8,247.16,24.31624746604248,60.582674437848425,0.0
267,247.79,247.13,24.10652654461209,61.002735440082006,0.0
268,248.0,245.68,24.177349165202976,61.53847770612168,0.0
269,247.06,246.13,24.252609383762614,61.29204095115254,2.319999999999993
270,247.48,246.53,24.31325889977017,80.18801760561135,0.0
271,247.5,246.716,24.29928690579169,71.26069990044493,0.0
272,247.6,246.37,24.212611156183407,75.04033648852113,0.0
273,247.34,246.64,24.077344827116093,71.84888674493406,0.0
274,247.79,246.97,23.68097071973667,59.63480261779698,1.4199999999999875
275,247.87,247.37,23.37990205888346,65.09536272231938,0.0
276,248.91,246.83,23.394444074639637,64.4812664173091,0.0
277,247.31,246.06,23.45935591763155,51.20906866591208,0.0
278,246.44,243.7,23.72059502396165,51.31012905748912,0.0
279,244.8,243.75,23.85066755339676,5.711071019806482,5.210000000000008
280,246.79,245.55,23.99203357414225,19.44309608314049,0.0
281,247.0,246.16,24.016402726991096,50.357429749148224,0.0
282,247.57,246.45,24.086679799389003,48.1806230982082,0.0
283,246.6,243.09,24.491674200427358,55.984481184523965,0.0
284,244.189,242.2,24.797176678807077,27.554358214088722,5.3700000000000045
285,243.2,241.83,25.084266354171927,30.116671555249724,0.0
286,245.62,243.55,25.373847336542774,31.219003916065247,0.0
287,245.05,244.16,25.540190872063945,47.8537749446494,0.0
288,245.18,243.75,25.684939374297166,43.116539086221856,0.0
289,245.61,244.39,25.81904873566533,39.794655483016676,3.789999999999992
290,245.2,244.09,25.93655891037559,46.310088529616806,0.0
291,245.15,242.93,26.17007365549643,46.172487387013774,0.0
292,246.32,244.62,26.413593542353393,54.06958523831296,0.0
293,247.77,246.0473,26.400033994342117,59.89965437975886,0.0
294,248.33,247.67,26.320568779164557,62.676344040402576,5.400000000000006
295,250.12,249.28,24.794814399473605,56.76815257230307,0.0
296,250.07,249.6,24.45145713502608,57.687110445062636,0.0
297,250.19,248.92,24.30711953610935,59.143980665196715,0.0
298,249.98,249.185,24.186495044525735,59.39007581596706,0.0
299,249.63,249.02,23.760999574131578,61.962519127733614,1.2700000000000102
300,249.5532,248.08,23.503874971726045,67.12225184162185,0.0
301,249.7,248.805,23.335336164008712,56.64734548303106,0.0
302,250.49,248.87,23.27126982391197,58.3884565869012,0.0
303,250.44,249.63,23.266864187801943,68.40800048354228,0.0
304,251.32,250.13,23.303990760883316,66.77753599494866,3.2399999999999807
305,252.32,251.2926,23.36248822830195,87.72513679063087,0.0
306,252.89,252.23,23.387128972224577,92.11489958613652,0.0
307,253.44,252.56,23.30473205196467,100.0,0.0
308,254.68,253.196,23.30938637158987,100.0,0.0
309,254.7008,253.85,23.26704044153552,88.9862560625872,3.4081999999999937
310,254.7,253.65,23.338328119155047,83.88381508411261,0.0
311,255.05,253.98,23.28362227257879,77.09766437128954,0.0
312,255.02,254.32,23.24963881355762,76.01609442880864,0.0
313,255.06,254.365,23.248025967163105,75.94668110817628,0.0
314,255.27,254.64,23.264369285128446,72.17414957076825,1.6200000000000045
315,255.51,254.82,23.249427600502294,72.62763244644168,0.0
316,255.52,254.98,23.25810083812501,78.2299292031773,0.0
317,255.95,255.5,23.272902741551643,82.86180893757471,0.0
318,255.83,254.35,23.479916031372806,82.4901737742402,0.0
319,257.14,255.7744,23.782518302214683,81.94543818154067,2.789999999999992
320,257.51,256.02,24.1353719073489,85.79153958814378,0.0
321,256.83,256.15,24.42463340326353,67.53996388090621,0.0
322,256.31,254.0,24.80206968523987,66.62144208627683,0.0
323,256.3,255.48,25.051699723849136,51.69794844598651,0.0
324,257.89,255.6254,25.45353405027325,44.99318024551126,3.8899999999999864
325,257.6,256.41,25.634013821623892,68.92614254103805,0.0
326,257.44,256.805,25.690199976904886,58.485167882210966,0.0
327,258.43,257.07,25.647110963253898,62.30348867575699,0.0
328,257.75,256.19,25.699358397828675,63.62537117918611,0.0
329,258.5,257.3,25.701793481747682,63.440162560526424,2.3100000000000023
330,259.0,258.22,25.643373382181643,68.09491645175662,0.0
331,259.35,258.09,25.66931992834722,69.69441574840629,0.0
332,259.22,258.15,25.688744458879533,67.3899966127169,0.0
333,258.39,256.36,25.73274466743828,66.99934540657434,0.0
334,258.2926,257.37,25.746474952812946,60.19217428560675,2.990000000000009
335,258.59,257.27,25.76047474380994,57.86746277521893,0.0
336,257.85,256.52,25.77217043694945,66.52108812588716,0.0
337,257.22,255.63,25.872865091647352,56.86145225873409,0.0
338,259.04,257.4748,26.024587401632466,34.10184206662582,0.0
339,258.5882,257.77,26.124099236341777,59.24686030811762,3.410000000000025
340,266.38,265.4793,26.35104633071945,78.97565759573189,0.0
341,267.32,266.345,26.25331584472854,79.41591692738433,0.0
342,267.56,266.65,26.104196762431442,81.70845010407379,0.0
343,267.22,265.6,26.023685890742858,80.69371356310332,0.0
344,267.04,265.39,25.869206170867134,68.0601692209801,2.170000000000016
345,274.1,272.98,24.99931164526279,90.97180640431137,0.0
346,275.25,274.081,24.535520565286475,82.62864739063153,0.0
347,274.42,272.92,24.16460534568561,88.25573003195527,0.0
348,276.12,274.56,23.928388820371158,83.9438133197504,0.0
349,278.11,276.0819,23.92883244424427,87.22596164889441,5.189999999999998
350,286.43,284.5,26.165773683132247,90.16256607886139,0.0
351,284.736,281.22,26.39592377681344,75.82867764339677,0.0
352,283.3,280.68,26.662899387391022,60.8897554056618,0.0
353,283.06,280.68,26.953410412124427,58.921724232379894,0.0
354,280.23,275.41,27.397468211037847,34.70140939873582,11.019999999999982
355,275.85,263.31,28.344037268356388,1.1241255407343829,0.0
356,269.7,258.7,29.145108036937877,0.4292092203337319,0.0
357,272.36,267.58,29.621778767629053,24.87768849349861,0.0
358,268.17,257.59,30.05564648037726,24.471083779571998,0.0
359,263.61,252.92,30.433546360252723,18.855024428067267,22.930000000000035
360,278.01,275.26,28.804463291499587,66.77879951172719,0.0
361,278.92,274.36,28.557034212156296,68.48568888232656,0.0
362,276.19,271.29,28.452970032322554,60.41034954350865,0.0
363,273.17,266.0,28.38485821057519,63.31159864807244,0.0
364,269.72,264.82,28.34998115453955,49.96549963777595,14.100000000000023
365,272.89,267.61,28.284455840774736,49.763043712323864,0.0
366,273.39,271.18,28.158600864000906,56.162745379309854,0.0
367,273.18,270.2,27.90008218141349,54.683828050035316,0.0
368,274.24,272.42,27.593568510515233,50.97248528153083,0.0
369,278.87,275.34,27.345788766185738,54.57663162264611,11.259999999999991
370,279.91,278.0801,26.912045183008978,66.94013748039026,0.0
371,280.41,276.03,26.09642005952881,67.52871639749634,0.0
372,278.02,274.67,25.25661981941533,60.940290511058805,0.0
373,276.61,274.43,24.648739920634235,52.33343457552752,0.0
374,275.39,274.14,23.94607165811788,47.530434385673374,6.270000000000039
375,263.13,254.67,24.63504535753655,34.24479840090211,0.0
376,261.31,256.84,24.939132401049974,28.557591021177117,0.0
377,264.355,256.6,25.23433192540777,36.747482826375126,0.0
378,266.64,264.32,25.331063268641167,42.545890677236,0.0
379,265.11,258.0,25.366430112753473,46.860281452140455,11.969999999999999
380,267.89,265.35,24.722134231404297,57.170358110125576,0.0
381,267.9762,261.28,24.80019889087237,54.180677107968,0.0
382,264.13,260.85,24.938795722150424,41.11395384051143,0.0
383,267.2452,264.29,25.02261067582413,49.97692025782956,0.0
384,267.34,265.5,24.896849359235684,56.85775373634011,7.126199999999983
385,267.89,264.43,24.65004609517314,52.583518536168306,0.0
386,265.1,262.11,24.377760902558652,46.8837091176298,0.0
387,265.68,262.76,24.031945022502214,45.381400169594585,0.0
388,263.36,259.05,23.871720623191997,40.29956280809375,0.0
389,266.7892,261.15,23.843960297995483,34.233495728831045,8.839999999999975
390,268.02,266.11,23.625328740803752,45.48958276162226,0.0
391,267.325,265.15,23.44024611497513,48.85306239593026,0.0
392,269.865,267.09,23.20666741360404,51.21815932143029,0.0
393,272.39,270.22,23.087663978127658,64.64898041467818,0.0
394,273.15,271.58,22.863496507253664,70.95339983750515,8.0
395,274.08,272.36,22.651579582269516,80.48530773223099,0.0
396,271.61,270.03,22.49952047072914,80.28842696701588,0.0
397,272.76,271.11,22.420322440147924,58.95214678740189,0.0
398,273.23,271.13,22.434008344616373,59.44351201842105,0.0
399,272.03,270.93,22.39007989587575,63.77615540160959,4.050000000000011
400,273.98,271.3512,22.46569149511501,67.03091831297198,0.0
401,274.25,272.24,22.58152044542948,62.20556570391315,0.0
402,273.39,270.99,22.78229380689597,73.46815033745213,0.0
403,273.22,270.78,23.009296324263836,71.91502456988509,0.0
404,272.86,271.58,23.10111543156444,66.3062850627163,3.4700000000000273
405,275.185,274.26,23.250690876130612,56.901704086909724,0.0
406,275.53,274.18,23.15822857136543,61.35540890157872,0.0
407,277.52,275.09,23.13809753320474,67.56102186020867,0.0
408,278.28,276.34,23.131851992161653,67.44781000596954,0.0
409,278.25,276.66,23.038088382723675,68.65205851573539,4.099999999999966
410,279.37,278.31,22.785962993297616,68.76082147746702,0.0
411,279.33,278.19,22.62148574454161,69.13706258385082,0.0
412,279.48,277.8,22.55303357093014,69.37691210614885,0.0
413,279.33,278.0599,22.48406690225902,68.70493232583044,0.0
414,277.51,275.35,22.530840847743296,71.03039039358245,4.1299999999999955
415,276.7,274.95,22.64739075738917,68.08898885802212,0.0
416,275.75,273.53,22.844459276004397,58.14067538994226,0.0
417,276.72,275.59,22.997408595045222,55.11588941795939,0.0
418,275.98,273.68,23.22407481790985,51.62124590126633,0.0
419,275.785,274.49,23.37029164599821,36.971443354400975,3.1900000000000546
420,273.6162,269.1,23.810009314908772,20.904687856821937,0.0
421,272.56,270.79,24.073626395268242,11.02569809013157,0.0
422,273.865,269.18,24.48069396031018,20.32823870349678,0.0
423,271.75,268.49,24.811646679355825,17.684997181550685,0.0
424,273.66,271.1495,25.02615762457245,27.56757021990788,5.375
425,277.96,276.5,25.38196648749235,88.62015785176418,0.0
426,279.01,278.08,25.37851266545595,91.5821384892909,0.0
427,278.04,276.52,25.377241895201557,67.30050998020438,0.0
428,279.43,277.6,25.31399810170309,60.67627280539497,0.0
429,279.93,278.66,25.20801323026271,66.62276535369087,3.430000000000007
430,279.803,278.84,25.07809622394687,74.48091808858972,0.0
431,280.91,278.41,25.1035324492695,72.46321064375667,0.0
432,281.18,280.06,25.1152778396049,60.5133282373741,0.0
433,280.74,279.46,25.081996445652905,60.04621258724222,0.0
434,280.48,279.5,25.02834397812035,57.32627850692972,2.769999999999982
435,280.43,279.06,24.91411185098459,55.922536198312116,0.0
436,282.56,280.63,24.856527986025,73.85326295160613,0.0
437,284.37,281.28,24.903923752329806,74.92444058761566,0.0
438,284.11,283.09,24.92514420378683,84.6409089588319,0.0
439,283.82,280.38,25.039598874233473,71.21360728349312,5.310000000000002
440,281.69,279.36,25.197579846576637,56.71129252879589,0.0
441,282.02,280.38,25.035639684188595,52.84721881946336,0.0
442,282.13,280.1315,24.95153273611939,54.868995080760754,0.0
443,282.58,279.16,24.80769420191186,51.76526013528241,0.0
444,283.6577,282.33,24.586949369464794,59.421963709246725,4.497699999999952
445,284.99,283.2015,24.414373757542766,62.481901384686665,0.0
446,286.01,285.24,24.174156224639233,65.42013517934174,0.0
447,285.91,284.94,23.92563104238175,71.20276793788327,0.0
448,285.97,284.915,23.704411047420788,71.21863351757204,0.0
449,284.055,282.36,23.508302538417148,67.49052053103026,3.6499999999999773
450,284.16,281.77,23.507244332400536,52.41728826326271,0.0
451,284.17,282.05,23.644152119566655,41.597630038659275,0.0
452,282.54,280.16,23.852062050652016,53.11282702140131,0.0
453,285.04,283.36,24.014974223024716,46.240464580800705,0.0
454,285.5601,283.37,24.22980478803714,58.96053518185886,5.400099999999952
455,285.97,285.06,24.385942685303945,60.67761295479395,0.0
456,287.31,285.7135,24.437686615863193,63.865742955555426,0.0
457,286.76,285.575,24.491991969723106,64.16973230601658,0.0
458,286.94,285.43,24.564930906007405,61.280259927088494,0.0
459,287.67,286.38,24.65520496367858,56.66741620338563,2.6100000000000136
460,289.9,288.68,24.71227878395877,63.014046738207256,0.0
461,290.4175,289.4,24.66915477551313,91.9102061193128,0.0
462,291.74,289.8854,24.539941892824107,91.70360969081233,0.0
463,291.36,289.63,24.54085733268551,81.87210181784978,0.0
464,290.81,289.29,24.3848445366295,75.66597788169227,3.0600000000000023
465,290.86,289.03,24.740496229356623,61.458119890652725,0.0
466,291.58,289.55,24.785140324808246,47.44516018943184,0.0
467,291.69,290.825,24.702374313229686,54.383674238444044,0.0
468,293.94,291.2363,24.697003457503563,70.02069205259646,0.0
469,293.22,291.81,24.67910440671718,82.57994888350166,4.910000000000025
470,291.5,290.37,24.582033956117808,60.46401364470008,0.0
471,291.65,290.4833,24.55227987678404,56.12987021345897,0.0
472,292.24,289.41,24.67027322236698,56.5321906726779,0.0
473,291.91,290.1,24.815984838928447,52.26087749765866,0.0
474,291.28,289.95,24.899606427078798,59.28492733634971,2.829999999999984
475,292.93,290.98,25.020559609801833,53.75783810020217,0.0
476,292.355,291.14,25.09908102437161,59.327819354009144,0.0
477,293.21,291.32,25.233968718069093,54.167649630716454,0.0
478,291.24,287.66,25.466352220034327,55.12710836061532,0.0
479,290.27,286.22,25.782596118452084,32.617550092824004,6.989999999999952
480,288.22,285.5,26.04181636050715,15.525753788912468,0.0
481,288.86,286.77,26.208558975270176,15.255846060919964,0.0
482,286.91,277.88,26.73595564311289,0.0,0.0
483,278.9,270.36,27.262534327689714,0.0,0.0
484,277.09,272.37,27.606753231599114,0.0,18.5
485,277.04,274.3,27.832047788710184,22.588733292173885,0.0
486,280.82,276.07,27.935700956460455,20.737534099531587,0.0
487,281.15,277.56,28.006636622743137,38.42045249686212,0.0
488,280.07,274.97,28.166247666375355,38.52051449458551,0.0
489,279.3,275.47,28.304763652315785,31.52696351894558,6.849999999999966
490,277.36,274.41,28.336651139910693,31.41487979015342,0.0
491,274.87,268.61,28.410267778684513,29.572296017955125,0.0
492,273.76,264.7,28.714947307752745,28.868591996382918,0.0
493,271.81,266.23,28.843364045944565,21.057087029031393,0.0
494,271.0,262.29,29.079045657780508,33.1446427692657,15.069999999999993
495,270.25,259.85,29.437251259323208,28.597682271303555,0.0
496,268.12,263.12,29.697704175184292,30.568026705940184,0.0
497,273.23,270.12,29.67615475585432,42.57763058296637,0.0
498,273.73,270.38,29.583370594868764,45.491398133909854,0.0
499,275.23,269.59,29.55944225482661,52.00550525793548,15.379999999999995
500,274.01,271.35,29.433152747065083,44.40542066673058,0.0
501,275.3,273.25,29.29149943409752,41.25259935886619,0.0
502,281.1,277.08,29.13966018959037,54.63474159079788,0.0
503,281.22,279.22,28.764148432070296,64.38234890095731,0.0
504,279.24,276.18,28.27284913262243,64.29041146431854,9.870000000000005
505,277.46,271.99,27.935865667306032,58.86797603429388,0.0
506,275.325,271.25,27.706862333811536,54.333676320655506,0.0
507,274.61,268.45,27.184527728024012,49.54854763197334,0.0
508,273.54,267.0102,26.643402422800147,49.43932764524679,0.0
509,274.75,271.21,26.21870850473745,44.15204816593036,10.449799999999982
510,265.1613,258.62,24.35533237449158,19.106590343814148,0.0
511,267.87,262.48,24.54278568409269,39.981698602612,0.0
512,269.0,265.37,24.702983321495456,43.298705918248814,0.0
513,267.49,264.12,24.85738717805128,45.91811203088316,0.0
514,264.03,259.85,24.968796437773985,46.976275181018636,10.379999999999995
515,255.95,251.69,26.76941226918274,49.67272635976304,0.0
516,257.31,254.0,26.67151450700294,55.20261740027045,0.0
517,258.91,256.19,26.55828498509186,58.39686757919332,0.0
518,259.16,255.5,26.460140685897905,62.541848926076305,0.0
519,259.0098,257.03,26.06915585541919,66.99059390764847,7.470000000000027
520,263.83,261.79,23.243495905793004,74.48077195659472,0.0
521,264.55,262.48,22.938566214164467,62.72186202072345,0.0
522,268.52,264.25,22.673961962189814,59.85480195797733,0.0
523,270.47,267.27,22.483161039632556,69.17760771257115,0.0
524,271.2,269.18,22.14406481302155,82.46711665142602,9.409999999999968
525,272.03,269.36,21.83859367714522,82.64006703205033,0.0
526,273.44,271.88,21.603510788554953,77.4155071727068,0.0
527,273.34,271.92,21.45778453687597,78.74339433142129,0.0
528,271.55,268.29,21.42097338265833,75.52816146160716,0.0
529,270.58,267.83,21.43816490963906,59.27104662859656,5.610000000000014
530,281.31,279.43,22.30661356713972,74.89985761787776,0.0
531,280.3,278.9,22.344707587655442,74.76283038204221,0.0
532,279.59,277.48,22.3725738337426,74.26579614183419,0.0
533,279.45,278.32,22.305899102199223,73.97684258117047,0.0
534,280.88,278.82,22.343887494365653,76.63836968889622,3.829999999999984
535,281.87,276.84,22.646017318120016,81.08591828258135,0.0
536,279.76,278.41,22.85867621410928,67.436806516921,0.0
537,279.16,276.97,23.074717495813694,62.46314581920945,0.0
538,276.99,274.07,23.231008146908565,26.107477779562444,0.0
539,274.65,272.42,23.341836111869426,16.000470325406454,9.449999999999989
540,278.62,275.23,23.560084048470937,14.977104696960325,0.0
541,280.07,278.85,23.654770498794115,50.3975638665316,0.0
542,283.3052,280.3,23.85227809792071,60.17139683509532,0.0
543,281.84,280.6662,23.993117530769112,70.44507153036874,0.0
544,282.21,280.33,24.037334686117042,60.11599676193286,8.075199999999995
545,286.16,284.4,25.995275574052336,57.54769785708248,0.0
546,286.23,285.09,25.952515260508513,86.87196811965276,0.0
547,287.76,285.75,25.879197902995475,65.53320350693673,0.0
548,287.459,286.01,25.83068216833936,66.5239670171349,0.0
549,288.63,287.6,25.6898371121611,67.47448705395459,4.230000000000018
550,290.435,289.07,23.889850309020762,70.47864398001305,0.0
551,293.14,290.42,24.05471524524433,73.82420170222619,0.0
552,293.16,292.07,24.043660829931444,86.21309502070501,0.0
553,292.78,290.73,23.99239786188755,73.06547368966773,0.0
554,293.49,291.2401,23.844120678183398,68.97899807671396,4.420000000000016
555,294.45,293.41,23.545216567661157,74.24929131902459,0.0
556,294.34,291.92,23.417957965591803,82.07770540347146,0.0
557,294.95,291.8,23.456884388191785,81.4255674898915,0.0
558,292.7,289.52,23.523340998119977,58.94683160218305,0.0
559,294.34,291.2998,23.682476721691263,49.5680714258242,5.430000000000007
560,293.31,288.9,24.00936808661207,65.11065913223041,0.0
561,290.81,285.81,24.446732228870363,47.17362994777175,0.0
562,289.43,286.87,24.821083538153548,22.34777177812414,0.0
563,287.33,283.3,25.18123765879656,20.77810934937753,0.0
564,288.94,282.3,25.68622940407764,32.853082883732014,11.009999999999991
565,283.49,279.93,26.129215115970894,36.63115559594465,0.0
566,285.1,281.85,26.474594568796313,21.941331400329005,0.0
567,285.77,281.36,26.81454253958365,32.1013513029047,0.0
568,289.21,285.76,27.121001187830643,36.094997355218766,0.0
569,288.6,285.1207,27.385276604861673,43.78566980964312,9.279999999999973
570,285.962,283.12,27.500262147731465,39.71910715478216,0.0
571,286.93,285.55,27.527578938075944,37.67899901973239,0.0
572,286.69,285.1,27.481389987386176,45.61609916091772,0.0
573,283.21,280.57,27.351721858823037,40.52895731342305,0.0
574,284.2,282.09,27.216447200957433,34.72636466930048,6.360000000000014
575,276.5521,273.09,26.815325122828096,31.546960902258732,0.0
576,280.68,276.62,26.88769537414233,26.230160732047437,0.0
577,282.99,280.32,26.86221075450498,53.509485716636604,0.0
578,285.55,282.57,26.73210465279063,67.93435123377478,0.0
579,288.85,285.74,26.55405596269471,77.79168250382644,15.760000000000048
580,290.82,288.8734,26.306598151702325,63.19614376866754,0.0
581,291.4,288.1805,26.004399362157738,63.831504590167995,0.0
582,289.26,287.815,25.561421186568356,64.76422440551008,0.0
583,289.98,288.62,25.194029003349833,51.55078320435494,0.0
584,289.93,288.41,24.802769868312172,53.34199051518958,3.5849999999999795
585,290.22,289.18,24.24549427851937,51.53241790477724,0.0
586,293.57,290.99,23.873432749079043,77.85121336369086,0.0
587,293.65,291.47,23.618884224986232,82.09783679703315,0.0
588,296.3093,293.1255,23.463873611919013,92.47047496859366,0.0
589,295.52,293.76,23.324714533673784,95.70931478034338,7.129300000000001
590,294.58,293.47,23.150376012555082,80.93717357155938,0.0
591,293.73,290.64,23.130525785274678,76.7709019586822,0.0
592,292.31,290.345,23.198142847253358,57.94622071703002,0.0
593,292.06,290.89,23.255584131517104,52.21563299963012,0.0
594,293.55,292.01,23.280618004956775,54.57480184355579,4.234999999999957
595,298.2579,296.22,24.12181354892582,74.06517944873522,0.0
596,297.52,295.48,24.165391733181437,62.0786884873675,0.0
597,299.66,297.78,24.09504640663105,68.5985994432111,0.0
598,299.58,298.2,23.995580927884884,63.61895827070666,0.0
599,300.73,299.51,23.849169653158018,70.32235546477892,5.25
600,301.13,300.19,23.644771870633143,74.82189502267089,0.0
601,300.88,299.44,23.50996935435474,84.03182752319039,0.0
602,299.93,297.74,23.417165668622538,75.78855223715914,0.0
603,299.25,296.7,23.487142252760155,60.47907184363583,0.0
604,300.07,296.96,23.712574023732085,62.494382975426646,4.430000000000007
605,298.5,297.04,23.891592149476757,48.41260809184835,0.0
606,300.03,298.22,24.098332892509116,50.71161022883712,0.0
607,301.44,299.09,24.257091273013753,56.56869781859327,0.0
608,301.0,299.11,24.36670381353926,62.88488075632127,0.0
609,302.23,300.62,24.347090997527513,58.185923217071256,5.189999999999998
610,302.01,300.85,24.305541693721135,64.70508906822742,0.0
611,301.17,299.49,24.3412967136588,59.79307490735218,0.0
612,301.2,295.2,24.625489503108053,54.709161256673276,0.0
613,300.87,293.96,25.138407696489537,27.309102907236166,0.0
614,294.12,290.9,25.57361317657839,13.475582291179677,11.110000000000014
615,288.21,281.72,26.09992715792765,0.0,0.0
616,288.04,284.28,26.428423415361067,0.0,0.0
617,288.82,282.04,26.56593668427086,29.92893212132003,0.0
618,293.62,289.01,26.72661666739926,31.332492427434445,0.0
619,293.24,289.65,26.798277092863014,45.63166615564077,11.899999999999977
620,291.6052,287.02,26.894427398036616,40.24358542235696,0.0
621,294.15,287.36,27.08594178735505,33.603044141010145,0.0
622,292.4644,283.76,27.399394198711267,44.72564765795907,0.0
623,285.64,282.39,27.62027495533927,32.19502470672785,0.0
624,289.33,284.7138,27.84046420724998,33.97582584884772,11.759999999999991
625,293.08,291.44,27.97707428572131,42.42441000659025,0.0
626,292.36,289.95,28.04338873790215,49.93768170085612,0.0
627,292.86,291.72,27.94579006652948,48.02016583250043,0.0
628,293.93,290.4,27.802089030912445,53.15996159540548,0.0
629,292.76,283.47,27.817930861292027,59.779740719472436,10.45999999999998
630,288.0,285.58,27.803350846275375,42.98054696528777,0.0
631,289.95,286.03,27.79892163850869,48.60490116146097,0.0
632,289.07,285.25,27.754093704426765,42.68949342954665,0.0
633,293.16,290.61,27.671545748693188,48.128942478693304,0.0
634,294.2399,291.42,27.59899724933608,57.40602913164702,8.989899999999977
635,301.1378,299.45,23.650189712483275,85.36446998447795,0.0
636,301.02,299.75,23.296364030038774,62.704837761315595,0.0
637,301.22,298.24,22.981556522672193,62.01931006964075,0.0
638,302.63,300.7103,22.580071861504113,62.13426554625237,0.0
639,300.67,297.41,22.42368275042452,79.33078354406571,5.21999999999997
640,299.0,297.27,22.276624592043323,61.57502314485637,0.0
641,299.84,294.81,22.459246849927275,15.226804785525644,0.0
642,298.11,294.33,22.733119726760247,9.12437579839738,0.0
643,297.86,295.45,23.024647355616835,43.347295330718524,0.0
644,297.9465,293.69,23.337358480671167,40.02350181725436,6.149999999999977
645,297.55,295.92,23.272017423124648,33.71870526787099,0.0
646,298.455,293.0,23.44658451814751,37.4996237443358,0.0
647,291.51,286.64,23.667696920739093,25.536591740815183,0.0
648,290.45,284.82,23.942366398356558,15.981780679134445,0.0
649,294.63,290.82,24.20075391378407,28.253043986086766,13.634999999999991
650,295.26,292.77,24.37385314134319,41.85778861000394,0.0
651,291.85,288.49,24.55108737801315,38.92921264894435,0.0
652,292.3,288.6559,24.76636475893532,31.126940805645447,0.0
653,294.21,291.0,24.84074610353995,40.898165514676144,0.0
654,298.74,296.1448,24.951656551548485,45.99957568262366,10.25
655,296.67,295.57,24.97944940006053,54.718560670352964,0.0
656,299.7,296.97,25.022784495021007,52.47432643367531,0.0
657,299.16,297.92,24.978530746160743,59.162654474748976,0.0
658,300.24,298.515,24.928390968068854,59.53174463998373,0.0
659,299.395,296.99,24.947076058023796,60.262278413561184,4.670000000000016
660,300.21,298.935,24.93454957450693,51.51508767432869,0.0
661,300.9,298.91,24.97239276886573,54.31928681700287,0.0
662,299.94,298.495,24.89492402029863,51.719596430320024,0.0
663,301.07,299.4601,24.821224888737376,64.54200589479055,0.0
664,302.2,299.6806,24.726912443799737,68.23974065899903,3.704999999999984
665,303.85,302.91,24.611089396782745,81.6920743015572,0.0
666,304.23,302.86,24.29595448271002,82.73128574320435,0.0
667,304.55,301.99,24.048760122157496,80.6975148827531,0.0
668,304.13,301.73,23.928577398855456,80.20938382072868,0.0
669,306.19,304.74,23.711198424532768,74.20021302559365,4.4599999999999795
670,308.0,306.96,23.555839821706577,78.49213418464844,0.0
671,307.9195,306.71,23.24150822828073,82.38419508578622,0.0
672,307.4,306.06,22.88978462853026,78.90311830261648,0.0
673,309.65,307.66,22.558351147690285,83.65023197885213,0.0
674,309.0036,307.03,22.343155345886316,84.25830436645958,3.589999999999975
675,308.94,307.27,22.239928429737375,89.62166350776562,0.0
676,309.99,307.7,22.226984422395184,82.38656938007742,0.0
677,309.54,307.66,22.221781504187014,76.11323634749239,0.0
678,309.64,308.09,22.211765339572867,75.28214122232289,0.0
679,311.84,310.26,22.229840744616162,81.97461445324787,4.569999999999993
680,315.18,313.8,24.39622206754321,60.42492056731854,0.0
681,314.55,312.81,24.48974730426007,56.078342509054195,0.0
682,314.7,313.4393,24.571349834593526,56.50268113614528,0.0
683,317.99,314.17,24.867660248552774,60.60375184077499,0.0
684,318.67,316.02,25.116102131778092,67.66379529031872,5.860000000000014
685,323.73,320.36,25.400299634444977,61.876557560071646,0.0
686,323.54,322.24,25.62348477668029,63.35952117412933,0.0
687,325.78,322.67,25.676912558750505,57.71449755403103,0.0
688,326.73,325.52,25.570089581794463,64.08981429215228,0.0
689,327.46,325.2,25.51681979523203,69.07504335398534,7.099999999999966
690,325.12,322.66,25.36115891415375,39.29076530178294,0.0
691,327.85,323.6038,25.72877720526852,8.744540941382283,0.0
692,328.63,326.4,25.89249314682693,34.32542809217773,0.0
693,327.91,323.54,26.231429433406394,45.82685561045319,0.0
694,327.17,320.73,26.77683794799293,50.8221154486543,7.899999999999977
695,326.16,323.22,27.168491153830406,32.52622028537472,0.0
696,330.01,327.72,27.399243366044583,41.03582106813476,0.0
697,333.09,330.67,27.423174176282732,67.12801156095799,0.0
698,334.49,332.8,27.332309457219175,72.79895132225866,0.0
699,333.9941,331.6,27.17308726245076,59.71175439252428,11.269999999999982
700,333.5623,321.24,26.59136137653746,17.009363073306375,0.0
701,324.61,311.69,27.39535919272379,5.301120520234051,0.0
702,318.11,310.7,28.03735708197829,0.0,0.0
703,311.5637,297.51,28.717784213720197,0.0,0.0
704,297.892,285.54,29.22534531560779,0.0,48.02229999999997
705,309.16,294.46,29.457866107386582,6.454283629734832,0.0
706,313.84,297.57,29.74368307505666,31.251164007972847,0.0
707,313.1,303.33,29.801587738844844,24.866575884450356,0.0
708,308.47,300.01,29.841071206104104,40.47971962933282,0.0
709,298.78,290.23,29.73755290938157,33.992825865850875,23.609999999999957
710,284.19,273.45,29.484347298563705,31.61334723247188,0.0
711,288.52,273.5,29.41845343533092,22.429488260306698,0.0
712,281.94,270.88,29.433665389450223,34.502229177037904,0.0
713,266.66,247.68,29.60840992394578,31.0958370172294,0.0
714,271.4754,248.5237,29.956873791088423,24.194271833023194,40.839999999999975
715,262.43,253.53,30.828540936831935,45.450376346202226,0.0
716,263.33,256.22,29.95676364055515,52.0108125106633,0.0
717,257.6591,243.9,29.3199234493692,55.47103098358538,0.0
718,252.68,244.59,28.586305704362964,44.17658783584123,0.0
719,253.32,245.22,27.901735445701465,54.75081407274186,19.42999999999998
720,286.7912,281.35,24.0869434032124,69.61916781921158,0.0
721,278.04,272.02,23.59674652557783,64.80652450973355,0.0
722,281.0,276.91,23.113075269392613,59.664254888567896,0.0
723,283.94,278.75,22.658528913291345,62.67507777668064,0.0
724,283.7,278.5,22.295909453506553,64.49853778702541,14.771200000000022
725,288.27,284.62,21.957051429589804,62.37034304514396,0.0
726,291.4,285.4,21.746236850418125,65.9120032089947,0.0
727,294.88,290.41,21.6001902545942,60.45532382031943,0.0
728,293.3239,288.59,21.439239099384867,66.22014750657235,0.0
729,290.6572,281.52,21.42278459245704,63.25104144782327,13.360000000000014
730,283.9,279.13,21.430656695439005,48.62580520587271,0.0
731,289.25,283.7134,21.485466259924348,52.777763387835016,0.0
732,288.46,283.78,21.569374391616577,55.53656175587139,0.0
733,289.78,287.13,21.53222536884991,59.93920661440546,0.0
734,292.95,287.68,21.560505753659747,56.81805161129436,13.819999999999993
735,294.0,289.88,21.599056212294347,69.43503006264018,0.0
736,294.24,286.52,21.610005342255945,66.83884951730451,0.0
737,287.19,278.965,21.72789323792014,54.05702445401987,0.0
738,285.11,272.99,22.000951249172804,43.31326940755024,0.0
739,286.33,281.34,22.23631827488818,46.58702410938373,21.25
740,296.75,292.7,22.417628935350386,49.705887689287174,0.0
741,296.205,291.95,22.517753844649395,58.46393207765213,0.0
742,297.87,295.57,22.519827645938083,54.96970839131977,0.0
743,297.67,293.6886,22.569877840446438,66.65567530114038,0.0
744,295.63,293.22,22.59564926476607,57.71698199571127,5.920000000000016
745,306.205,303.06,23.46355375992839,69.16762390264113,0.0
746,308.13,305.1,23.572057566225958,77.08064092032522,0.0
747,313.22,309.94,23.61383904266145,86.04553822642639,0.0
748,313.0,309.08,23.668506886344968,87.66375938203976,0.0
749,321.275,317.16,23.730903574736047,86.43577449952863,18.214999999999975
750,323.41,319.63,23.666785832886564,95.17826735315089,0.0
751,323.2849,319.36,23.64198920519306,92.71343117959475,0.0
752,322.39,318.2209,23.63288533172846,83.35045351144333,0.0
753,312.15,300.01,23.938491033684535,69.42100442828477,0.0
754,309.08,298.6,24.403003202090456,23.386371294390187,24.810000000000002
755,308.28,296.74,24.885292892230165,33.51871457096519,0.0
756,315.64,307.67,25.287062168057933,48.58722419071617,0.0
757,314.39,310.86,25.408298812861958,56.16693222560846,0.0
758,312.3,309.51,25.317842206849047,53.733226572614186,0.0
759,314.38,306.53,25.12835710897618,59.74255227172192,18.899999999999977
760,311.05,306.75,24.9858827142954,55.99036053375879,0.0
761,314.5,311.6101,24.86042312103403,57.24335154460528,0.0
762,310.51,302.1,24.893367404349053,50.75783797218891,0.0
763,307.64,301.28,25.02729380865342,34.888876138798466,0.0
764,306.39,299.42,25.19426595414756,38.29081904084093,15.079999999999984
765,317.68,315.56,25.18665492783069,57.62192147056377,0.0
766,317.52,313.37,25.100740192823864,61.19377806377006,0.0
767,316.3,312.7,25.055811922457263,55.72338702262697,0.0
768,317.1,310.68,25.12424838678051,59.067731664705846,0.0
769,317.88,312.76,25.202629032531117,54.889116952798645,7.199999999999989
770,322.71,314.13,25.386028085935358,56.653733610666094,0.0
771,319.76,312.0,25.61069439114447,54.99083352160815,0.0
772,323.04,319.265,25.72924487270686,67.1416204070414,0.0
773,321.28,319.09,25.718205078468568,69.08652365435697,0.0
774,322.57,319.735,25.359252618830226,73.90839209353383,11.04000000000002
775,325.13,320.62,24.93242923966805,73.02382037456424,0.0
776,326.93,323.94,24.421543076102154,74.40395647820688,0.0
777,327.2,324.5,23.96978829004328,74.23254052320232,0.0
778,327.23,321.48,23.78663020858379,75.79010686269413,0.0
779,321.99,319.246,23.69003754532521,59.16374483538139,7.984000000000037
780,323.41,320.775,23.513532516372795,56.68049173821504,0.0
781,323.64,320.85,23.387852935999057,59.790878860799815,0.0
782,325.73,322.075,23.37264545598309,55.6706978626665,0.0
783,324.41,319.64,23.32746933498324,61.39763099572705,0.0
784,326.63,321.33,23.34184351036923,61.05281799374845,6.990000000000009
785,329.62,327.73,23.23977553318691,63.077741153134355,0.0
786,330.06,327.86,23.110337876316105,65.30835261951495,0.0
787,332.39,331.18,22.90087899159693,69.10323659115352,0.0
788,334.46,331.13,22.835734253732053,71.86853518942199,0.0
789,334.88,332.3,22.797066213943406,73.70441989049023,7.149999999999977
790,335.77,332.955,22.85047342852109,73.6693061787148,0.0
791,337.54,332.01,23.039900331927257,74.1386939734877,0.0
792,338.28,332.8377,23.318491376183605,68.4135655714829,0.0
793,338.2514,335.83,23.41182211360613,78.84280332666691,0.0
794,337.42,335.62,23.393416154799638,75.03697548454254,6.269999999999982
795,338.34,336.8517,23.17649060977549,78.82265191303902,0.0
796,339.1,336.61,22.91776969345416,70.9282515258447,0.0
797,339.61,336.62,22.78679464881168,70.79216851877112,0.0
798,338.8,335.22,22.82243104079088,69.31977406068347,0.0
799,339.72,337.55,22.874048417909783,71.98047344028038,4.5
800,343.0,339.4504,22.955547608167688,75.20428959005407,0.0
801,344.21,342.27,23.01763456517052,87.34604655106652,0.0
802,347.86,344.17,23.173161607126744,88.79154434340818,0.0
803,349.9,346.53,23.257442560094503,92.73603388070018,0.0
804,350.72,348.15,23.356254411747067,100.0,11.269600000000025
805,340.38,334.2208,27.291264442874272,37.574861266548204,0.0
806,342.02,338.4683,27.42088679956108,43.72038454493576,0.0
807,343.06,338.52,27.34988519857608,44.30975755749334,0.0
808,337.6996,332.991,27.164964637605184,50.99470546726977,0.0
809,335.49,327.97,27.12860949231979,37.25736256109203,15.089999999999975
810,327.13,321.73,27.16278290071218,32.60413963286318,0.0
811,330.9,325.86,27.250005877704556,27.134934491133777,0.0
812,331.2,322.1,27.428446238506954,29.92662239109417,0.0
813,326.797,319.8,27.576520730631817,27.497753222627026,0.0
814,329.58,321.64,27.690540694902108,30.227666319873535,11.399999999999977
815,334.96,332.15,27.722857439584896,44.586721863174596,0.0
816,334.77,331.6209,27.633795873717354,49.46074623316159,0.0
817,338.29,332.88,27.61481306833775,50.15570292685391,0.0
818,338.74,335.01,27.49989812553772,54.10776048585159,0.0
819,337.0126,331.19,27.403383253950718,49.7747106337222,7.550000000000011
820,339.96,336.01,27.311934751966085,47.9421625286864,0.0
821,342.17,334.38,27.35768390339015,58.03905477196167,0.0
822,341.63,338.09,27.29889772876975,51.79155345387085,0.0
823,343.85,341.86,27.028351582632876,62.53571541186647,0.0
824,347.35,344.89,26.283586557807702,68.31521313211505,12.970000000000027
825,354.02,349.06,25.50059705937351,74.39243543040271,0.0
826,352.4651,349.09,24.820882178979794,80.83165020945867,0.0
827,351.93,347.14,24.387253307593845,75.15021088146916,0.0
828,348.02,343.13,24.016718393963846,68.35266867320996,0.0
829,350.75,347.1,23.75244682591462,64.91194353640148,10.889999999999986
830,349.33,341.04,23.718496297090457,66.15784615206735,0.0
831,346.88,342.64,23.753404149476935,52.401131612275755,0.0
832,348.6847,342.4,23.87523045261477,53.39484732401447,0.0
833,345.24,340.65,23.987782976014334,54.672153646076794,0.0
834,345.99,343.13,23.95948861077732,56.1866631898609,8.680000000000007
835,342.98,335.62,24.046755521944387,61.71965427894761,0.0
836,340.12,337.99,24.040977369122746,40.2419118800392,0.0
837,338.2483,326.13,24.191281872306075,21.40977010919049,0.0
838,333.395,325.09,24.356208578849028,9.07086229862685,0.0
839,329.69,322.6,24.462535793276093,24.58173140628034,20.379999999999995
840,332.36,327.24,24.60376613478787,20.01749418054422,0.0
841,338.25,330.2935,24.83449537837128,30.34534908250106,0.0
842,347.94,339.59,25.062999697830524,42.61723801133076,0.0
843,352.19,348.86,25.1997317244368,69.33136214750633,0.0
844,351.51,347.65,25.227836104387485,64.20700330918888,24.94999999999999
845,364.38,354.06,25.407082267421,63.564764741033336,0.0
846,355.18,350.51,25.417651009433108,68.12257051235733,0.0
847,357.56,355.06,25.385483764032063,61.009486981367466,0.0
848,356.7182,351.26,25.4538675270736,62.06125244150982,0.0
849,358.9,354.71,25.541284919803445,59.98648716762906,13.870000000000005
850,369.62,367.72,22.896314359611047,69.80673804914011,0.0
851,370.78,367.67,22.66832263845741,69.74269146782245,0.0
852,371.05,365.95,22.555734460998263,79.29535970966688,0.0
853,367.86,364.43,22.431621804102505,63.25522334173408,0.0
854,366.7402,363.26,22.435644389348383,66.66632442960054,7.7900000000000205
855,380.58,377.7189,25.759263113469892,80.04693174208234,0.0
856,379.86,376.36,25.868081675908336,68.20403316491104,0.0
857,380.86,377.85,25.965009801004307,64.74610086064287,0.0
858,381.13,378.1,25.991273816198785,64.2946280151055,0.0
859,377.58,373.7,25.901453439060603,64.6467860443405,7.430000000000007
860,377.34,370.376,25.26200295270136,33.361755098676795,0.0
861,383.22,376.3181,25.534498226339764,45.826524795643,0.0
862,383.7,380.48,25.758540773115964,53.3809436070193,0.0
863,386.24,381.9655,25.917117709369997,54.639987721559194,0.0
864,388.47,386.1444,26.037341744578892,62.215673745753264,18.09400000000005
865,390.56,388.35,26.03970089302809,62.68747606400424,0.0
866,390.89,389.17,25.632265875132738,63.67898972745024,0.0
867,392.28,387.5,25.355774280981166,62.29754789760473,0.0
868,391.69,388.1,25.005009650485206,62.41065474228999,0.0
869,392.9,389.77,24.747685401086766,62.72667734427231,5.399999999999977
870,390.92,380.572,26.33709892497387,22.24515430405181,0.0
871,390.07,386.0,26.508817826824274,54.849207520439194,0.0
872,386.83,381.31,26.675381990078904,45.68679923060677,0.0
873,384.0,371.88,26.74887435846954,37.90769404139152,0.0
874,384.76,372.64,26.84813501814531,31.194423504583,19.04000000000002
875,387.68,381.42,26.74085122040506,43.89096915717227,0.0
876,389.91,381.7299,26.617031398695648,41.575946184229736,0.0
877,391.4,388.1702,26.38424561046219,50.37206037541023,0.0
878,395.65,391.74,26.218770631801295,53.81802454607009,0.0
879,394.21,391.2,26.04037187603607,60.13866011399474,14.229999999999961
880,396.685,392.03,25.959197681762074,60.52476556982407,0.0
881,397.83,395.08,25.899156029372715,61.35322599394397,0.0
882,398.12,393.3,25.93091507149743,59.41133639101162,0.0
883,396.72,390.75,25.945604603184908,71.41892162184897,0.0
884,391.569,387.15,25.947899162485772,52.84165639199056,10.970000000000027
885,406.94,403.38,24.679077222079503,91.80268884763058,0.0
886,407.24,405.4,24.115735143135645,94.60935841499229,0.0
887,406.96,405.45,23.681719033877258,70.6825455948076,0.0
888,408.58,406.93,23.29532316695218,78.85949530430993,0.0
889,411.67,408.26,22.856970607605835,83.80122623620402,8.29000000000002
890,418.22,416.8111,22.943922206022204,64.05928799126934,0.0
891,418.14,416.3,23.022002745352957,65.17732658565643,0.0
892,419.01,416.9,23.031231046701194,63.59932743072819,0.0
893,420.72,416.44,23.085956028050173,60.81060151248714,0.0
894,418.54,416.34,23.023568418420115,66.21305356095365,4.420000000000016
895,419.84,417.665,22.9017863801044,56.20224135285605,0.0
896,416.6,411.67,22.95202969246758,59.91292670923552,0.0
897,417.63,414.94,23.046923840675554,47.787813168475296,0.0
898,419.21,413.675,23.30246715179399,46.529547704139816,0.0
899,422.815,419.16,23.569121001863962,58.43636271440622,11.144999999999982
900,422.74,417.81,23.85612483948445,68.91172997494235,0.0
901,415.27,410.06,24.21940501612477,49.906122470810324,0.0
902,412.59,404.0,24.76812410460804,34.0471235819292,0.0
903,412.35,407.02,25.276198733430856,20.024875755435474,0.0
904,417.49,413.18,25.62814079379771,38.40322056280385,18.74000000000001
905,416.39,413.36,25.900892688747753,50.450977708542034,0.0
906,416.06,411.77,26.129929324982093,48.84620522972903,0.0
907,411.05,405.33,26.33734389209223,41.79689639897979,0.0
908,416.625,411.67,26.52557821957075,41.75942529532307,0.0
909,418.2,414.45,26.66852960915797,49.21570469412588,12.870000000000005
910,420.32,417.08,26.71588280725695,50.31240850962248,0.0
911,420.71,417.62,26.606149136157068,57.00477897402145,0.0
912,419.61,417.76,26.33135477484818,53.23121573427777,0.0
913,420.72,418.9851,25.922755717842588,52.633325096489685,0.0
914,421.25,419.79,25.444676302760044,52.93617456818417,4.170000000000016
915,422.78,421.19,24.932573102989807,69.5185077593139,0.0
916,423.21,420.32,24.932816469504147,74.82945177283045,0.0
917,423.26,421.41,24.774545381858914,77.7592766417894,0.0
918,424.63,421.55,24.69736466599003,68.5915055623921,0.0
919,424.43,422.82,24.455490466389147,75.2439426856516,4.310000000000002
920,425.37,423.1,24.24554786958459,72.70716497292133,0.0
921,425.46,423.54,23.984744179505466,78.53345491999933,0.0
922,424.87,419.92,23.872841621617223,70.71812961031719,0.0
923,423.02,419.32,23.656562387640218,54.32196494880407,0.0
924,417.8281,414.7,23.490103997296373,16.097431824199077,10.759999999999991
925,421.06,415.93,23.50205778632578,8.171164915731723,0.0
926,424.0,420.08,23.601637960285434,44.183409015723456,0.0
927,424.05,422.51,23.587208211341515,51.521223547839305,0.0
928,425.55,424.62,23.415355499025157,50.688394299717075,0.0
929,427.0943,425.55,23.20424229293664,57.7838230260199,11.164299999999969
930,427.65,425.89,23.026090368413875,61.0225221912499,0.0
931,428.56,427.13,22.87064805788084,63.630137055198034,0.0
932,428.78,427.18,22.74882020632194,65.35272617922047,0.0
933,430.6,428.8,22.713945659414275,62.722368360636395,0.0
934,434.1,430.5218,22.870002794885462,67.27326710738728,8.210000000000036
935,437.35,434.97,24.352624620452875,76.81687009479275,0.0
936,437.84,435.31,24.527947294831513,77.75653607576629,0.0
937,437.92,434.91,24.66402496286165,71.95590317518497,0.0
938,435.53,432.72,24.813817987097888,65.94071864723689,0.0
939,436.06,430.92,25.023662923092044,63.542052128791426,7.0
940,431.4089,421.97,25.53001550894291,37.99999068822469,0.0
941,432.42,424.83,26.048717976250636,9.178729802920842,0.0
942,434.7,431.0111,26.418976242765698,50.21650184713571,0.0
943,435.72,433.69,26.44700497477797,54.880599100947094,0.0
944,440.3,436.79,26.390507542193514,56.148236264434644,18.329999999999984
945,441.03,439.26,26.245893785471903,62.26484250848288,0.0
946,439.94,435.99,26.031052515048632,62.98013182437842,0.0
947,440.3,437.31,25.809023089173557,61.31721311278255,0.0
948,441.8,439.81,25.6654982922089,61.60619766190795,0.0
949,440.06,437.77,25.620481707679666,63.189508308240306,5.810000000000002
950,440.93,437.21,25.677764511064666,63.901993782669116,0.0
951,441.28,436.1,25.85878410071017,52.636653799210364,0.0
952,441.1243,438.73,26.00946461631867,61.65535015894454,0.0
953,441.85,439.88,26.10678887112991,59.14185337174321,0.0
954,442.94,441.8,26.10955273553841,71.92102113598708,6.839999999999975
955,442.795,441.31,25.93863040033192,69.30461178700523,0.0
956,443.44,441.88,25.633293639590647,64.89012340680694,0.0
957,443.882,442.62,25.282476817260125,65.3968010665029,0.0
958,445.2572,442.66,24.93998810183283,63.70083918852565,0.0
959,445.94,445.07,24.463649532303382,66.37357067722553,4.6299999999999955
960,447.11,442.87,24.297149086596068,73.09951279696499,0.0
961,444.96,440.85,24.314950920443053,75.92589100825683,0.0
962,444.625,438.92,24.508658682054623,52.052662074958015,0.0
963,441.14,436.12,24.76026701110587,25.388709624967092,0.0
964,443.71,439.71,24.858067234327528,27.476398181842754,10.990000000000009
965,448.23,443.4355,24.705974550453984,48.12567184944143,0.0
966,448.54,447.42,24.348421703942687,62.94486213039106,0.0
967,449.457,447.77,24.05923045602936,65.3102763217216,0.0
968,448.86,446.16,23.92746402575772,66.72888977827341,0.0
969,450.65,447.06,23.886377991794106,57.16533060836502,7.214499999999987
970,453.07,450.71,23.911368213168842,65.23733647741321,0.0
971,452.49,450.92,23.84788458017633,67.9241453048794,0.0
972,453.11,451.545,23.764569483751377,64.65622121966007,0.0
973,454.05,451.91,23.745753542998656,65.49660582307047,0.0
974,453.63,451.55,23.755683659611133,65.20226552719208,3.340000000000032
975,436.56,428.86,26.68536973341232,25.94970458513086,0.0
976,437.91,433.07,26.919848348564877,16.853632076472564,0.0
977,440.03,433.747,27.040722259819095,13.789442111159815,0.0
978,444.89,439.6,26.96146726837994,30.04662220799848,0.0
979,444.67,441.21,26.75360063245662,43.21208980381105,16.029999999999973
980,444.05,441.9,26.486365878214848,45.78942976538937,0.0
981,440.04,432.94,26.327343349252523,43.894709733586474,0.0
982,437.04,433.85,26.281640250659674,32.65995157192536,0.0
983,436.77,428.78,26.44648609894072,35.86877223457786,0.0
984,436.0329,427.24,26.70704982512541,29.016592510436823,16.810000000000002
985,433.96,426.36,26.927249655797727,40.526290481561965,0.0
986,435.49,429.39,27.130278795736796,31.772400552151367,0.0
987,435.1199,427.54,27.40033197596279,40.18517580311242,0.0
988,441.68,438.2,27.594742511696253,45.93129917542346,0.0
989,439.89,437.19,27.68177501919726,56.1092969233934,15.319999999999993
990,440.26,434.62,27.784301021998104,54.94298895450623,0.0
991,436.1,432.78,27.82574280369532,46.7957761408445,0.0
992,436.05,431.54,27.81331373318982,40.97971029538317,0.0
993,442.66,438.58,27.687042603976277,43.831567263357556,0.0
994,446.26,444.09,27.29962464411635,76.3851484265578,14.71999999999997
995,447.55,443.27,26.921669484876993,79.66078198507222,0.0
996,450.7,448.27,26.49225094491056,83.79303210424018,0.0
997,452.732,451.01,26.027796590336447,79.21916898409611,0.0
998,453.829,451.31,25.612822946425407,79.07511857317638,0.0
999,454.67,451.05,25.287640019439046,87.63113820020655,11.400000000000034
1000,455.9,452.39,24.896726288785175,59.00784044857352,0.0
1001,458.49,455.56,24.575561808127524,61.69977026037685,0.0
1002,457.16,453.86,24.273884044980974,61.004773396300834,0.0
1003,458.4,455.45,24.018091061030418,76.95799932828405,0.0
1004,459.56,455.56,23.91126208366649,86.66592863679648,7.170000000000016
1005,460.7021,458.2,23.880186564571478,89.17053956952587,0.0
1006,462.23,460.08,23.706122151430165,89.2882679123029,0.0
1007,465.15,460.83,23.688670207278104,88.65148105085798,0.0
1008,467.0,464.99,23.495846843654114,89.7320197232555,0.0
1009,470.65,466.92,23.26591420504716,90.77214512050573,12.449999999999989
1010,470.23,468.2031,22.98215191898773,90.94984095896211,0.0
1011,469.57,465.88,22.804500539744538,90.77626502419861,0.0
1012,467.38,462.04,22.74117096656404,80.74057410930772,0.0
1013,465.29,463.75,22.67816410411769,63.71821377496471,0.0
1014,467.86,464.11,22.749368711994812,61.83733793966572,8.189999999999998
1015,468.81,466.23,22.762152156457184,69.22752079798776,0.0
1016,470.485,467.07,22.84720926037589,73.00691002456898,0.0
1017,469.19,467.48,22.8545127096169,73.33946622630974,0.0
1018,470.01,466.34,22.92558003783935,74.45233803539122,0.0
1019,470.94,468.5,23.034895010359296,76.21874528697003,4.7099999999999795
1020,470.56,466.27,27.638778449179625,56.34190840022306,0.0
1021,465.74,460.25,27.623761194913776,51.803804138426564,0.0
1022,470.86,460.74,27.683568366487336,47.52186826598349,0.0
1023,472.87,464.8,27.654510691211325,60.38675258474319,0.0
1024,464.74,458.06,27.72377687625895,52.60299907942228,14.810000000000002
1025,465.74,456.5973,24.397255758249205,50.80489423503467,0.0
1026,469.85,462.05,24.29313913734738,41.96568682865831,0.0
1027,473.2,468.94,24.110494226207418,48.640635561342734,0.0
1028,472.88,463.44,24.19084832247818,49.047819792934185,0.0
1029,465.09,459.9,24.305654031614772,29.2662185834038,16.60269999999997
1030,450.28,439.81,28.231219473043023,34.97381067066874,0.0
1031,453.63,446.9384,28.291556138996846,44.17371336896869,0.0
1032,458.12,453.05,28.312503947107317,47.40271632387754,0.0
1033,452.97,445.71,28.334020398309395,55.524736196306556,0.0
1034,452.78,443.83,28.355096291353362,43.65478536283008,18.310000000000002
1035,450.99,445.85,28.364300262677173,49.21885232684259,0.0
1036,451.92,445.22,28.32256322198497,49.6483380148624,0.0
1037,457.88,455.005,28.173062734606233,56.47617957085629,0.0
1038,457.71,447.2,27.883947540692482,67.99789613866918,0.0
1039,451.605,438.94,27.702741457895897,55.32381387505226,18.939999999999998
1040,438.2,430.7,25.941675535945595,46.22639708329886,0.0
1041,437.17,427.21,25.569583742396862,43.592921723182585,0.0
1042,439.72,431.57,24.380260450017122,34.77982156339198,0.0
1043,441.11,433.8,23.657022070942983,47.208632010595515,0.0
1044,433.37,427.88,23.17652231817952,48.51883027888853,13.900000000000034
1045,432.3018,419.36,22.94867610055604,45.177168178315156,0.0
1046,427.21,415.12,22.903189939382337,18.823939741584567,0.0
1047,429.51,422.83,22.919452894186943,29.134770941222243,0.0
1048,426.43,420.44,22.982926276592355,45.30759401467886,0.0
1049,428.77,419.53,23.113495942624322,44.61601970221859,17.18180000000001
1050,424.55,415.79,23.258761241196307,41.51673446025237,0.0
1051,426.84,418.42,23.453096961501153,41.338068277286936,0.0
1052,435.68,424.8,23.70263006667829,49.04746487590237,0.0
1053,441.07,433.19,23.98530067011857,77.05272083632875,0.0
1054,444.86,437.22,24.16620169467469,78.04627345341055,29.069999999999993
