,SPY_high,SPY_low,VBM,MI,weekly_range
0,209.7295,207.2,0.0,0.0,0.0
1,208.289,205.78,0.0,0.0,0.0
2,208.68,204.18,0.0,0.0,0.0
3,207.43,205.14,0.0,0.0,0.0
4,204.14,201.51,0.0,0.0,8.21950000000001
5,193.41,189.82,-67.23038142747876,23.71742821996674,0.0
6,194.55,191.14,-69.12498372116517,23.814163535565914,0.0
7,194.86,188.38,-68.64153805433466,24.172643943214123,0.0
8,193.26,187.66,-65.07265031652817,24.587343897367223,0.0
9,188.76,185.52,-64.71813948591519,24.77576076811431,9.340000000000003
10,194.58,191.84,-49.06550486929776,25.6643161115963,0.0
11,191.97,189.54,-50.785879979828486,25.800672552241895,0.0
12,191.78,187.1,-46.59133307423239,26.03900144469538,0.0
13,192.75,189.96,-46.14749999999998,26.252950387506143,0.0
14,191.6696,187.2,-45.08647813589473,26.514913635480077,7.480000000000018
15,186.12,182.8,-44.67578463371574,26.704354681969058,0.0
16,186.94,183.2,-45.80200072714444,26.824753163345317,0.0
17,188.34,185.12,-45.29271934233065,26.91504060244168,0.0
18,184.1,181.09,-46.079511998965955,26.925791451875753,0.0
19,186.65,183.96,-44.30623402672184,26.76719612588523,7.25
20,196.23,193.33,-52.14749500450837,23.50205440636603,0.0
21,198.21,194.4542,-49.106781171514186,23.57761385437358,0.0
22,199.06,197.25,-51.75966077066834,23.629509393031647,0.0
23,199.795,198.11,-54.168800087113055,23.568606033870623,0.0
24,201.35,199.03,-57.280918799305006,23.5401555060685,8.019999999999982
25,201.07,199.25,-57.52478757811314,23.458882813488216,0.0
26,199.92,198.21,-59.858175026601494,23.393782615764856,0.0
27,199.79,198.43,-62.35770492381939,23.33036982740884,0.0
28,201.07,197.38,-60.99923198394017,23.329692765949464,0.0
29,202.81,199.5179,-61.61511003435394,23.426980629212522,5.430000000000007
30,203.04,201.77,-64.51359072170246,23.37013017689008,0.0
31,202.5307,201.05,-66.95175036092044,23.28154407329501,0.0
32,203.82,201.55,-68.14735983154975,23.211450688186794,0.0
33,205.23,202.77,-72.3995826661127,23.1934845898088,0.0
34,204.78,203.8,-75.56999930918293,23.112102356044115,4.179999999999978
35,207.07,205.89,-97.94185950382202,23.40227859884826,0.0
36,206.2642,203.89,-99.20435044239932,23.473824131108007,0.0
37,206.49,203.98,-98.53702705938724,23.5118691141168,0.0
38,205.56,203.09,-102.4047013002947,23.63902679418705,0.0
39,205.85,203.87,-101.70949968286023,23.785608911228202,3.9799999999999898
40,208.66,207.54,-111.9356951267748,23.832103474109545,0.0
41,209.52,208.36,-111.95703435399716,23.86233248349392,0.0
42,209.81,208.05,-109.73051888025402,23.93505175979741,0.0
43,209.76,206.96,-110.3502077925851,24.165293035178816,0.0
44,207.13,205.03,-111.36388230417899,24.40845988096116,4.780000000000001
45,208.18,206.41,-109.52972126755127,24.643338621250333,0.0
46,206.8,205.28,-106.84707908836414,24.689061846591283,0.0
47,205.85,204.42,-111.4149313394379,24.74169263934803,0.0
48,205.98,204.47,-112.40209166212306,24.824315049910556,0.0
49,205.77,203.88,-110.37830539613286,24.769123401605757,4.300000000000011
50,206.4,205.36,-113.85453410784,24.725487350623183,0.0
51,208.5,206.64,-109.30811828485757,24.662597186925513,0.0
52,208.54,206.5,-110.74499465247138,24.597365312312895,0.0
53,207.4899,205.37,-112.0333387675254,24.545926312606525,0.0
54,206.86,204.38,-115.50039433813467,24.57807704464214,4.159999999999997
55,207.34,204.89,-110.785711359633,24.641133460908115,0.0
56,206.8,204.23,-109.70878518338007,24.69815557615941,0.0
57,206.3,203.63,-111.21713058628096,24.856450140421646,0.0
58,204.54,202.78,-109.52411809971242,25.02267485597958,0.0
59,206.1,204.86,-105.79156880697427,25.17188433404322,4.560000000000002
60,205.84,204.985,-105.77745807741299,25.141891695728674,0.0
61,208.24,206.14,-103.50690172499114,25.18951998153588,0.0
62,209.77,207.8691,-101.7181227760413,25.24577862620801,0.0
63,209.71,208.97,-105.87533692457986,25.19754932699059,0.0
64,210.25,209.47,-104.85146900317778,25.101760370354015,5.264999999999986
65,211.77,210.51,-102.96551903069296,24.84201523775906,0.0
66,212.34,211.5,-105.13069726440887,24.659362562678794,0.0
67,212.52,211.6899,-108.43707997311814,24.478185366192534,0.0
68,212.22,211.19,-111.9107367689835,24.33170525154957,0.0
69,210.86,209.43,-113.87940212068297,24.251290587239982,3.0900000000000034
70,210.37,208.35,-115.06024096385529,24.249746767008265,0.0
71,208.74,206.9199,-115.49863836088595,24.356806916966764,0.0
72,209.36,207.53,-114.71135631306255,24.450178376518693,0.0
73,208.57,205.59,-113.39308694747976,24.629617161135776,0.0
74,207.2,205.75,-113.29659793877383,24.68951537175768,4.780000000000001
75,209.61,207.75,-111.05214610012327,24.681990822797264,0.0
76,208.92,207.78,-113.1554869918065,24.56858909384207,0.0
77,209.5,207.93,-117.0638331774858,24.427096632199813,0.0
78,210.87,209.27,-115.22555999015769,24.27096872995712,0.0
79,210.8463,202.72,-107.84636632095847,24.73732285984395,8.150000000000006
80,201.6,198.65,-104.6549146563129,25.141512638156925,0.0
81,203.23,201.12,-97.83466548202036,25.47891382483427,0.0
82,206.93,204.72,-90.3318717221219,25.674399622819315,0.0
83,209.54,206.56,-88.9829947069618,25.841478887236647,0.0
84,210.49,209.29,-89.64465661198086,25.96953047527235,11.840000000000003
85,214.07,212.95,-81.23183299228835,26.220259051614285,0.0
86,215.3,214.25,-83.15694534473393,26.110324314341366,0.0
87,215.45,214.35,-77.42573117072916,26.031681227764484,0.0
88,216.67,215.66,-73.13533119002702,25.968869218177947,0.0
89,217.0125,215.308,-75.18269990791048,25.956896226642517,4.0625
90,216.6,215.67,-78.03077504299705,25.86337723603144,0.0
91,216.23,215.63,-82.66010176434362,25.613527034614105,0.0
92,217.37,216.24,-83.5718856028744,25.342944654684267,0.0
93,217.22,215.75,-83.25446243254464,25.106523355403205,0.0
94,217.3,216.1,-84.82581768918136,24.758190719331225,1.740000000000009
95,217.06,215.97,-87.28177235340938,24.500075286139644,0.0
96,217.17,215.76,-91.77013905335451,24.303934857630857,0.0
97,217.27,215.62,-94.82941543582275,24.25366786706765,0.0
98,217.11,215.75,-95.730864879801,24.22331445560813,0.0
99,217.54,216.13,-95.77549182599053,24.209830397313315,1.9199999999999875
100,217.65,216.405,-99.69082263263812,23.635913618281272,0.0
101,216.83,214.57,-111.60189836970542,23.324582632778736,0.0
102,216.245,215.13,-119.83104226071399,23.10698058678649,0.0
103,216.78,214.25,-122.51614874301657,23.097268642492562,0.0
104,218.23,217.07,-127.95737122557715,23.016512062211383,3.9799999999999898
105,218.52,217.74,-133.6275590928703,22.96873304444372,0.0
106,218.76,217.8,-135.58566812943045,22.951191492225696,0.0
107,218.4038,217.23,-138.21060052553983,22.88378268904327,0.0
108,218.94,217.95,-142.7090945326512,22.813797348465524,0.0
109,218.71,217.99,-147.46592738045828,22.70002290015437,1.710000000000008
110,219.5,218.88,-156.9807730738593,22.619284609544867,0.0
111,218.68,217.96,-159.396740562736,22.58123275677911,0.0
112,218.53,217.02,-160.3076544495727,22.68343924850795,0.0
113,218.9,218.21,-159.69633710981728,22.771686738683567,0.0
114,218.75,217.74,-163.7714491008089,22.835080223971413,2.4799999999999898
115,218.8,217.83,-167.74420746573236,22.943628797140953,0.0
116,219.6,218.9,-169.27671505340905,23.073640263201934,0.0
117,218.91,217.36,-166.0254346897331,23.296385736948537,0.0
118,218.19,217.22,-167.52999664249657,23.445431749340443,0.0
119,219.12,216.25,-160.30751998370752,23.840287232227933,3.3499999999999943
120,218.665,217.4,-160.23388521840926,24.152793535739825,0.0
121,218.59,217.35,-160.28260110200912,24.363524947456696,0.0
122,217.75,216.465,-161.1974002774986,24.478923700019728,0.0
123,217.73,216.03,-159.37431634215727,24.613817664017045,0.0
124,218.87,217.7,-158.64199945241936,24.683804571873317,2.8400000000000034
125,214.88,213.03,-121.09821240799184,26.570199834629683,0.0
126,214.59,213.38,-119.78184845961722,26.725769549151117,0.0
127,216.03,213.44,-115.88781275221974,26.95097644617622,0.0
128,217.53,216.71,-114.59912245712022,26.959786726785087,0.0
129,216.88,215.88,-115.61746445023043,26.952354164279054,4.5
130,215.23,214.01,-113.0862944162437,26.905514357335168,0.0
131,215.68,213.62,-105.29201841903304,26.915765961829226,0.0
132,216.82,214.71,-105.52309425460015,27.00985142420878,0.0
133,216.87,214.04,-100.12363636363644,27.08662319427445,0.0
134,217.12,215.36,-97.7268659387865,27.14264235531703,3.5
135,216.04,215.04,-99.4351851851852,26.845638107420434,0.0
136,216.17,213.99,-99.39715161348482,26.674316311912747,0.0
137,216.13,215.33,-98.87350319618265,26.467323841603772,0.0
138,216.04,214.735,-98.69712230215836,26.280941028406684,0.0
139,216.3,214.19,-100.21532164783349,26.138268695379065,2.3100000000000023
140,216.7,215.985,-101.02751313329183,25.96328502981441,0.0
141,215.74,212.58,-97.57534128960255,25.995540786902612,0.0
142,214.32,213.01,-95.80543879214211,26.026011685332435,0.0
143,213.59,211.21,-94.73615635179155,26.171249349243276,0.0
144,214.69,213.03,-94.32578067067642,25.95572522585118,5.489999999999981
145,213.39,212.17,-99.59360932121103,25.458490115569823,0.0
146,214.31,213.27,-105.24530744336566,24.996754265005887,0.0
147,214.64,213.6,-110.30518402811676,24.606914285155934,0.0
148,214.53,213.11,-111.08317636561912,24.247132304346277,0.0
149,214.08,212.76,-115.82327011788819,24.055434389100952,2.469999999999999
150,215.32,214.48,-118.83598776500362,23.86480939646706,0.0
151,214.98,213.98,-120.58124798625273,23.74646589299767,0.0
152,214.42,212.93,-121.34258567310769,23.623449442981904,0.0
153,214.62,213.08,-121.4015077023927,23.652358580762503,0.0
154,213.93,211.71,-120.7321447866019,23.844206958080086,3.609999999999985
155,213.19,212.36,-121.17061456172918,23.96214810095468,0.0
156,212.99,209.6,-118.52123265911271,24.230834731303876,0.0
157,211.1,209.23,-118.88399787347169,24.409258590476878,0.0
158,210.24,208.46,-121.7398008352073,24.451629812798547,0.0
159,209.89,208.38,-126.06633608815443,24.47459622588806,4.810000000000002
160,213.19,211.3,-117.28554913294815,24.587448614115786,0.0
161,214.77,212.38,-114.15871060466087,24.6960731362127,0.0
162,217.1,212.34,-108.15716096324472,25.11478285719734,0.0
163,218.31,215.22,-103.86244685876248,25.511484077626328,0.0
164,216.7,215.32,-103.11086057872987,25.677291761860058,7.009999999999991
165,217.27,215.72,-103.56057728826438,25.839652846779465,0.0
166,218.28,216.8,-102.0459290187892,25.75599753932991,0.0
167,218.14,217.42,-107.82429457674606,25.63118789194175,0.0
168,219.06,217.92,-105.89327983951856,25.413659171666623,0.0
169,219.27,218.29,-108.12083591971859,25.193748934460864,3.5500000000000114
170,226.96,225.76,-122.9642069721995,24.330288021580202,0.0
171,228.34,227.0,-121.48957829141708,24.264434913156748,0.0
172,228.23,225.365,-126.24031821496206,24.313935552536005,0.0
173,227.81,225.8904,-127.52349037687249,24.132360172949188,0.0
174,226.08,224.67,-136.07750181356752,23.919797902648973,3.670000000000016
175,227.0701,226.4163,-147.8201894963176,24.94381207229601,0.0
176,227.45,226.01,-147.5160571503473,24.995570172190842,0.0
177,227.1,225.59,-144.68883426057707,25.09256220408361,0.0
178,226.75,224.955,-143.96220190172306,25.235840275801152,0.0
179,227.4,226.69,-145.10403750151602,25.00693755552735,2.494999999999976
180,228.2,226.41,-160.50956454947328,24.4351076948491,0.0
181,227.6,226.32,-157.1481788190395,24.61417653285998,0.0
182,228.59,226.94,-154.49772653927582,24.889503142245943,0.0
183,228.1,226.82,-150.26810720173222,25.148423925176427,0.0
184,229.55,228.46,-147.01352295572795,25.150672208454324,3.230000000000018
185,229.326,228.54,-152.008855383921,25.11321351082253,0.0
186,229.6556,228.72,-153.5950412135974,24.934685312916397,0.0
187,229.39,228.31,-156.79020689767023,24.71599230716141,0.0
188,230.95,229.52,-160.43165665273776,24.62497938246109,0.0
189,231.77,230.6216,-164.12908736442455,24.585715722609393,3.460000000000008
190,237.31,236.35,-160.19516376834162,24.784725860285718,0.0
191,236.95,236.015,-164.0189985346871,24.700699786448695,0.0
192,240.32,238.37,-152.9895515936189,24.683078949214945,0.0
193,239.57,238.21,-157.24344577261624,24.720753176119672,0.0
194,238.61,237.73,-163.15910635592252,24.77506364335386,4.305000000000007
195,238.12,237.01,-162.2466316117721,24.854206071527095,0.0
196,237.77,236.76,-161.68095283957723,24.810672081287134,0.0
197,237.64,236.4,-168.45041986976804,24.784904531301628,0.0
198,237.24,235.74,-169.2205916402966,24.760056203294855,0.0
199,238.02,236.59,-169.35172551499195,24.77323680707606,2.3799999999999955
200,237.86,237.24,-172.65613523622247,24.72730665592424,0.0
201,237.24,236.19,-174.55418459198359,24.73983814735379,0.0
202,239.44,237.29,-165.4196458511362,24.91802630258981,0.0
203,239.2,238.1,-164.1204850416764,25.038397135662617,0.0
204,237.97,237.03,-168.09496390603823,25.049939040141027,3.25
205,236.03,233.91,-146.13584554547555,26.255784736589113,0.0
206,235.58,234.555,-144.07339449541274,26.244240193381724,0.0
207,237.39,234.54,-138.535148404374,26.25200928898344,0.0
208,236.04,234.425,-141.69160305343516,26.232307398596063,0.0
209,236.0,234.64,-143.2163342381683,26.233764549702556,3.4799999999999898
210,237.41,234.5628,-126.95651808489637,26.25676445491621,0.0
211,238.95,237.81,-126.04972225816016,26.29795094058839,0.0
212,239.53,238.35,-125.50403435548111,25.93412882237395,0.0
213,238.95,237.98,-134.0841114434407,25.615523412336156,0.0
214,238.93,237.93,-135.7502553878972,25.314025356215957,4.967199999999991
215,239.17,238.195,-136.1858961184871,24.99394207834171,0.0
216,238.98,238.3,-138.7637348380129,24.618065663925545,0.0
217,238.8775,237.7,-145.35151734016503,24.24505337971542,0.0
218,238.9225,237.78,-149.84018000513458,24.030355944995975,0.0
219,239.72,238.68,-148.83085730411847,23.8951550055682,2.0200000000000102
220,239.92,239.17,-153.27760084925717,23.818378271024578,0.0
221,240.19,239.04,-151.1937064636321,23.710560492294004,0.0
222,239.87,239.15,-159.9755426795988,23.63393179034307,0.0
223,239.57,238.13,-159.20581522943078,23.504227700796704,0.0
224,239.4273,238.67,-168.3475135790034,23.369662277435776,2.0600000000000023
225,240.44,239.45,-168.406950197542,23.292768237633084,0.0
226,240.67,239.63,-169.30532761450314,23.2478981143467,0.0
227,238.64,235.75,-160.7813720093704,23.45457304060294,0.0
228,237.75,235.43,-158.96646732436938,23.775181620788054,0.0
229,239.08,237.27,-153.58853451156577,24.009108478777353,5.239999999999981
230,239.71,238.82,-155.40124813219663,24.102365021519873,0.0
231,240.24,239.51,-161.68305641798412,24.113401255987014,0.0
232,240.73,239.93,-164.19423537348376,24.043420347461126,0.0
233,242.08,240.96,-164.40539207189425,23.933742204158992,0.0
234,241.9,241.45,-174.1135759400187,23.800254907729542,3.2600000000000193
235,244.3,243.76,-178.40210023118198,23.609131776987834,0.0
236,243.98,243.12,-181.21238346249146,23.670008376553184,0.0
237,243.92,242.83,-183.2815388851735,23.802166480794575,0.0
238,244.33,243.17,-182.44117480381615,23.932826090949856,0.0
239,245.01,241.95,-173.7920010844452,24.322589392427883,3.0600000000000023
240,243.42,242.38,-175.15811177858376,24.591733273176757,0.0
241,244.61,243.5799,-174.93503166062703,24.81446098317697,0.0
242,244.87,243.29,-171.09056243517367,25.019526042983955,0.0
243,243.91,242.36,-167.75709126608433,25.258205800065753,0.0
244,242.83,241.6337,-162.26697425026467,25.366458037800165,3.2363
245,244.73,243.48,-162.02308745842276,25.48839180268961,0.0
246,244.26,242.99,-160.44199284138597,25.584997252754018,0.0
247,243.59,242.41,-161.38239905968885,25.643141514438934,0.0
248,243.53,242.64,-161.0393044858019,25.378864573165902,0.0
249,243.51,242.47,-176.18179446835532,25.037293119948895,2.319999999999993
250,244.38,243.045,-181.19213838003125,24.768567592847088,0.0
251,243.38,241.31,-183.35253208010016,24.753348173454345,0.0
252,243.715,242.23,-176.66574478367863,24.841420153798804,0.0
253,243.72,239.955,-165.8842222639984,25.23776529268467,0.0
254,242.71,241.575,-162.81970892049756,25.478063063162427,4.424999999999983
255,242.8,241.76,-151.65467901598265,26.06451460183741,0.0
256,242.55,240.85,-150.08404198068794,26.140508884685453,0.0
257,244.2,243.3,-144.2912353125794,26.1635447958333,0.0
258,244.55,243.76,-144.50245918758438,26.103430450145588,0.0
259,245.97,244.31,-139.65605906486653,26.07718286117438,5.1200000000000045
260,245.91,245.33,-144.11186075713988,25.688845658922652,0.0
261,245.72,244.67,-148.3236384902517,25.41867289759974,0.0
262,247.0,246.01,-146.9932833627628,25.223356621958057,0.0
263,247.42,246.47,-148.49884359815448,25.006161267586023,0.0
264,246.91,246.18,-151.7476822698227,24.75764075192098,2.75
265,246.98,246.28,-153.3890857262291,24.534357611385385,0.0
266,247.8,247.16,-159.6887563221372,24.31624746604248,0.0
267,247.79,247.13,-166.19690235690234,24.10652654461209,0.0
268,248.0,245.68,-163.24765056254134,24.177349165202976,0.0
269,247.06,246.13,-166.43727598566312,24.252609383762614,2.319999999999993
270,247.48,246.53,-166.83419483101406,24.31325889977017,0.0
271,247.5,246.716,-169.17451760121716,24.29928690579169,0.0
272,247.6,246.37,-169.52467615886974,24.212611156183407,0.0
273,247.34,246.64,-176.02260763561827,24.077344827116093,0.0
274,247.79,246.97,-185.6110483800923,23.68097071973667,1.4199999999999875
275,247.87,247.37,-204.78928183155352,23.37990205888346,0.0
276,248.91,246.83,-200.31880977683352,23.394444074639637,0.0
277,247.31,246.06,-202.3161950480043,23.45935591763155,0.0
278,246.44,243.7,-192.5460122699388,23.72059502396165,0.0
279,244.8,243.75,-200.44397983027935,23.85066755339676,5.210000000000008
280,246.79,245.55,-192.57590246234776,23.99203357414225,0.0
281,247.0,246.16,-193.30387205387234,24.016402726991096,0.0
282,247.57,246.45,-196.1693795129119,24.086679799389003,0.0
283,246.6,243.09,-189.44212721585015,24.491674200427358,0.0
284,244.189,242.2,-183.53497746549877,24.797176678807077,5.3700000000000045
285,243.2,241.83,-184.1932661643106,25.084266354171927,0.0
286,245.62,243.55,-172.56753519814797,25.373847336542774,0.0
287,245.05,244.16,-172.75560140729613,25.540190872063945,0.0
288,245.18,243.75,-171.89929538437215,25.684939374297166,0.0
289,245.61,244.39,-168.51489769986804,25.81904873566533,3.789999999999992
290,245.2,244.09,-162.99899362630018,25.93655891037559,0.0
291,245.15,242.93,-157.1310803764311,26.17007365549643,0.0
292,246.32,244.62,-156.70529114726938,26.413593542353393,0.0
293,247.77,246.0473,-151.65894566792602,26.400033994342117,0.0
294,248.33,247.67,-157.5121266589518,26.320568779164557,5.400000000000006
295,250.12,249.28,-154.6001128862057,24.794814399473605,0.0
296,250.07,249.6,-158.5864721551445,24.45145713502608,0.0
297,250.19,248.92,-164.72232969640677,24.30711953610935,0.0
298,249.98,249.185,-162.63735697350776,24.186495044525735,0.0
299,249.63,249.02,-165.91006423982864,23.760999574131578,1.2700000000000102
300,249.5532,248.08,-177.21481629971154,23.503874971726045,0.0
301,249.7,248.805,-182.23712927014182,23.335336164008712,0.0
302,250.49,248.87,-184.1183581766134,23.27126982391197,0.0
303,250.44,249.63,-195.80438558402076,23.266864187801943,0.0
304,251.32,250.13,-195.8340892323693,23.303990760883316,3.2399999999999807
305,252.32,251.2926,-196.87534368775425,23.36248822830195,0.0
306,252.89,252.23,-200.90894212732738,23.387128972224577,0.0
307,253.44,252.56,-203.00032970656108,23.30473205196467,0.0
308,254.68,253.196,-206.76453805052634,23.30938637158987,0.0
309,254.7008,253.85,-213.02593852103735,23.26704044153552,3.4081999999999937
310,254.7,253.65,-217.37399262395851,23.338328119155047,0.0
311,255.05,253.98,-214.95938261575947,23.28362227257879,0.0
312,255.02,254.32,-230.81962418659052,23.24963881355762,0.0
313,255.06,254.365,-235.9953781355995,23.248025967163105,0.0
314,255.27,254.64,-239.71943284817007,23.264369285128446,1.6200000000000045
315,255.51,254.82,-241.06161925271053,23.249427600502294,0.0
316,255.52,254.98,-264.3888179834488,23.25810083812501,0.0
317,255.95,255.5,-270.91632131943527,23.272902741551643,0.0
318,255.83,254.35,-262.56333589235874,23.479916031372806,0.0
319,257.14,255.7744,-255.15109511470916,23.782518302214683,2.789999999999992
320,257.51,256.02,-259.553077911735,24.1353719073489,0.0
321,256.83,256.15,-260.6553075779382,24.42463340326353,0.0
322,256.31,254.0,-241.07015702194204,24.80206968523987,0.0
323,256.3,255.48,-244.36604581872623,25.051699723849136,0.0
324,257.89,255.6254,-231.1723914361022,25.45353405027325,3.8899999999999864
325,257.6,256.41,-225.86413297740629,25.634013821623892,0.0
326,257.44,256.805,-232.32012557271372,25.690199976904886,0.0
327,258.43,257.07,-228.8702463184402,25.647110963253898,0.0
328,257.75,256.19,-229.5844747903554,25.699358397828675,0.0
329,258.5,257.3,-226.18374631207595,25.701793481747682,2.3100000000000023
330,259.0,258.22,-229.1823908145403,25.643373382181643,0.0
331,259.35,258.09,-230.3736989189152,25.66931992834722,0.0
332,259.22,258.15,-224.97589858946887,25.688744458879533,0.0
333,258.39,256.36,-212.99491668112583,25.73274466743828,0.0
334,258.2926,257.37,-215.0681431005109,25.746474952812946,2.990000000000009
335,258.59,257.27,-212.16460384858595,25.76047474380994,0.0
336,257.85,256.52,-211.00046609475544,25.77217043694945,0.0
337,257.22,255.63,-204.05822942491085,25.872865091647352,0.0
338,259.04,257.4748,-191.8345203328982,26.024587401632466,0.0
339,258.5882,257.77,-192.055894875345,26.124099236341777,3.410000000000025
340,266.38,265.4793,-152.9824023274563,26.35104633071945,0.0
341,267.32,266.345,-154.1038322662861,26.25331584472854,0.0
342,267.56,266.65,-153.49850258644113,26.104196762431442,0.0
343,267.22,265.6,-156.04523919961383,26.023685890742858,0.0
344,267.04,265.39,-153.29153961939303,25.869206170867134,2.170000000000016
345,274.1,272.98,-159.3000221154608,24.99931164526279,0.0
346,275.25,274.081,-166.62929505953875,24.535520565286475,0.0
347,274.42,272.92,-180.67841189217322,24.16460534568561,0.0
348,276.12,274.56,-182.6990408259639,23.928388820371158,0.0
349,278.11,276.0819,-181.3803815321667,23.92883244424427,5.189999999999998
350,286.43,284.5,-146.58948458283598,26.165773683132247,0.0
351,284.736,281.22,-144.63397679268496,26.39592377681344,0.0
352,283.3,280.68,-142.7697463898846,26.662899387391022,0.0
353,283.06,280.68,-137.41515079774763,26.953410412124427,0.0
354,280.23,275.41,-129.26296830981005,27.397468211037847,11.019999999999982
355,275.85,263.31,-111.0793409349529,28.344037268356388,0.0
356,269.7,258.7,-95.63896006940959,29.145108036937877,0.0
357,272.36,267.58,-94.20331128084563,29.621778767629053,0.0
358,268.17,257.59,-88.46819739728811,30.05564648037726,0.0
359,263.61,252.92,-79.56786752541724,30.433546360252723,22.930000000000035
360,278.01,275.26,-55.522338537087066,28.804463291499587,0.0
361,278.92,274.36,-50.560220923096765,28.557034212156296,0.0
362,276.19,271.29,-51.79845280745694,28.452970032322554,0.0
363,273.17,266.0,-51.7661488143908,28.38485821057519,0.0
364,269.72,264.82,-50.96716471325039,28.34998115453955,14.100000000000023
365,272.89,267.61,-50.471066388442516,28.284455840774736,0.0
366,273.39,271.18,-52.06460905802276,28.158600864000906,0.0
367,273.18,270.2,-51.772604964298814,27.90008218141349,0.0
368,274.24,272.42,-51.51134197729754,27.593568510515233,0.0
369,278.87,275.34,-49.29780184286638,27.345788766185738,11.259999999999991
370,279.91,278.0801,-49.69436922296612,26.912045183008978,0.0
371,280.41,276.03,-52.35154436391335,26.09642005952881,0.0
372,278.02,274.67,-57.76889905611645,25.25661981941533,0.0
373,276.61,274.43,-60.63782314408239,24.648739920634235,0.0
374,275.39,274.14,-61.430588334457084,23.94607165811788,6.270000000000039
375,263.13,254.67,-65.09793671781311,24.63504535753655,0.0
376,261.31,256.84,-64.14416781250746,24.939132401049974,0.0
377,264.355,256.6,-60.85794629987855,25.23433192540777,0.0
378,266.64,264.32,-59.552485388143836,25.331063268641167,0.0
379,265.11,258.0,-59.671770613563496,25.366430112753473,11.969999999999999
380,267.89,265.35,-58.35525819331244,24.722134231404297,0.0
381,267.9762,261.28,-54.041069189679,24.80019889087237,0.0
382,264.13,260.85,-55.56748547454243,24.938795722150424,0.0
383,267.2452,264.29,-55.79532485099549,25.02261067582413,0.0
384,267.34,265.5,-55.71654277840371,24.896849359235684,7.126199999999983
385,267.89,264.43,-58.82467435751622,24.65004609517314,0.0
386,265.1,262.11,-60.5294191972371,24.377760902558652,0.0
387,265.68,262.76,-64.45248862166962,24.031945022502214,0.0
388,263.36,259.05,-68.2029042445489,23.871720623191997,0.0
389,266.7892,261.15,-66.47485334842035,23.843960297995483,8.839999999999975
390,268.02,266.11,-67.69182856637538,23.625328740803752,0.0
391,267.325,265.15,-70.84577399504353,23.44024611497513,0.0
392,269.865,267.09,-71.2499064503522,23.20666741360404,0.0
393,272.39,270.22,-72.28373800916576,23.087663978127658,0.0
394,273.15,271.58,-73.63481931546715,22.863496507253664,8.0
395,274.08,272.36,-80.45038409926762,22.651579582269516,0.0
396,271.61,270.03,-83.34316117082572,22.49952047072914,0.0
397,272.76,271.11,-85.19944972345797,22.420322440147924,0.0
398,273.23,271.13,-85.75180346398061,22.434008344616373,0.0
399,272.03,270.93,-87.17980402415657,22.39007989587575,4.050000000000011
400,273.98,271.3512,-87.09359946589073,22.46569149511501,0.0
401,274.25,272.24,-90.96595307387943,22.58152044542948,0.0
402,273.39,270.99,-92.76022933656222,22.78229380689597,0.0
403,273.22,270.78,-91.51813766339548,23.009296324263836,0.0
404,272.86,271.58,-95.34207495884328,23.10111543156444,3.4700000000000273
405,275.185,274.26,-102.15947715466726,23.250690876130612,0.0
406,275.53,274.18,-102.64242680477744,23.15822857136543,0.0
407,277.52,275.09,-102.79985452203923,23.13809753320474,0.0
408,278.28,276.34,-106.05246580818657,23.131851992161653,0.0
409,278.25,276.66,-107.29200793704759,23.038088382723675,4.099999999999966
410,279.37,278.31,-113.22264660794552,22.785962993297616,0.0
411,279.33,278.19,-121.47302032235464,22.62148574454161,0.0
412,279.48,277.8,-121.97004933051446,22.55303357093014,0.0
413,279.33,278.0599,-120.64167486803257,22.48406690225902,0.0
414,277.51,275.35,-123.76313920454547,22.530840847743296,4.1299999999999955
415,276.7,274.95,-124.0481927710843,22.64739075738917,0.0
416,275.75,273.53,-123.78132118451016,22.844459276004397,0.0
417,276.72,275.59,-125.85433975605419,22.997408595045222,0.0
418,275.98,273.68,-128.30758226037182,23.22407481790985,0.0
419,275.785,274.49,-130.48221485529942,23.37029164599821,3.1900000000000546
420,273.6162,269.1,-124.31106243154419,23.810009314908772,0.0
421,272.56,270.79,-123.37382321086373,24.073626395268242,0.0
422,273.865,269.18,-120.58049959709898,24.48069396031018,0.0
423,271.75,268.49,-117.86255924170607,24.811646679355825,0.0
424,273.66,271.1495,-116.29150306266662,25.02615762457245,5.375
425,277.96,276.5,-114.40333975594089,25.38196648749235,0.0
426,279.01,278.08,-116.06358668653743,25.37851266545595,0.0
427,278.04,276.52,-115.8473482062596,25.377241895201557,0.0
428,279.43,277.6,-109.42039900648972,25.31399810170309,0.0
429,279.93,278.66,-111.90889052167516,25.20801323026271,3.430000000000007
430,279.803,278.84,-111.88955996548736,25.07809622394687,0.0
431,280.91,278.41,-111.0539736506585,25.1035324492695,0.0
432,281.18,280.06,-111.24382342354112,25.1152778396049,0.0
433,280.74,279.46,-111.35015752379071,25.081996445652905,0.0
434,280.48,279.5,-111.94717303459346,25.02834397812035,2.769999999999982
435,280.43,279.06,-113.4823127912316,24.91411185098459,0.0
436,282.56,280.63,-116.80650113469464,24.856527986025,0.0
437,284.37,281.28,-116.1533909727469,24.903923752329806,0.0
438,284.11,283.09,-121.30210104032052,24.92514420378683,0.0
439,283.82,280.38,-115.97103918228248,25.039598874233473,5.310000000000002
440,281.69,279.36,-118.67677396116414,25.197579846576637,0.0
441,282.02,280.38,-117.26863951430911,25.035639684188595,0.0
442,282.13,280.1315,-124.62272370452773,24.95153273611939,0.0
443,282.58,279.16,-121.49165848871428,24.80769420191186,0.0
444,283.6577,282.33,-128.72852160372005,24.586949369464794,4.497699999999952
445,284.99,283.2015,-130.68651234787603,24.414373757542766,0.0
446,286.01,285.24,-133.3443231608741,24.174156224639233,0.0
447,285.91,284.94,-138.66276645064156,23.92563104238175,0.0
448,285.97,284.915,-144.50014685989547,23.704411047420788,0.0
449,284.055,282.36,-146.72538566535312,23.508302538417148,3.6499999999999773
450,284.16,281.77,-148.7470523312966,23.507244332400536,0.0
451,284.17,282.05,-147.04061213193893,23.644152119566655,0.0
452,282.54,280.16,-139.1866062784031,23.852062050652016,0.0
453,285.04,283.36,-137.10448264048563,24.014974223024716,0.0
454,285.5601,283.37,-137.1358630997771,24.22980478803714,5.400099999999952
455,285.97,285.06,-139.30639167024967,24.385942685303945,0.0
456,287.31,285.7135,-138.3814227076849,24.437686615863193,0.0
457,286.76,285.575,-143.05487534690613,24.491991969723106,0.0
458,286.94,285.43,-143.11213467888751,24.564930906007405,0.0
459,287.67,286.38,-141.36572226656008,24.65520496367858,2.6100000000000136
460,289.9,288.68,-136.16115125114874,24.71227878395877,0.0
461,290.4175,289.4,-135.12766465534574,24.66915477551313,0.0
462,291.74,289.8854,-134.6077692498988,24.539941892824107,0.0
463,291.36,289.63,-140.26895088934197,24.54085733268551,0.0
464,290.81,289.29,-136.79099060590835,24.3848445366295,3.0600000000000023
465,290.86,289.03,-150.2170379727904,24.740496229356623,0.0
466,291.58,289.55,-149.58987579095353,24.785140324808246,0.0
467,291.69,290.825,-154.10768121641084,24.702374313229686,0.0
468,293.94,291.2363,-150.46939237965742,24.697003457503563,0.0
469,293.22,291.81,-156.7321875605827,24.67910440671718,4.910000000000025
470,291.5,290.37,-161.90555182077716,24.582033956117808,0.0
471,291.65,290.4833,-165.11133634873917,24.55227987678404,0.0
472,292.24,289.41,-159.36564751820728,24.67027322236698,0.0
473,291.91,290.1,-158.6477913982785,24.815984838928447,0.0
474,291.28,289.95,-158.2214395773717,24.899606427078798,2.829999999999984
475,292.93,290.98,-157.21835685921175,25.020559609801833,0.0
476,292.355,291.14,-159.57802301923329,25.09908102437161,0.0
477,293.21,291.32,-159.48288024077513,25.233968718069093,0.0
478,291.24,287.66,-152.57251925249926,25.466352220034327,0.0
479,290.27,286.22,-147.25308102060566,25.782596118452084,6.989999999999952
480,288.22,285.5,-147.15116817703134,26.04181636050715,0.0
481,288.86,286.77,-144.23990976447854,26.208558975270176,0.0
482,286.91,277.88,-128.72415855882875,26.73595564311289,0.0
483,278.9,270.36,-118.32526360855738,27.262534327689714,0.0
484,277.09,272.37,-112.20239743977653,27.606753231599114,18.5
485,277.04,274.3,-112.17805737448032,27.832047788710184,0.0
486,280.82,276.07,-102.81137158627155,27.935700956460455,0.0
487,281.15,277.56,-102.12262347187327,28.006636622743137,0.0
488,280.07,274.97,-98.38640628412048,28.166247666375355,0.0
489,279.3,275.47,-96.26681548139214,28.304763652315785,6.849999999999966
490,277.36,274.41,-93.3364206755847,28.336651139910693,0.0
491,274.87,268.61,-88.03890726899108,28.410267778684513,0.0
492,273.76,264.7,-84.03038221476075,28.714947307752745,0.0
493,271.81,266.23,-77.94753531277041,28.843364045944565,0.0
494,271.0,262.29,-70.36049788305877,29.079045657780508,15.069999999999993
495,270.25,259.85,-62.72469781535977,29.437251259323208,0.0
496,268.12,263.12,-61.74586285550952,29.697704175184292,0.0
497,273.23,270.12,-58.3565578730787,29.67615475585432,0.0
498,273.73,270.38,-60.01799847334384,29.583370594868764,0.0
499,275.23,269.59,-58.675360168664405,29.55944225482661,15.379999999999995
500,274.01,271.35,-56.143282197921145,29.433152747065083,0.0
501,275.3,273.25,-55.80438735636635,29.29149943409752,0.0
502,281.1,277.08,-52.19597014925377,29.13966018959037,0.0
503,281.22,279.22,-51.70919394526885,28.764148432070296,0.0
504,279.24,276.18,-48.931160229217866,28.27284913262243,9.870000000000005
505,277.46,271.99,-51.123080314497784,27.935865667306032,0.0
506,275.325,271.25,-48.91847648150173,27.706862333811536,0.0
507,274.61,268.45,-47.313147016217414,27.184527728024012,0.0
508,273.54,267.0102,-49.272909977130475,26.643402422800147,0.0
509,274.75,271.21,-52.09354367128803,26.21870850473745,10.449799999999982
510,265.1613,258.62,-54.28684114640344,24.35533237449158,0.0
511,267.87,262.48,-53.77731487567368,24.54278568409269,0.0
512,269.0,265.37,-53.11051099882698,24.702983321495456,0.0
513,267.49,264.12,-54.555104283316275,24.85738717805128,0.0
514,264.03,259.85,-54.440638049751854,24.968796437773985,10.379999999999995
515,255.95,251.69,-39.60749139690039,26.76941226918274,0.0
516,257.31,254.0,-38.733209749166164,26.67151450700294,0.0
517,258.91,256.19,-37.34536204635582,26.55828498509186,0.0
518,259.16,255.5,-34.98069432704642,26.460140685897905,0.0
519,259.0098,257.03,-33.526911554184665,26.06915585541919,7.470000000000027
520,263.83,261.79,-49.079921761723554,23.243495905793004,0.0
521,264.55,262.48,-52.64708200417312,22.938566214164467,0.0
522,268.52,264.25,-52.60428324736831,22.673961962189814,0.0
523,270.47,267.27,-54.31254739941934,22.483161039632556,0.0
524,271.2,269.18,-57.835003603238974,22.14406481302155,9.409999999999968
525,272.03,269.36,-63.15192215019664,21.83859367714522,0.0
526,273.44,271.88,-69.07911606576116,21.603510788554953,0.0
527,273.34,271.92,-73.82894013079199,21.45778453687597,0.0
528,271.55,268.29,-71.17969416130016,21.42097338265833,0.0
529,270.58,267.83,-73.36669367195623,21.43816490963906,5.610000000000014
530,281.31,279.43,-92.22147685914386,22.30661356713972,0.0
531,280.3,278.9,-93.68631950744332,22.344707587655442,0.0
532,279.59,277.48,-96.51166253735204,22.3725738337426,0.0
533,279.45,278.32,-103.0547038816707,22.305899102199223,0.0
534,280.88,278.82,-108.2576995619801,22.343887494365653,3.829999999999984
535,281.87,276.84,-104.6542729251246,22.646017318120016,0.0
536,279.76,278.41,-107.19986059756593,22.85867621410928,0.0
537,279.16,276.97,-113.36721045045692,23.074717495813694,0.0
538,276.99,274.07,-112.60150496589395,23.231008146908565,0.0
539,274.65,272.42,-117.85378884320828,23.341836111869426,9.449999999999989
540,278.62,275.23,-113.61520012774304,23.560084048470937,0.0
541,280.07,278.85,-115.30858816361548,23.654770498794115,0.0
542,283.3052,280.3,-112.80275843536609,23.85227809792071,0.0
543,281.84,280.6662,-113.39759922415692,23.993117530769112,0.0
544,282.21,280.33,-112.42534850369309,24.037334686117042,8.075199999999995
545,286.16,284.4,-100.98771779732338,25.995275574052336,0.0
546,286.23,285.09,-102.5297095117477,25.952515260508513,0.0
547,287.76,285.75,-102.23007929139419,25.879197902995475,0.0
548,287.459,286.01,-102.9640544738978,25.83068216833936,0.0
549,288.63,287.6,-101.35537528062449,25.6898371121611,4.230000000000018
550,290.435,289.07,-123.47347616518628,23.889850309020762,0.0
551,293.14,290.42,-120.98420927341466,24.05471524524433,0.0
552,293.16,292.07,-123.00751230463652,24.043660829931444,0.0
553,292.78,290.73,-125.14547918787856,23.99239786188755,0.0
554,293.49,291.2401,-125.21531534771529,23.844120678183398,4.420000000000016
555,294.45,293.41,-134.03195778348697,23.545216567661157,0.0
556,294.34,291.92,-141.98885732463617,23.417957965591803,0.0
557,294.95,291.8,-143.38421662289397,23.456884388191785,0.0
558,292.7,289.52,-143.39882114302512,23.523340998119977,0.0
559,294.34,291.2998,-144.0151840544211,23.682476721691263,5.430000000000007
560,293.31,288.9,-136.03971043862174,24.00936808661207,0.0
561,290.81,285.81,-127.52511090439546,24.446732228870363,0.0
562,289.43,286.87,-130.3697390982924,24.821083538153548,0.0
563,287.33,283.3,-126.39575592678203,25.18123765879656,0.0
564,288.94,282.3,-116.4729320785178,25.68622940407764,11.009999999999991
565,283.49,279.93,-108.18586985158522,26.129215115970894,0.0
566,285.1,281.85,-104.25867090983107,26.474594568796313,0.0
567,285.77,281.36,-100.20372615130752,26.81454253958365,0.0
568,289.21,285.76,-96.88771762650643,27.121001187830643,0.0
569,288.6,285.1207,-93.28475279591129,27.385276604861673,9.279999999999973
570,285.962,283.12,-91.73573653108102,27.500262147731465,0.0
571,286.93,285.55,-91.91851454109344,27.527578938075944,0.0
572,286.69,285.1,-91.11261143401822,27.481389987386176,0.0
573,283.21,280.57,-85.65070905281691,27.351721858823037,0.0
574,284.2,282.09,-85.5426053793388,27.216447200957433,6.360000000000014
575,276.5521,273.09,-79.42568499911643,26.815325122828096,0.0
576,280.68,276.62,-76.2025834820951,26.88769537414233,0.0
577,282.99,280.32,-73.42368425170983,26.86221075450498,0.0
578,285.55,282.57,-71.6022817475759,26.73210465279063,0.0
579,288.85,285.74,-71.54999498545787,26.55405596269471,15.760000000000048
580,290.82,288.8734,-70.78458149609796,26.306598151702325,0.0
581,291.4,288.1805,-69.01228844150101,26.004399362157738,0.0
582,289.26,287.815,-72.01890011182968,25.561421186568356,0.0
583,289.98,288.62,-74.37134745448417,25.194029003349833,0.0
584,289.93,288.41,-74.24214420707051,24.802769868312172,3.5849999999999795
585,290.22,289.18,-77.26707140242151,24.24549427851937,0.0
586,293.57,290.99,-76.29213087212081,23.873432749079043,0.0
587,293.65,291.47,-81.21303344965843,23.618884224986232,0.0
588,296.3093,293.1255,-85.13412402675814,23.463873611919013,0.0
589,295.52,293.76,-89.85412202505773,23.324714533673784,7.129300000000001
590,294.58,293.47,-94.8539307423634,23.150376012555082,0.0
591,293.73,290.64,-98.30903526641495,23.130525785274678,0.0
592,292.31,290.345,-100.49249824203808,23.198142847253358,0.0
593,292.06,290.89,-101.98956236752583,23.255584131517104,0.0
594,293.55,292.01,-100.45870497876668,23.280618004956775,4.234999999999957
595,298.2579,296.22,-102.75556721297144,24.12181354892582,0.0
596,297.52,295.48,-107.17541696465688,24.165391733181437,0.0
597,299.66,297.78,-106.78779655628537,24.09504640663105,0.0
598,299.58,298.2,-113.91079709351156,23.995580927884884,0.0
599,300.73,299.51,-113.25614000260555,23.849169653158018,5.25
600,301.13,300.19,-116.6732864821234,23.644771870633143,0.0
601,300.88,299.44,-123.11027465033574,23.50996935435474,0.0
602,299.93,297.74,-127.35620777314081,23.417165668622538,0.0
603,299.25,296.7,-130.71212613420937,23.487142252760155,0.0
604,300.07,296.96,-128.46570182958115,23.712574023732085,4.430000000000007
605,298.5,297.04,-130.49135634178097,23.891592149476757,0.0
606,300.03,298.22,-127.9607057189227,24.098332892509116,0.0
607,301.44,299.09,-123.2625340110946,24.257091273013753,0.0
608,301.0,299.11,-128.06775951529605,24.36670381353926,0.0
609,302.23,300.62,-128.32148833974483,24.347090997527513,5.189999999999998
610,302.01,300.85,-133.84426158510186,24.305541693721135,0.0
611,301.17,299.49,-135.69025088983435,24.3412967136588,0.0
612,301.2,295.2,-126.52348563655286,24.625489503108053,0.0
613,300.87,293.96,-119.4341301560969,25.138407696489537,0.0
614,294.12,290.9,-115.32454598711195,25.57361317657839,11.110000000000014
615,288.21,281.72,-105.16612965588352,26.09992715792765,0.0
616,288.04,284.28,-99.92527582748247,26.428423415361067,0.0
617,288.82,282.04,-96.87218591140163,26.56593668427086,0.0
618,293.62,289.01,-96.0048198578143,26.72661666739926,0.0
619,293.24,289.65,-95.69303535532703,26.798277092863014,11.899999999999977
620,291.6052,287.02,-93.88955776800192,26.894427398036616,0.0
621,294.15,287.36,-89.05993621467067,27.08594178735505,0.0
622,292.4644,283.76,-84.9152334152334,27.399394198711267,0.0
623,285.64,282.39,-83.65366646353853,27.62027495533927,0.0
624,289.33,284.7138,-78.18651729559748,27.84046420724998,11.759999999999991
625,293.08,291.44,-73.93229415702405,27.97707428572131,0.0
626,292.36,289.95,-72.36797434930217,28.04338873790215,0.0
627,292.86,291.72,-66.63816708577814,27.94579006652948,0.0
628,293.93,290.4,-67.74206604728174,27.802089030912445,0.0
629,292.76,283.47,-65.55513209181466,27.817930861292027,10.45999999999998
630,288.0,285.58,-67.3672179409473,27.803350846275375,0.0
631,289.95,286.03,-65.32954641797373,27.79892163850869,0.0
632,289.07,285.25,-62.42477432296891,27.754093704426765,0.0
633,293.16,290.61,-62.56597564988484,27.671545748693188,0.0
634,294.2399,291.42,-58.6571558026676,27.59899724933608,8.989899999999977
635,301.1378,299.45,-74.22864882041347,23.650189712483275,0.0
636,301.02,299.75,-78.1691042153886,23.296364030038774,0.0
637,301.22,298.24,-79.40879256406205,22.981556522672193,0.0
638,302.63,300.7103,-82.79709351583286,22.580071861504113,0.0
639,300.67,297.41,-90.85581577062503,22.42368275042452,5.21999999999997
640,299.0,297.27,-94.98890818730558,22.276624592043323,0.0
641,299.84,294.81,-95.47268026232445,22.459246849927275,0.0
642,298.11,294.33,-95.53740311936586,22.733119726760247,0.0
643,297.86,295.45,-95.69088713267766,23.024647355616835,0.0
644,297.9465,293.69,-95.8067777081304,23.337358480671167,6.149999999999977
645,297.55,295.92,-97.65739474980329,23.272017423124648,0.0
646,298.455,293.0,-103.53363950045699,23.44658451814751,0.0
647,291.51,286.64,-100.19091011181881,23.667696920739093,0.0
648,290.45,284.82,-97.85637196665822,23.942366398356558,0.0
649,294.63,290.82,-96.28077451887286,24.20075391378407,13.634999999999991
650,295.26,292.77,-98.78049829815542,24.37385314134319,0.0
651,291.85,288.49,-96.34854372436035,24.55108737801315,0.0
652,292.3,288.6559,-94.77500507686982,24.76636475893532,0.0
653,294.21,291.0,-92.82604535451159,24.84074610353995,0.0
654,298.74,296.1448,-92.22890637050756,24.951656551548485,10.25
655,296.67,295.57,-92.2107592903295,24.97944940006053,0.0
656,299.7,296.97,-88.55452752919763,25.022784495021007,0.0
657,299.16,297.92,-90.57755639230862,24.978530746160743,0.0
658,300.24,298.515,-88.92805678286024,24.928390968068854,0.0
659,299.395,296.99,-85.92628677344221,24.947076058023796,4.670000000000016
660,300.21,298.935,-85.99406458298981,24.93454957450693,0.0
661,300.9,298.91,-88.38624580772206,24.97239276886573,0.0
662,299.94,298.495,-87.16682749510491,24.89492402029863,0.0
663,301.07,299.4601,-85.62063576887239,24.821224888737376,0.0
664,302.2,299.6806,-86.31967554076546,24.726912443799737,3.704999999999984
665,303.85,302.91,-88.49289910673942,24.611089396782745,0.0
666,304.23,302.86,-90.81394675087643,24.29595448271002,0.0
667,304.55,301.99,-93.09052541470288,24.048760122157496,0.0
668,304.13,301.73,-96.90003139208729,23.928577398855456,0.0
669,306.19,304.74,-95.11748151057017,23.711198424532768,4.4599999999999795
670,308.0,306.96,-98.25460746512536,23.555839821706577,0.0
671,307.9195,306.71,-98.68985650433969,23.24150822828073,0.0
672,307.4,306.06,-105.76398495530495,22.88978462853026,0.0
673,309.65,307.66,-110.904681171706,22.558351147690285,0.0
674,309.0036,307.03,-117.60830206991828,22.343155345886316,3.589999999999975
675,308.94,307.27,-123.10679422986007,22.239928429737375,0.0
676,309.99,307.7,-124.27135253865018,22.226984422395184,0.0
677,309.54,307.66,-131.4528299321579,22.221781504187014,0.0
678,309.64,308.09,-136.31742914464965,22.211765339572867,0.0
679,311.84,310.26,-138.39152352501893,22.229840744616162,4.569999999999993
680,315.18,313.8,-149.704209562986,24.39622206754321,0.0
681,314.55,312.81,-152.58625468572856,24.48974730426007,0.0
682,314.7,313.4393,-154.60089956645984,24.571349834593526,0.0
683,317.99,314.17,-148.18156883751843,24.867660248552774,0.0
684,318.67,316.02,-145.2672182448596,25.116102131778092,5.860000000000014
685,323.73,320.36,-143.63810831255418,25.400299634444977,0.0
686,323.54,322.24,-144.070616087188,25.62348477668029,0.0
687,325.78,322.67,-140.32769376245793,25.676912558750505,0.0
688,326.73,325.52,-142.12937237796257,25.570089581794463,0.0
689,327.46,325.2,-148.8102380246773,25.51681979523203,7.099999999999966
690,325.12,322.66,-140.12667117170858,25.36115891415375,0.0
691,327.85,323.6038,-132.5899748151761,25.72877720526852,0.0
692,328.63,326.4,-130.3584053447442,25.89249314682693,0.0
693,327.91,323.54,-128.2022699787426,26.231429433406394,0.0
694,327.17,320.73,-119.32611974736389,26.77683794799293,7.899999999999977
695,326.16,323.22,-113.06611521572692,27.168491153830406,0.0
696,330.01,327.72,-107.38236042420377,27.399243366044583,0.0
697,333.09,330.67,-103.59381112000447,27.423174176282732,0.0
698,334.49,332.8,-103.91209432711679,27.332309457219175,0.0
699,333.9941,331.6,-103.97659205262453,27.17308726245076,11.269999999999982
700,333.5623,321.24,-92.52323757734206,26.59136137653746,0.0
701,324.61,311.69,-86.61149493394494,27.39535919272379,0.0
702,318.11,310.7,-81.42839140011684,28.03735708197829,0.0
703,311.5637,297.51,-77.11389016728316,28.717784213720197,0.0
704,297.892,285.54,-71.57796865379937,29.22534531560779,48.02229999999997
705,309.16,294.46,-64.30199590095488,29.457866107386582,0.0
706,313.84,297.57,-61.14218611330031,29.74368307505666,0.0
707,313.1,303.33,-56.841728003398124,29.801587738844844,0.0
708,308.47,300.01,-55.361026090160536,29.841071206104104,0.0
709,298.78,290.23,-53.51618367753468,29.73755290938157,23.609999999999957
710,284.19,273.45,-50.96878968363939,29.484347298563705,0.0
711,288.52,273.5,-46.436085060446416,29.41845343533092,0.0
712,281.94,270.88,-42.79997031877547,29.433665389450223,0.0
713,266.66,247.68,-39.8902411692423,29.60840992394578,0.0
714,271.4754,248.5237,-34.67666728887733,29.956873791088423,40.839999999999975
715,262.43,253.53,-14.319951293353531,30.828540936831935,0.0
716,263.33,256.22,-17.360139810271072,29.95676364055515,0.0
717,257.6591,243.9,-14.402496688917646,29.3199234493692,0.0
718,252.68,244.59,-15.624218554638661,28.586305704362964,0.0
719,253.32,245.22,-14.476269074822614,27.901735445701465,19.42999999999998
720,286.7912,281.35,-16.04515226970932,24.0869434032124,0.0
721,278.04,272.02,-18.300671947181833,23.59674652557783,0.0
722,281.0,276.91,-18.604896247194095,23.113075269392613,0.0
723,283.94,278.75,-22.491740722895575,22.658528913291345,0.0
724,283.7,278.5,-23.79946608388969,22.295909453506553,14.771200000000022
725,288.27,284.62,-26.071438999165576,21.957051429589804,0.0
726,291.4,285.4,-28.113155388519257,21.746236850418125,0.0
727,294.88,290.41,-27.054301223737845,21.6001902545942,0.0
728,293.3239,288.59,-31.10319061766901,21.439239099384867,0.0
729,290.6572,281.52,-31.631787292470207,21.42278459245704,13.360000000000014
730,283.9,279.13,-33.53352187499712,21.430656695439005,0.0
731,289.25,283.7134,-35.80661471170373,21.485466259924348,0.0
732,288.46,283.78,-35.526809534586874,21.569374391616577,0.0
733,289.78,287.13,-33.16866828665744,21.53222536884991,0.0
734,292.95,287.68,-35.62235078562648,21.560505753659747,13.819999999999993
735,294.0,289.88,-36.35297622243069,21.599056212294347,0.0
736,294.24,286.52,-38.29195465097521,21.610005342255945,0.0
737,287.19,278.965,-42.481903993690054,21.72789323792014,0.0
738,285.11,272.99,-41.16067313781381,22.000951249172804,0.0
739,286.33,281.34,-44.56996905545463,22.23631827488818,21.25
740,296.75,292.7,-41.678728430371244,22.417628935350386,0.0
741,296.205,291.95,-40.453584938277814,22.517753844649395,0.0
742,297.87,295.57,-40.759675800490854,22.519827645938083,0.0
743,297.67,293.6886,-42.98129970922841,22.569877840446438,0.0
744,295.63,293.22,-42.767480483868766,22.59564926476607,5.920000000000016
745,306.205,303.06,-42.85170555404525,23.46355375992839,0.0
746,308.13,305.1,-44.164961159852815,23.572057566225958,0.0
747,313.22,309.94,-43.960973392425224,23.61383904266145,0.0
748,313.0,309.08,-47.68798854641503,23.668506886344968,0.0
749,321.275,317.16,-45.05820902853966,23.730903574736047,18.214999999999975
750,323.41,319.63,-46.291440652657,23.666785832886564,0.0
751,323.2849,319.36,-47.63569410849537,23.64198920519306,0.0
752,322.39,318.2209,-48.34896659083729,23.63288533172846,0.0
753,312.15,300.01,-48.498765636421325,23.938491033684535,0.0
754,309.08,298.6,-47.63077124091285,24.403003202090456,24.810000000000002
755,308.28,296.74,-45.358948527188645,24.885292892230165,0.0
756,315.64,307.67,-44.01879465476907,25.287062168057933,0.0
757,314.39,310.86,-44.729666531460715,25.408298812861958,0.0
758,312.3,309.51,-46.79297136917345,25.317842206849047,0.0
759,314.38,306.53,-48.644151362011634,25.12835710897618,18.899999999999977
760,311.05,306.75,-50.42304002227055,24.9858827142954,0.0
761,314.5,311.6101,-53.1370213064165,24.86042312103403,0.0
762,310.51,302.1,-55.869665110696594,24.893367404349053,0.0
763,307.64,301.28,-53.839462620209794,25.02729380865342,0.0
764,306.39,299.42,-53.76252635597923,25.19426595414756,15.079999999999984
765,317.68,315.56,-48.198215647584384,25.18665492783069,0.0
766,317.52,313.37,-49.14922440411538,25.100740192823864,0.0
767,316.3,312.7,-47.639795775547846,25.055811922457263,0.0
768,317.1,310.68,-47.56980425592808,25.12424838678051,0.0
769,317.88,312.76,-47.52121360294339,25.202629032531117,7.199999999999989
770,322.71,314.13,-44.24973456564498,25.386028085935358,0.0
771,319.76,312.0,-45.18272191017839,25.61069439114447,0.0
772,323.04,319.265,-42.49239371762193,25.72924487270686,0.0
773,321.28,319.09,-44.30433422379089,25.718205078468568,0.0
774,322.57,319.735,-45.72143900330841,25.359252618830226,11.04000000000002
775,325.13,320.62,-50.332539553090875,24.93242923966805,0.0
776,326.93,323.94,-53.40535720410195,24.421543076102154,0.0
777,327.2,324.5,-58.33173901931433,23.96978829004328,0.0
778,327.23,321.48,-59.0552179262518,23.78663020858379,0.0
779,321.99,319.246,-60.30635420622685,23.69003754532521,7.984000000000037
780,323.41,320.775,-59.22465594107381,23.513532516372795,0.0
781,323.64,320.85,-63.25255279916945,23.387852935999057,0.0
782,325.73,322.075,-61.225663785238204,23.37264545598309,0.0
783,324.41,319.64,-62.328195884949665,23.32746933498324,0.0
784,326.63,321.33,-65.3026511672104,23.34184351036923,6.990000000000009
785,329.62,327.73,-66.10531278449731,23.23977553318691,0.0
786,330.06,327.86,-69.46544580285435,23.110337876316105,0.0
787,332.39,331.18,-72.22653233167168,22.90087899159693,0.0
788,334.46,331.13,-74.01608743484769,22.835734253732053,0.0
789,334.88,332.3,-75.47387761041985,22.797066213943406,7.149999999999977
790,335.77,332.955,-75.00627445876981,22.85047342852109,0.0
791,337.54,332.01,-74.61484873535882,23.039900331927257,0.0
792,338.28,332.8377,-73.71386103184723,23.318491376183605,0.0
793,338.2514,335.83,-73.67804961302436,23.41182211360613,0.0
794,337.42,335.62,-78.96470989549415,23.393416154799638,6.269999999999982
795,338.34,336.8517,-80.95036275841011,23.17649060977549,0.0
796,339.1,336.61,-87.445068698893,22.91776969345416,0.0
797,339.61,336.62,-93.8909079431498,22.78679464881168,0.0
798,338.8,335.22,-94.90531969912803,22.82243104079088,0.0
799,339.72,337.55,-96.40558846499901,22.874048417909783,4.5
800,343.0,339.4504,-95.91981425901803,22.955547608167688,0.0
801,344.21,342.27,-98.5770778652668,23.01763456517052,0.0
802,347.86,344.17,-97.28615206707138,23.173161607126744,0.0
803,349.9,346.53,-94.658557576453,23.257442560094503,0.0
804,350.72,348.15,-100.42041326743275,23.356254411747067,11.269600000000025
805,340.38,334.2208,-71.64683704688034,27.291264442874272,0.0
806,342.02,338.4683,-71.07057416267942,27.42088679956108,0.0
807,343.06,338.52,-71.29384521079754,27.34988519857608,0.0
808,337.6996,332.991,-71.21926910299004,27.164964637605184,0.0
809,335.49,327.97,-72.22650745383078,27.12860949231979,15.089999999999975
810,327.13,321.73,-71.45885546166879,27.16278290071218,0.0
811,330.9,325.86,-64.83067554088514,27.250005877704556,0.0
812,331.2,322.1,-61.93787680244156,27.428446238506954,0.0
813,326.797,319.8,-56.906882756472655,27.576520730631817,0.0
814,329.58,321.64,-56.43969767165603,27.690540694902108,11.399999999999977
815,334.96,332.15,-52.79749396745474,27.722857439584896,0.0
816,334.77,331.6209,-52.82451875801421,27.633795873717354,0.0
817,338.29,332.88,-53.0516014606405,27.61481306833775,0.0
818,338.74,335.01,-52.64868454968918,27.49989812553772,0.0
819,337.0126,331.19,-52.07722212868301,27.403383253950718,7.550000000000011
820,339.96,336.01,-49.48487658196822,27.311934751966085,0.0
821,342.17,334.38,-47.24335537491005,27.35768390339015,0.0
822,341.63,338.09,-44.23564077922549,27.29889772876975,0.0
823,343.85,341.86,-44.84235017700531,27.028351582632876,0.0
824,347.35,344.89,-42.84115460279127,26.283586557807702,12.970000000000027
825,354.02,349.06,-44.225873119172476,25.50059705937351,0.0
826,352.4651,349.09,-48.84510196821084,24.820882178979794,0.0
827,351.93,347.14,-52.52609692838618,24.387253307593845,0.0
828,348.02,343.13,-53.46965711181499,24.016718393963846,0.0
829,350.75,347.1,-56.56566610582729,23.75244682591462,10.889999999999986
830,349.33,341.04,-57.34844590043724,23.718496297090457,0.0
831,346.88,342.64,-56.55123199029917,23.753404149476935,0.0
832,348.6847,342.4,-57.67525616680796,23.87523045261477,0.0
833,345.24,340.65,-55.68069509840008,23.987782976014334,0.0
834,345.99,343.13,-58.62252603825639,23.95948861077732,8.680000000000007
835,342.98,335.62,-59.87212616215122,24.046755521944387,0.0
836,340.12,337.99,-64.00347908222585,24.040977369122746,0.0
837,338.2483,326.13,-64.91238030104788,24.191281872306075,0.0
838,333.395,325.09,-63.88832112719422,24.356208578849028,0.0
839,329.69,322.6,-63.56113169729438,24.462535793276093,20.379999999999995
840,332.36,327.24,-63.67680369944181,24.60376613478787,0.0
841,338.25,330.2935,-61.8303639530364,24.83449537837128,0.0
842,347.94,339.59,-55.48992654188999,25.062999697830524,0.0
843,352.19,348.86,-53.92180970288373,25.1997317244368,0.0
844,351.51,347.65,-53.723013857503155,25.227836104387485,24.94999999999999
845,364.38,354.06,-50.99040043224718,25.407082267421,0.0
846,355.18,350.51,-51.8668905528653,25.417651009433108,0.0
847,357.56,355.06,-50.78039401393739,25.385483764032063,0.0
848,356.7182,351.26,-51.343556044581746,25.4538675270736,0.0
849,358.9,354.71,-46.16105358810641,25.541284919803445,13.870000000000005
850,369.62,367.72,-66.41385895917989,22.896314359611047,0.0
851,370.78,367.67,-68.97549180755983,22.66832263845741,0.0
852,371.05,365.95,-69.04177853022864,22.555734460998263,0.0
853,367.86,364.43,-72.50867418696515,22.431621804102505,0.0
854,366.7402,363.26,-80.4274742019216,22.435644389348383,7.7900000000000205
855,380.58,377.7189,-80.49113257029295,25.759263113469892,0.0
856,379.86,376.36,-80.05809763928659,25.868081675908336,0.0
857,380.86,377.85,-80.5758818959357,25.965009801004307,0.0
858,381.13,378.1,-81.66529597497392,25.991273816198785,0.0
859,377.58,373.7,-80.81959636419658,25.901453439060603,7.430000000000007
860,377.34,370.376,-79.31995775799021,25.26200295270136,0.0
861,383.22,376.3181,-74.93329832215046,25.534498226339764,0.0
862,383.7,380.48,-72.85411963989594,25.758540773115964,0.0
863,386.24,381.9655,-72.72054451136194,25.917117709369997,0.0
864,388.47,386.1444,-74.95329555513248,26.037341744578892,18.09400000000005
865,390.56,388.35,-73.86127138956347,26.03970089302809,0.0
866,390.89,389.17,-74.33480760489627,25.632265875132738,0.0
867,392.28,387.5,-78.4609659443613,25.355774280981166,0.0
868,391.69,388.1,-78.6206077587003,25.005009650485206,0.0
869,392.9,389.77,-77.23560216410618,24.747685401086766,5.399999999999977
870,390.92,380.572,-71.81470184934663,26.33709892497387,0.0
871,390.07,386.0,-71.76038308065121,26.508817826824274,0.0
872,386.83,381.31,-73.79979294596569,26.675381990078904,0.0
873,384.0,371.88,-69.73030086454428,26.74887435846954,0.0
874,384.76,372.64,-68.42343160904201,26.84813501814531,19.04000000000002
875,387.68,381.42,-68.74778811113462,26.74085122040506,0.0
876,389.91,381.7299,-68.10016153150269,26.617031398695648,0.0
877,391.4,388.1702,-68.02098778117026,26.38424561046219,0.0
878,395.65,391.74,-67.91361645338293,26.218770631801295,0.0
879,394.21,391.2,-69.43949772237455,26.04037187603607,14.229999999999961
880,396.685,392.03,-65.53536116832211,25.959197681762074,0.0
881,397.83,395.08,-64.73511323625067,25.899156029372715,0.0
882,398.12,393.3,-66.86865408095173,25.93091507149743,0.0
883,396.72,390.75,-64.72813673701461,25.945604603184908,0.0
884,391.569,387.15,-63.47994802514519,25.947899162485772,10.970000000000027
885,406.94,403.38,-66.69239512569061,24.679077222079503,0.0
886,407.24,405.4,-67.19409658880494,24.115735143135645,0.0
887,406.96,405.45,-70.79070515632772,23.681719033877258,0.0
888,408.58,406.93,-72.71212616197917,23.29532316695218,0.0
889,411.67,408.26,-72.07491665032359,22.856970607605835,8.29000000000002
890,418.22,416.8111,-101.72772509991371,22.943922206022204,0.0
891,418.14,416.3,-105.93976424243031,23.022002745352957,0.0
892,419.01,416.9,-108.76006142493475,23.031231046701194,0.0
893,420.72,416.44,-109.28680226714593,23.085956028050173,0.0
894,418.54,416.34,-111.06594066288196,23.023568418420115,4.420000000000016
895,419.84,417.665,-118.3636984114751,22.9017863801044,0.0
896,416.6,411.67,-120.13589384396467,22.95202969246758,0.0
897,417.63,414.94,-120.58539968012161,23.046923840675554,0.0
898,419.21,413.675,-114.30421765165319,23.30246715179399,0.0
899,422.815,419.16,-115.05110135011164,23.569121001863962,11.144999999999982
900,422.74,417.81,-113.36958037083504,23.85612483948445,0.0
901,415.27,410.06,-114.99087543117541,24.21940501612477,0.0
902,412.59,404.0,-108.31800250075122,24.76812410460804,0.0
903,412.35,407.02,-101.69301743109975,25.276198733430856,0.0
904,417.49,413.18,-95.53519183967525,25.62814079379771,18.74000000000001
905,416.39,413.36,-97.15477562946083,25.900892688747753,0.0
906,416.06,411.77,-94.58003769720028,26.129929324982093,0.0
907,411.05,405.33,-91.90165296120941,26.33734389209223,0.0
908,416.625,411.67,-87.88006338114006,26.52557821957075,0.0
909,418.2,414.45,-88.69874288522178,26.66852960915797,12.870000000000005
910,420.32,417.08,-86.93364191373054,26.71588280725695,0.0
911,420.71,417.62,-88.66119671803085,26.606149136157068,0.0
912,419.61,417.76,-88.71564815193814,26.33135477484818,0.0
913,420.72,418.9851,-89.41988014448565,25.922755717842588,0.0
914,421.25,419.79,-88.14339216048596,25.444676302760044,4.170000000000016
915,422.78,421.19,-90.4623273206717,24.932573102989807,0.0
916,423.21,420.32,-93.11657290927451,24.932816469504147,0.0
917,423.26,421.41,-93.67213279686949,24.774545381858914,0.0
918,424.63,421.55,-98.15210099408431,24.69736466599003,0.0
919,424.43,422.82,-98.51470722072737,24.455490466389147,4.310000000000002
920,425.37,423.1,-101.7380483704197,24.24554786958459,0.0
921,425.46,423.54,-103.8346068421322,23.984744179505466,0.0
922,424.87,419.92,-104.7847891088508,23.872841621617223,0.0
923,423.02,419.32,-109.02874412613703,23.656562387640218,0.0
924,417.8281,414.7,-114.6003878252281,23.490103997296373,10.759999999999991
925,421.06,415.93,-113.09835379304081,23.50205778632578,0.0
926,424.0,420.08,-118.64164177474791,23.601637960285434,0.0
927,424.05,422.51,-120.7475454168084,23.587208211341515,0.0
928,425.55,424.62,-121.88167398488376,23.415355499025157,0.0
929,427.0943,425.55,-127.66207658824344,23.20424229293664,11.164299999999969
930,427.65,425.89,-134.96918099610198,23.026090368413875,0.0
931,428.56,427.13,-139.34341067899862,22.87064805788084,0.0
932,428.78,427.18,-146.92452567710748,22.74882020632194,0.0
933,430.6,428.8,-146.63653563170075,22.713945659414275,0.0
934,434.1,430.5218,-140.38027494699415,22.870002794885462,8.210000000000036
935,437.35,434.97,-125.54522404676771,24.352624620452875,0.0
936,437.84,435.31,-130.03402882739906,24.527947294831513,0.0
937,437.92,434.91,-128.57496949133275,24.66402496286165,0.0
938,435.53,432.72,-128.6039013399603,24.813817987097888,0.0
939,436.06,430.92,-124.94925787876993,25.023662923092044,7.0
940,431.4089,421.97,-118.49888793985593,25.53001550894291,0.0
941,432.42,424.83,-111.10448283541744,26.048717976250636,0.0
942,434.7,431.0111,-110.34656527915733,26.418976242765698,0.0
943,435.72,433.69,-109.59365613501778,26.44700497477797,0.0
944,440.3,436.79,-109.34988004678522,26.390507542193514,18.329999999999984
945,441.03,439.26,-109.3387403178436,26.245893785471903,0.0
946,439.94,435.99,-114.82161055974726,26.031052515048632,0.0
947,440.3,437.31,-119.54802641793624,25.809023089173557,0.0
948,441.8,439.81,-119.42821843182577,25.6654982922089,0.0
949,440.06,437.77,-118.68565796518509,25.620481707679666,5.810000000000002
950,440.93,437.21,-117.17323277485684,25.677764511064666,0.0
951,441.28,436.1,-110.67824098853009,25.85878410071017,0.0
952,441.1243,438.73,-107.18853013227837,26.00946461631867,0.0
953,441.85,439.88,-108.07900810689483,26.10678887112991,0.0
954,442.94,441.8,-110.14341067566474,26.10955273553841,6.839999999999975
955,442.795,441.31,-111.87831664806808,25.93863040033192,0.0
956,443.44,441.88,-116.54028960782794,25.633293639590647,0.0
957,443.882,442.62,-120.19687597573025,25.282476817260125,0.0
958,445.2572,442.66,-119.55283171177305,24.93998810183283,0.0
959,445.94,445.07,-127.44658143917901,24.463649532303382,4.6299999999999955
960,447.11,442.87,-129.51394623359946,24.297149086596068,0.0
961,444.96,440.85,-123.80108212730397,24.314950920443053,0.0
962,444.625,438.92,-120.45862688216606,24.508658682054623,0.0
963,441.14,436.12,-119.68163800368303,24.76026701110587,0.0
964,443.71,439.71,-116.97671770344837,24.858067234327528,10.990000000000009
965,448.23,443.4355,-117.75265501884208,24.705974550453984,0.0
966,448.54,447.42,-128.87041911984034,24.348421703942687,0.0
967,449.457,447.77,-137.5929768516661,24.05923045602936,0.0
968,448.86,446.16,-140.38034483352223,23.92746402575772,0.0
969,450.65,447.06,-135.8654115015379,23.886377991794106,7.214499999999987
970,453.07,450.71,-139.4425111000635,23.911368213168842,0.0
971,452.49,450.92,-140.51569853509807,23.84788458017633,0.0
972,453.11,451.545,-147.37773265026695,23.764569483751377,0.0
973,454.05,451.91,-146.34952602341156,23.745753542998656,0.0
974,453.63,451.55,-144.78337383725818,23.755683659611133,3.340000000000032
975,436.56,428.86,-117.02463558486156,26.68536973341232,0.0
976,437.91,433.07,-113.50047601590846,26.919848348564877,0.0
977,440.03,433.747,-110.23342601084431,27.040722259819095,0.0
978,444.89,439.6,-107.33419117548027,26.96146726837994,0.0
979,444.67,441.21,-109.10642166354934,26.75360063245662,16.029999999999973
980,444.05,441.9,-111.41979695001491,26.486365878214848,0.0
981,440.04,432.94,-106.17411212356976,26.327343349252523,0.0
982,437.04,433.85,-108.02982254480763,26.281640250659674,0.0
983,436.77,428.78,-101.94885649950434,26.44648609894072,0.0
984,436.0329,427.24,-96.60235912397481,26.70704982512541,16.810000000000002
985,433.96,426.36,-93.61122450241838,26.927249655797727,0.0
986,435.49,429.39,-88.70791529343215,27.130278795736796,0.0
987,435.1199,427.54,-82.47090224104922,27.40033197596279,0.0
988,441.68,438.2,-78.60032234060188,27.594742511696253,0.0
989,439.89,437.19,-79.66076670363623,27.68177501919726,15.319999999999993
990,440.26,434.62,-80.26917201239918,27.784301021998104,0.0
991,436.1,432.78,-80.04039568796365,27.82574280369532,0.0
992,436.05,431.54,-78.16699707707022,27.81331373318982,0.0
993,442.66,438.58,-71.56522617804573,27.687042603976277,0.0
994,446.26,444.09,-71.28511505397526,27.29962464411635,14.71999999999997
995,447.55,443.27,-70.13677811550147,26.921669484876993,0.0
996,450.7,448.27,-71.90177162644412,26.49225094491056,0.0
997,452.732,451.01,-71.09468286858178,26.027796590336447,0.0
998,453.829,451.31,-73.6733743642429,25.612822946425407,0.0
999,454.67,451.05,-74.76979691332541,25.287640019439046,11.400000000000034
1000,455.9,452.39,-77.08771224389082,24.896726288785175,0.0
1001,458.49,455.56,-82.27250180545143,24.575561808127524,0.0
1002,457.16,453.86,-82.38217487404066,24.273884044980974,0.0
1003,458.4,455.45,-82.30709323407683,24.018091061030418,0.0
1004,459.56,455.56,-84.73551613317493,23.91126208366649,7.170000000000016
1005,460.7021,458.2,-88.26041910470742,23.880186564571478,0.0
1006,462.23,460.08,-89.24543564869566,23.706122151430165,0.0
1007,465.15,460.83,-93.21270064307578,23.688670207278104,0.0
1008,467.0,464.99,-95.05942044965778,23.495846843654114,0.0
1009,470.65,466.92,-99.02187490997851,23.26591420504716,12.449999999999989
1010,470.23,468.2031,-105.7102752669777,22.98215191898773,0.0
1011,469.57,465.88,-110.13871635011232,22.804500539744538,0.0
1012,467.38,462.04,-113.9630854766241,22.74117096656404,0.0
1013,465.29,463.75,-121.14680806820544,22.67816410411769,0.0
1014,467.86,464.11,-122.53567226441331,22.749368711994812,8.189999999999998
1015,468.81,466.23,-125.08792974188711,22.762152156457184,0.0
1016,470.485,467.07,-128.1443853200943,22.84720926037589,0.0
1017,469.19,467.48,-131.10672245467234,22.8545127096169,0.0
1018,470.01,466.34,-132.9708847215183,22.92558003783935,0.0
1019,470.94,468.5,-142.98525285091657,23.034895010359296,4.7099999999999795
1020,470.56,466.27,-84.09191447866694,27.638778449179625,0.0
1021,465.74,460.25,-79.53010334335052,27.623761194913776,0.0
1022,470.86,460.74,-76.0897102508224,27.683568366487336,0.0
1023,472.87,464.8,-71.77239275038878,27.654510691211325,0.0
1024,464.74,458.06,-69.87793547365118,27.72377687625895,14.810000000000002
1025,465.74,456.5973,-76.64743467480456,24.397255758249205,0.0
1026,469.85,462.05,-78.6722308083324,24.29313913734738,0.0
1027,473.2,468.94,-82.3263294939266,24.110494226207418,0.0
1028,472.88,463.44,-83.72924288962416,24.19084832247818,0.0
1029,465.09,459.9,-82.80446275558403,24.305654031614772,16.60269999999997
1030,450.28,439.81,-46.531175689155525,28.231219473043023,0.0
1031,453.63,446.9384,-44.66053604072782,28.291556138996846,0.0
1032,458.12,453.05,-44.53086254479176,28.312503947107317,0.0
1033,452.97,445.71,-42.617722695269016,28.334020398309395,0.0
1034,452.78,443.83,-40.657867456204805,28.355096291353362,18.310000000000002
1035,450.99,445.85,-39.64589383717636,28.364300262677173,0.0
1036,451.92,445.22,-37.1875175622828,28.32256322198497,0.0
1037,457.88,455.005,-36.573677751204855,28.173062734606233,0.0
1038,457.71,447.2,-35.62991926695269,27.883947540692482,0.0
1039,451.605,438.94,-35.84882287664503,27.702741457895897,18.939999999999998
1040,438.2,430.7,-38.26874660064431,25.941675535945595,0.0
1041,437.17,427.21,-37.503000816222006,25.569583742396862,0.0
1042,439.72,431.57,-36.563887559216276,24.380260450017122,0.0
1043,441.11,433.8,-46.52053389087212,23.657022070942983,0.0
1044,433.37,427.88,-49.86668978822101,23.17652231817952,13.900000000000034
1045,432.3018,419.36,-51.17509765130031,22.94867610055604,0.0
1046,427.21,415.12,-49.89518610438475,22.903189939382337,0.0
1047,429.51,422.83,-47.528493799175976,22.919452894186943,0.0
1048,426.43,420.44,-46.6683609145296,22.982926276592355,0.0
1049,428.77,419.53,-44.880283369926865,23.113495942624322,17.18180000000001
1050,424.55,415.79,-47.07572496270468,23.258761241196307,0.0
1051,426.84,418.42,-47.94194724431616,23.453096961501153,0.0
1052,435.68,424.8,-45.62736697433825,23.70263006667829,0.0
1053,441.07,433.19,-43.45994322466959,23.98530067011857,0.0
1054,444.86,437.22,-44.64042836143633,24.16620169467469,29.069999999999993
