,KAMA,DYMI,weekly_range
0,0.0,0.0,0.0
1,0.0,0.0,0.0
2,0.0,0.0,0.0
3,0.0,0.0,0.0
4,0.0,0.0,8.21950000000001
5,198.50008393524212,1.9908120452493705,0.0
6,197.67766522234464,21.569408680330938,0.0
7,194.93948282396772,25.72996518268556,0.0
8,194.41642998895065,15.280460351081729,0.0
9,193.1780043637975,28.131697910588528,9.340000000000003
10,190.5796010389417,58.04606038873881,0.0
11,190.5733130820057,56.231221313940424,0.0
12,190.60132591786484,51.63397785633669,0.0
13,190.63642640647586,51.553242050596964,0.0
14,190.58831976176637,57.17980511861164,7.480000000000018
15,190.50317322050873,46.32240333557655,0.0
16,190.25837207898465,42.10427485959205,0.0
17,190.1252875506573,40.994919178613706,0.0
18,189.6244990498689,35.11788622688732,0.0
19,189.32781902277293,32.41051988237494,7.25
20,191.96469514024366,71.76191033462787,0.0
21,192.6409366973631,64.431232086704,0.0
22,193.15719066602995,73.36027521497739,0.0
23,193.92712110764995,78.32597358371949,0.0
24,194.7370315507305,77.42206784833789,8.019999999999982
25,195.27027848326802,76.40452085205669,0.0
26,195.57504302563882,74.60810756451957,0.0
27,195.96203288728427,63.294023083731645,0.0
28,196.19756194729112,66.34817759697069,0.0
29,197.07846410499704,63.477451041348786,5.430000000000007
30,198.1880550057513,77.61050732866869,0.0
31,198.5823283462348,75.4072847021875,0.0
32,199.0949303202331,70.83704132854713,0.0
33,199.78284125626226,75.30158720413591,0.0
34,200.22729832206542,82.7662423542888,4.179999999999978
35,203.41563156883322,73.92289614116777,0.0
36,203.42293291930235,68.60693138751978,0.0
37,203.5016841802174,48.57636184784102,0.0
38,203.50529343401084,58.467015430040966,0.0
39,203.5211000655247,45.45914545088004,3.9799999999999898
40,206.62609778740318,67.0197071323957,0.0
41,206.9011463228146,59.214444487684155,0.0
42,207.03135099274343,62.21135570078183,0.0
43,207.03670184209088,72.76919654309707,0.0
44,207.01251019058662,19.428230797552303,4.780000000000001
45,207.03730837173376,15.852995803351675,0.0
46,206.94993683510916,46.00384073914919,0.0
47,206.68609618211156,37.50368589300199,0.0
48,206.50204076898393,33.03915065532621,0.0
49,206.4457925221748,28.32431066517205,4.300000000000011
50,206.4154845630767,32.86690725460036,0.0
51,206.43283412046023,34.032357868198844,0.0
52,206.4353703487221,54.511171811636096,0.0
53,206.43676416089409,44.050632813293326,0.0
54,206.40177770997445,45.00123358083687,4.159999999999997
55,206.40797301527402,36.32339339856253,0.0
56,206.38233194399447,46.92901332892627,0.0
57,206.37569749426564,42.10602599843299,0.0
58,206.35451611124356,44.237911450154165,0.0
59,206.34972030421204,37.66996744818282,4.560000000000002
60,206.33811227380278,49.41754123032383,0.0
61,206.35105217128978,48.89570959721933,0.0
62,206.46572113765112,69.34455965380708,0.0
63,206.58031665248203,88.2602872570486,0.0
64,207.0319147548929,65.08135489365588,5.264999999999986
65,209.69885158946602,69.27654219204881,0.0
66,210.308389384008,82.43918793367166,0.0
67,210.857582995365,83.19642507453347,0.0
68,211.04486185434837,88.35546720338867,0.0
69,211.0291822508027,82.05337582598195,3.0900000000000034
70,210.91987491115123,33.30356412766561,0.0
71,210.78736787789114,23.704787973562603,0.0
72,210.592321232538,13.149859200301435,0.0
73,210.44113121613802,33.059236102105615,0.0
74,210.05947147465633,35.63628853263353,4.780000000000001
75,209.88129061047823,27.23701057225847,0.0
76,209.77281846429045,38.638954679634686,0.0
77,209.56171482039545,40.67372648292745,0.0
78,209.58198540772756,39.93853219654027,0.0
79,208.99273106550427,76.84035637416599,8.150000000000006
80,207.9023241415824,24.050536570515263,0.0
81,207.72797665818717,22.236323357045507,0.0
82,207.71986110194027,38.876081353593825,0.0
83,207.73441233233223,51.5457094419706,0.0
84,207.77358001269562,60.41530721788368,11.840000000000003
85,208.60275602865616,62.57681354345964,0.0
86,210.62228756089934,63.673493128863576,0.0
87,211.8376852710232,67.10049755484144,0.0
88,212.93466870139582,64.69070456547932,0.0
89,213.4849505161239,81.58583409504864,4.0625
90,214.0564015685656,59.86540200039002,0.0
91,214.7320625863321,60.079324695398014,0.0
92,215.48174726277537,59.424492871721505,0.0
93,215.6531002697005,60.42974906655371,0.0
94,215.94745359727466,58.734681545185985,1.740000000000009
95,216.02067065244003,61.9298805248878,0.0
96,216.063459568401,61.9118263049915,0.0
97,216.085167126188,75.51878269222446,0.0
98,216.1000442002298,66.51961685234917,0.0
99,216.14796225810608,66.54551724427637,1.9199999999999875
100,216.16075523137184,64.67863512705063,0.0
101,216.15001724981755,46.69905834385045,0.0
102,216.1519807669704,22.113974447983807,0.0
103,216.1541817131264,49.37664221796116,0.0
104,216.20258628572088,49.07213952041168,3.9799999999999898
105,216.29512429898256,71.8148838738791,0.0
106,216.3958367435349,68.37091823040856,0.0
107,216.43672117311107,66.62792697343937,0.0
108,216.56451295156896,55.29067611444551,0.0
109,216.6261107665468,66.993296907349,1.710000000000008
110,216.78452502966994,63.07834440522615,0.0
111,216.88143502800676,69.0091748754411,0.0
112,216.99042669228425,55.10408662815713,0.0
113,217.1497470307691,57.35120598445161,0.0
114,217.16762620681067,62.04530545892542,2.4799999999999898
115,217.18618434869376,64.43525099094994,0.0
116,217.22168153657572,61.61148363670138,0.0
117,217.22700229812833,64.49737296102882,0.0
118,217.24181303233132,44.92043392695937,0.0
119,217.24326683354047,43.065777069193324,3.3499999999999943
120,217.26642293401628,38.599043806968126,0.0
121,217.2696275852135,53.340185467120264,0.0
122,217.27509230691803,45.11328461189271,0.0
123,217.28199587932187,40.9318874933721,0.0
124,217.2903337220795,36.58822829978212,2.8400000000000034
125,216.08195992588657,36.815467314497454,0.0
126,215.88006462760578,37.40043797006593,0.0
127,215.87836349940343,38.10397897971292,0.0
128,215.89295049883955,49.289783668778036,0.0
129,215.89572622559018,53.00730430667576,4.5
130,215.85483377590808,47.30295237043324,0.0
131,215.84566425034066,41.54199178305651,0.0
132,215.88546455732975,47.55460613950714,0.0
133,215.87520264182515,59.75304270678114,0.0
134,215.89272710763012,46.30435485498415,3.5
135,215.8893709171031,58.44236893790419,0.0
136,215.87265335781873,55.95519252074322,0.0
137,215.87134535279165,47.010709260246,0.0
138,215.86963239992818,55.202701732462955,0.0
139,215.8585386173903,55.8233777734927,2.3100000000000023
140,215.8676654571115,51.57627853641261,0.0
141,215.79533239406865,52.642533855340176,0.0
142,215.69212687146322,37.09093229890041,0.0
143,215.61822840528896,36.649863938468926,0.0
144,215.40452863614004,40.438418503595805,5.489999999999981
145,215.12863695695833,37.53206449169705,0.0
146,215.10447182744684,30.784693525868988,0.0
147,215.08323573171708,45.325378506289205,0.0
148,215.03714483441968,44.96457972262096,0.0
149,215.0153724681481,43.66625211379941,2.469999999999999
150,215.01209491348376,47.55460237778823,0.0
151,214.9954585862526,52.43674854659091,0.0
152,214.9897346954255,45.92325807166746,0.0
153,214.97782453084443,44.824371643223635,0.0
154,214.943252569754,36.45621718409149,3.609999999999985
155,214.92693583068856,39.43448707157033,0.0
156,214.47143368350237,21.033537322746383,0.0
157,213.3813944941845,0.29198210570919514,0.0
158,212.2556515470583,0.20987061547981511,0.0
159,211.27562183752477,0.16615441999988434,4.810000000000002
160,211.3236737325107,0.16595236296475946,0.0
161,211.33646009966952,64.50777102738539,0.0
162,211.51803803551735,69.30418871470258,0.0
163,211.82423222459587,83.93166629755586,0.0
164,212.10214466943367,66.26046666550405,7.009999999999991
165,212.38504620882273,64.80561468593919,0.0
166,213.3113682724555,57.45806938575044,0.0
167,214.28250550171575,60.54052695701019,0.0
168,215.74167172866186,72.15039793581272,0.0
169,216.5294919037044,75.20536539898644,3.5500000000000114
170,222.66648536064926,100.0,0.0
171,223.8154054627309,80.18385966348119,0.0
172,224.07563608704467,83.5431109546142,0.0
173,224.6121336051121,66.62410998955724,0.0
174,224.65309169888974,72.71577440721308,3.670000000000016
175,224.86562439748334,63.86301068504791,0.0
176,224.88871358655368,58.417257610785065,0.0
177,224.92364705683997,59.8191019622556,0.0
178,225.02501757714185,61.01092807564385,0.0
179,225.1906711620397,59.59231586121897,2.494999999999976
180,226.1521771962173,65.30700807292997,0.0
181,226.18669590776244,52.952130594892424,0.0
182,226.21151605927795,51.091819917985326,0.0
183,226.28819953244303,53.620141829995525,0.0
184,226.50041595117048,53.222577211383395,3.230000000000018
185,226.69428734332067,66.99791543650237,0.0
186,226.77865378369117,61.608247763348906,0.0
187,226.80736157498743,65.2639724938791,0.0
188,226.95742599782815,65.15001307019773,0.0
189,227.39386285061653,75.72735843345848,3.460000000000008
190,236.45897442194553,79.12917645757759,0.0
191,236.46119369232088,79.42080042380205,0.0
192,237.33147191614978,83.5488878071364,0.0
193,237.41745240741028,89.31957234269797,0.0
194,237.52604774098862,73.11335348214696,4.305000000000007
195,237.5370544743331,71.94452051160047,0.0
196,237.5314043086105,63.71973807943692,0.0
197,237.5244140171339,55.01240637859422,0.0
198,237.5184830237702,52.14996382150126,0.0
199,237.5213058635032,53.292851153376134,2.3799999999999955
200,237.52498267291907,55.42807198375038,0.0
201,237.51954022115692,57.046944182524605,0.0
202,237.54340778674563,48.610956786215496,0.0
203,237.54992507794003,61.14058366373489,0.0
204,237.53502788334995,56.696172694005035,3.25
205,236.18516740315812,49.59531941149456,0.0
206,236.1315707176771,46.3989171694583,0.0
207,236.11109250886707,41.017433596585576,0.0
208,236.07934712350533,39.92581411789026,0.0
209,236.04127034331862,46.79930436275108,3.4799999999999898
210,235.05982234087543,55.35829086788173,0.0
211,235.22501575040283,79.23819373025782,0.0
212,235.3863367237069,81.22130608957382,0.0
213,235.67618323886597,66.71265037280939,0.0
214,236.0212027832113,56.4009558578134,4.967199999999991
215,236.31643847656983,56.48186885968511,0.0
216,236.72407149332625,58.500269042534605,0.0
217,237.03862075728924,63.48785386676404,0.0
218,237.26869526354125,61.59606223454843,0.0
219,237.88190696940018,71.8849954373157,2.0200000000000102
220,238.16419868980776,79.48146674549301,0.0
221,238.22904546276172,81.28990611552584,0.0
222,238.38644950253726,74.39165246169466,0.0
223,238.42043400700823,81.77134248742823,0.0
224,238.44461637877149,65.520827803869,2.0600000000000023
225,238.59142220805808,51.60631978026089,0.0
226,238.67354988809154,67.4308495098377,0.0
227,238.4941131722424,59.23000987166848,0.0
228,238.4293712844666,15.400320840017642,0.0
229,238.42670981725897,29.505949428307346,5.239999999999981
230,238.43240140390597,47.03524792836387,0.0
231,238.44758325466643,57.810439773868055,0.0
232,238.4706718881093,56.80467350033664,0.0
233,238.5803056190196,57.80485369778445,0.0
234,238.7104812553025,63.17074151941783,3.2600000000000193
235,242.6221919387614,72.79133360905477,0.0
236,242.7258940233172,71.88520660122722,0.0
237,242.88819070814813,62.98801253853901,0.0
238,243.02920358256603,64.44553372248143,0.0
239,243.0559920511349,64.56507310109882,3.0600000000000023
240,243.07737856374374,63.70451006934195,0.0
241,243.28360818795232,69.41203716542591,0.0
242,243.3924407928651,75.62192422613697,0.0
243,243.39758369920813,67.74935935503743,0.0
244,243.35138303950384,60.92693893830904,3.2363
245,243.37120386551533,48.64447834115961,0.0
246,243.36889011025636,63.47104882407999,0.0
247,243.36260155364621,45.81795517875584,0.0
248,243.352149541991,42.81596298924159,0.0
249,243.3504418696235,42.52463844227189,2.319999999999993
250,243.35014384115505,57.07662472059445,0.0
251,243.16574065301168,47.61548659009541,0.0
252,243.1696380045417,33.45118679375999,0.0
253,243.10444820631724,51.35128447669435,0.0
254,243.08852099030568,40.26355513083832,4.424999999999983
255,242.92657083022664,44.20382178003676,0.0
256,242.91593287941402,49.05849730621245,0.0
257,242.96046074968314,48.124891394332565,0.0
258,242.98163962190313,58.3361430901736,0.0
259,243.29008967111923,59.71139952830651,5.1200000000000045
260,243.52811713907727,64.28722595589898,0.0
261,243.73899082079046,69.98283602831205,0.0
262,244.12453078787294,66.93183071354356,0.0
263,245.306927590057,81.31940868356877,0.0
264,245.8264573172915,81.13653494108917,2.75
265,246.13580103634544,77.62136573726869,0.0
266,246.60251351067672,60.582674437848425,0.0
267,246.87539504680882,61.002735440082006,0.0
268,246.95595959176117,61.53847770612168,0.0
269,246.9508145893695,61.29204095115254,2.319999999999993
270,246.93412285182828,80.18801760561135,0.0
271,246.98055393837893,71.26069990044493,0.0
272,246.99557448222097,75.04033648852113,0.0
273,246.99524840978424,71.84888674493406,0.0
274,247.0077243807854,59.63480261779698,1.4199999999999875
275,247.06352303126934,65.09536272231938,0.0
276,247.065235603171,64.4812664173091,0.0
277,247.06697288146265,51.20906866591208,0.0
278,246.59354818326304,51.31012905748912,0.0
279,246.34593919897026,5.711071019806482,5.210000000000008
280,246.34718088968523,19.44309608314049,0.0
281,246.3496191707118,50.357429749148224,0.0
282,246.35540129746974,48.1806230982082,0.0
283,246.13981586955867,55.984481184523965,0.0
284,245.83200664323022,27.554358214088722,5.3700000000000045
285,245.5340537268721,30.116671555249724,0.0
286,245.53208959379194,31.219003916065247,0.0
287,245.50208455780952,47.8537749446494,0.0
288,245.4932576381355,43.116539086221856,0.0
289,245.48621723875522,39.794655483016676,3.789999999999992
290,245.45312654263464,46.310088529616806,0.0
291,245.4361920245438,46.172487387013774,0.0
292,245.44420983788072,54.06958523831296,0.0
293,245.7605557310688,59.89965437975886,0.0
294,246.1801521596106,62.676344040402576,5.400000000000006
295,248.13189889677452,56.76815257230307,0.0
296,248.46574650045488,57.687110445062636,0.0
297,248.71431688869458,59.143980665196715,0.0
298,248.7757840133544,59.39007581596706,0.0
299,248.85442399142414,61.962519127733614,1.2700000000000102
300,248.8552771630224,67.12225184162185,0.0
301,248.86809961346086,56.64734548303106,0.0
302,248.8759926145392,58.3884565869012,0.0
303,248.89071404777113,68.40800048354228,0.0
304,249.16704515563967,66.77753599494866,3.2399999999999807
305,249.62271425085282,87.72513679063087,0.0
306,250.13033569469897,92.11489958613652,0.0
307,250.63070926946088,100.0,0.0
308,251.93533107902036,100.0,0.0
309,252.59145427958038,88.9862560625872,3.4081999999999937
310,252.97869845784138,83.88381508411261,0.0
311,253.46408678519796,77.09766437128954,0.0
312,253.9058648727747,76.01609442880864,0.0
313,254.06377017973168,75.94668110817628,0.0
314,254.23861741833213,72.17414957076825,1.6200000000000045
315,254.41688908777363,72.62763244644168,0.0
316,254.57922582313293,78.2299292031773,0.0
317,254.75249584102735,82.86180893757471,0.0
318,254.8281770396995,82.4901737742402,0.0
319,255.27937664533982,81.94543818154067,2.789999999999992
320,255.36921578834762,85.79153958814378,0.0
321,255.48592297117776,67.53996388090621,0.0
322,255.48420265364786,66.62144208627683,0.0
323,255.48819301821186,51.69794844598651,0.0
324,255.67786488081356,44.99318024551126,3.8899999999999864
325,255.71089392064175,68.92614254103805,0.0
326,255.76218763110265,58.485167882210966,0.0
327,255.8272281381705,62.30348867575699,0.0
328,255.89476404751142,63.62537117918611,0.0
329,255.966850837613,63.440162560526424,2.3100000000000023
330,256.215495964873,68.09491645175662,0.0
331,256.36628117455564,69.69441574840629,0.0
332,256.90133668608615,67.3899966127169,0.0
333,257.0105114748016,66.99934540657434,0.0
334,257.0243444563979,60.19217428560675,2.990000000000009
335,257.14465952882495,57.86746277521893,0.0
336,257.157492631314,66.52108812588716,0.0
337,257.13219738375625,56.86145225873409,0.0
338,257.16591334083614,34.10184206662582,0.0
339,257.1750103861387,59.24686030811762,3.410000000000025
340,263.5535613903884,78.97565759573189,0.0
341,263.9802970009378,79.41591692738433,0.0
342,264.37775565126805,81.70845010407379,0.0
343,264.3976162487313,80.69371356310332,0.0
344,264.5246704155921,68.0601692209801,2.170000000000016
345,269.94336455264863,90.97180640431137,0.0
346,271.09883146352973,82.62864739063153,0.0
347,271.8264585889646,88.25573003195527,0.0
348,272.98283467005365,83.9438133197504,0.0
349,274.38685058130955,87.22596164889441,5.189999999999998
350,283.14683266165235,90.16256607886139,0.0
351,283.0604841129373,75.82867764339677,0.0
352,283.0270021376821,60.8897554056618,0.0
353,282.98112482207614,58.921724232379894,0.0
354,282.5746981863958,34.70140939873582,11.019999999999982
355,278.23804729047106,1.1241255407343829,0.0
356,277.2219934406266,0.4292092203337319,0.0
357,276.06778244602395,24.87768849349861,0.0
358,272.74153222603985,24.471083779571998,0.0
359,270.8362472520558,18.855024428067267,22.930000000000035
360,272.95279669604736,66.77879951172719,0.0
361,273.0962517284547,68.48568888232656,0.0
362,273.0356534909708,60.41034954350865,0.0
363,272.9702411196464,63.31159864807244,0.0
364,272.85794651354655,49.96549963777595,14.100000000000023
365,272.85298845243705,49.763043712323864,0.0
366,272.85326275758126,56.162745379309854,0.0
367,272.85192798276915,54.683828050035316,0.0
368,272.8823796175545,50.97248528153083,0.0
369,273.0467492935761,54.57663162264611,11.259999999999991
370,273.08314661345355,66.94013748039026,0.0
371,273.1471033147713,67.52871639749634,0.0
372,273.2175299855029,60.940290511058805,0.0
373,273.4395761280709,52.33343457552752,0.0
374,273.4970066717411,47.530434385673374,6.270000000000039
375,263.74146352521535,34.24479840090211,0.0
376,263.59954735709414,28.557591021177117,0.0
377,263.59833825092244,36.747482826375126,0.0
378,263.63465458692724,42.545890677236,0.0
379,263.5759510243785,46.860281452140455,11.969999999999999
380,265.1523138696752,57.170358110125576,0.0
381,265.10886589775725,54.180677107968,0.0
382,265.1017568250683,41.11395384051143,0.0
383,265.10913960980287,49.97692025782956,0.0
384,265.1289423076227,56.85775373634011,7.126199999999983
385,265.1110578262887,52.583518536168306,0.0
386,265.0997803530396,46.8837091176298,0.0
387,264.87014205975856,45.381400169594585,0.0
388,264.6291687706842,40.29956280809375,0.0
389,264.63980551963317,34.233495728831045,8.839999999999975
390,264.65346780664674,45.48958276162226,0.0
391,264.7956326649021,48.85306239593026,0.0
392,265.2336307234479,51.21815932143029,0.0
393,265.84909255318945,64.64898041467818,0.0
394,266.5445504951511,70.95339983750515,8.0
395,267.8546246420045,80.48530773223099,0.0
396,268.18059370802916,80.28842696701588,0.0
397,269.01895228174317,58.95214678740189,0.0
398,269.7079753444974,59.44351201842105,0.0
399,269.91600770930245,63.77615540160959,4.050000000000011
400,270.4342847168934,67.03091831297198,0.0
401,270.6746791855071,62.20556570391315,0.0
402,270.8801078043304,73.46815033745213,0.0
403,270.90625572923955,71.91502456988509,0.0
404,270.9219425843194,66.3062850627163,3.4700000000000273
405,271.00825459243407,56.901704086909724,0.0
406,271.0803466368355,61.35540890157872,0.0
407,271.43262017714454,67.56102186020867,0.0
408,271.70601951479637,67.44781000596954,0.0
409,272.15458925406887,68.65205851573539,4.099999999999966
410,272.74928829610775,68.76082147746702,0.0
411,274.3715411728197,69.13706258385082,0.0
412,274.87892501579137,69.37691210614885,0.0
413,276.05072251323367,68.70493232583044,0.0
414,276.15614980054715,71.03039039358245,4.1299999999999955
415,276.17103924008705,68.08898885802212,0.0
416,276.16533469299617,58.14067538994226,0.0
417,276.15829389937045,55.11588941795939,0.0
418,276.003094282456,51.62124590126633,0.0
419,275.8767075378439,36.971443354400975,3.1900000000000546
420,274.8614333787456,20.904687856821937,0.0
421,274.2409818755937,11.02569809013157,0.0
422,273.20660487752303,20.32823870349678,0.0
423,272.83542633294195,17.684997181550685,0.0
424,272.6570473417374,27.56757021990788,5.375
425,272.6836665990656,88.62015785176418,0.0
426,273.66197654565536,91.5821384892909,0.0
427,273.88738511763097,67.30050998020438,0.0
428,274.9543369017667,60.67627280539497,0.0
429,275.77554082238737,66.62276535369087,3.430000000000007
430,276.33973837287317,74.48091808858972,0.0
431,277.0260464064782,72.46321064375667,0.0
432,277.9537931383006,60.5133282373741,0.0
433,278.2336171474401,60.04621258724222,0.0
434,278.3516366880331,57.32627850692972,2.769999999999982
435,278.431744860898,55.922536198312116,0.0
436,278.5953542606913,73.85326295160613,0.0
437,279.8330160797057,74.92444058761566,0.0
438,280.2467134492734,84.6409089588319,0.0
439,280.2813483917142,71.21360728349312,5.310000000000002
440,280.2782638102603,56.71129252879589,0.0
441,280.29067387665947,52.84721881946336,0.0
442,280.2938661105699,54.868995080760754,0.0
443,280.3644874153049,51.76526013528241,0.0
444,280.56087306042923,59.421963709246725,4.497699999999952
445,280.84207194737417,62.481901384686665,0.0
446,281.1334270883505,65.42013517934174,0.0
447,281.22531963867164,71.20276793788327,0.0
448,281.3287411336074,71.21863351757204,0.0
449,281.3784055684473,67.49052053103026,3.6499999999999773
450,281.4053774632815,52.41728826326271,0.0
451,281.5178365636273,41.597630038659275,0.0
452,281.52102166947714,53.11282702140131,0.0
453,281.5726878738536,46.240464580800705,0.0
454,281.63526722390606,58.96053518185886,5.400099999999952
455,281.688839030512,60.67761295479395,0.0
456,281.73797251277267,63.865742955555426,0.0
457,281.7823936332653,64.16973230601658,0.0
458,281.82298847553,61.280259927088494,0.0
459,282.2891637510453,56.66741620338563,2.6100000000000136
460,283.6086709356975,63.014046738207256,0.0
461,284.53744185620855,91.9102061193128,0.0
462,287.0814194159439,91.70360969081233,0.0
463,287.73863614148917,81.87210181784978,0.0
464,288.208493440388,75.66597788169227,3.0600000000000023
465,288.51814369714066,61.458119890652725,0.0
466,288.56605799615545,47.44516018943184,0.0
467,288.70247465903367,54.383674238444044,0.0
468,289.4976724418024,70.02069205259646,0.0
469,289.7414168128145,82.57994888350166,4.910000000000025
470,289.80479138942457,60.46401364470008,0.0
471,289.829771532375,56.12987021345897,0.0
472,289.83032773979676,56.5321906726779,0.0
473,289.8348674876423,52.26087749765866,0.0
474,289.8396950780919,59.28492733634971,2.829999999999984
475,289.9242663669335,53.75783810020217,0.0
476,289.94448080161663,59.327819354009144,0.0
477,289.96261238538284,54.167649630716454,0.0
478,289.8910594112455,55.12710836061532,0.0
479,289.60583442619946,32.617550092824004,6.989999999999952
480,289.40970669653456,15.525753788912468,0.0
481,289.17980953469544,15.255846060919964,0.0
482,286.33333270744487,0.0,0.0
483,281.2754736772212,0.0,0.0
484,280.31344506412364,0.0,18.5
485,278.95977323407124,22.588733292173885,0.0
486,279.0735038626646,20.737534099531587,0.0
487,279.1844658869764,38.42045249686212,0.0
488,278.9260524484183,38.52051449458551,0.0
489,278.7047074473162,31.52696351894558,6.849999999999966
490,278.36756714385143,31.41487979015342,0.0
491,277.90219658753404,29.572296017955125,0.0
492,276.7395970729398,28.868591996382918,0.0
493,276.66650720626865,21.057087029031393,0.0
494,275.8831639925745,33.1446427692657,15.069999999999993
495,275.0587105208543,28.597682271303555,0.0
496,274.32428055480824,30.568026705940184,0.0
497,274.10369651530556,42.57763058296637,0.0
498,274.09523324583904,45.491398133909854,0.0
499,274.0497329979061,52.00550525793548,15.379999999999995
500,274.0439423170653,44.40542066673058,0.0
501,274.0529396940309,41.25259935886619,0.0
502,274.9832882720103,54.63474159079788,0.0
503,275.4662270424944,64.38234890095731,0.0
504,275.76779921069175,64.29041146431854,9.870000000000005
505,275.5735956416195,58.86797603429388,0.0
506,275.4766607018317,54.333676320655506,0.0
507,275.446888577722,49.54854763197334,0.0
508,275.4326399685086,49.43932764524679,0.0
509,275.41137972111346,44.15204816593036,10.449799999999982
510,270.5451352435598,19.106590343814148,0.0
511,270.4302931984595,39.981698602612,0.0
512,270.3537678277143,43.298705918248814,0.0
513,269.9075891454979,45.91811203088316,0.0
514,268.7129717478067,46.976275181018636,10.379999999999995
515,245.48578994913606,49.67272635976304,0.0
516,246.49069242912898,55.20261740027045,0.0
517,248.8930558360219,58.39686757919332,0.0
518,250.238338021919,62.541848926076305,0.0
519,251.27391466887363,66.99059390764847,7.470000000000027
520,261.20170560038645,74.48077195659472,0.0
521,261.35810554418254,62.72186202072345,0.0
522,261.8872230760415,59.85480195797733,0.0
523,262.72371326508613,69.17760771257115,0.0
524,263.3366913633602,82.46711665142602,9.409999999999968
525,263.89485009295413,82.64006703205033,0.0
526,265.9816822758044,77.4155071727068,0.0
527,267.31622190005027,78.74339433142129,0.0
528,267.56122051190516,75.52816146160716,0.0
529,267.7408379367521,59.27104662859656,5.610000000000014
530,276.0013744054857,74.89985761787776,0.0
531,276.79956730633427,74.76283038204221,0.0
532,277.1992015617736,74.26579614183419,0.0
533,277.3544437631851,73.97684258117047,0.0
534,277.9464889528459,76.63836968889622,3.829999999999984
535,278.01854311574704,81.08591828258135,0.0
536,278.0431812383493,67.436806516921,0.0
537,278.02945061993455,62.46314581920945,0.0
538,277.89838969594604,26.107477779562444,0.0
539,277.4007288426354,16.000470325406454,9.449999999999989
540,277.41482412235376,14.977104696960325,0.0
541,277.4256334412403,50.3975638665316,0.0
542,277.5135353462201,60.17139683509532,0.0
543,277.61364295540056,70.44507153036874,0.0
544,277.6545570289603,60.11599676193286,8.075199999999995
545,280.2207210639326,57.54769785708248,0.0
546,280.3952858475512,86.87196811965276,0.0
547,280.6798437074423,65.53320350693673,0.0
548,280.83098687734275,66.5239670171349,0.0
549,282.8211265021928,67.47448705395459,4.230000000000018
550,288.43202939092146,70.47864398001305,0.0
551,288.93975160885344,73.82420170222619,0.0
552,289.53878800774385,86.21309502070501,0.0
553,289.8849982793898,73.06547368966773,0.0
554,290.5249555396734,68.97899807671396,4.420000000000016
555,290.99808880327816,74.24929131902459,0.0
556,291.4975618750476,82.07770540347146,0.0
557,291.5069237197202,81.4255674898915,0.0
558,291.49640546178915,58.94683160218305,0.0
559,291.69116836087807,49.5680714258242,5.430000000000007
560,291.73159844528857,65.11065913223041,0.0
561,291.45689978080367,47.17362994777175,0.0
562,291.18760150240036,22.34777177812414,0.0
563,290.8314778771365,20.77810934937753,0.0
564,290.6232153738288,32.853082883732014,11.009999999999991
565,288.8812827718334,36.63115559594465,0.0
566,288.29196197750565,21.941331400329005,0.0
567,288.11226281094446,32.1013513029047,0.0
568,288.10348395180125,36.094997355218766,0.0
569,287.9459990918327,43.78566980964312,9.279999999999973
570,287.6447972875104,39.71910715478216,0.0
571,287.6330990775951,37.67899901973239,0.0
572,287.6075054464099,45.61609916091772,0.0
573,287.45245746492014,40.52895731342305,0.0
574,287.28265089182025,34.72636466930048,6.360000000000014
575,282.55219320129555,31.546960902258732,0.0
576,282.5048232191432,26.230160732047437,0.0
577,282.5160334964315,53.509485716636604,0.0
578,282.53263731253395,67.93435123377478,0.0
579,282.7498024526776,77.79168250382644,15.760000000000048
580,283.04808599495016,63.19614376866754,0.0
581,283.60604487757604,63.831504590167995,0.0
582,284.24754143904966,64.76422440551008,0.0
583,284.9872571617156,51.55078320435494,0.0
584,286.30134672002777,53.34199051518958,3.5849999999999795
585,287.41112446564836,51.53241790477724,0.0
586,289.132353144659,77.85121336369086,0.0
587,290.43357538364734,82.09783679703315,0.0
588,292.274063944801,92.47047496859366,0.0
589,292.53208009401266,95.70931478034338,7.129300000000001
590,292.6471430020922,80.93717357155938,0.0
591,292.60683463434435,76.7709019586822,0.0
592,292.5539677499074,57.94622071703002,0.0
593,292.52987811522087,52.21563299963012,0.0
594,292.5525525507788,54.57480184355579,4.234999999999957
595,293.700094364322,74.06517944873522,0.0
596,293.86725668509234,62.0786884873675,0.0
597,294.8107654762353,68.5985994432111,0.0
598,295.84901527765163,63.61895827070666,0.0
599,296.97730902748935,70.32235546477892,5.25
600,297.78618248485924,74.82189502267089,0.0
601,297.9665705580401,84.03182752319039,0.0
602,297.9624788586358,75.78855223715914,0.0
603,297.9662946029478,60.47907184363583,0.0
604,297.95219301627907,62.494382975426646,4.430000000000007
605,297.95135216094474,48.41260809184835,0.0
606,298.03863835718727,50.71161022883712,0.0
607,298.18093929000435,56.56869781859327,0.0
608,298.1979488567382,62.88488075632127,0.0
609,298.2573406083609,58.185923217071256,5.189999999999998
610,298.2862375910391,64.70508906822742,0.0
611,298.315053066927,59.79307490735218,0.0
612,298.3098165903489,54.709161256673276,0.0
613,298.15725324077823,27.309102907236166,0.0
614,297.87781658711174,13.475582291179677,11.110000000000014
615,295.6147904883428,0.0,0.0
616,294.7274553118349,0.0,0.0
617,293.7567225255042,29.92893212132003,0.0
618,293.751652233001,31.332492427434445,0.0
619,293.59263043572616,45.63166615564077,11.899999999999977
620,293.0656062646988,40.24358542235696,0.0
621,293.04529945497427,33.603044141010145,0.0
622,292.4361749006938,44.72564765795907,0.0
623,292.06966282277057,32.19502470672785,0.0
624,292.02462537520023,33.97582584884772,11.759999999999991
625,292.0372527971179,42.42441000659025,0.0
626,292.0163031352328,49.93768170085612,0.0
627,292.02441026287676,48.02016583250043,0.0
628,292.02703126140324,53.15996159540548,0.0
629,291.81029366258923,59.779740719472436,10.45999999999998
630,291.7938675343134,42.98054696528777,0.0
631,291.6574823047633,48.60490116146097,0.0
632,291.5716673814765,42.68949342954665,0.0
633,291.62243207023766,48.128942478693304,0.0
634,291.6406909334072,57.40602913164702,8.989899999999977
635,298.60672235123326,85.36446998447795,0.0
636,299.31104849331837,62.704837761315595,0.0
637,299.7835006504077,62.01931006964075,0.0
638,300.0002785377527,62.13426554625237,0.0
639,299.9889184446791,79.33078354406571,5.21999999999997
640,299.9813442735203,61.57502314485637,0.0
641,299.82562313495123,15.226804785525644,0.0
642,299.71744044900214,9.12437579839738,0.0
643,299.4185367997076,43.347295330718524,0.0
644,298.8563720319214,40.02350181725436,6.149999999999977
645,298.73432160333005,33.71870526787099,0.0
646,297.9056411801801,37.4996237443358,0.0
647,295.71423625220166,25.536591740815183,0.0
648,295.02270397395256,15.981780679134445,0.0
649,295.0035962369329,28.253043986086766,13.634999999999991
650,294.9315765515496,41.85778861000394,0.0
651,294.5826433957669,38.92921264894435,0.0
652,294.4429529692677,31.126940805645447,0.0
653,294.41802317402113,40.898165514676144,0.0
654,294.43060872568657,45.99957568262366,10.25
655,294.44072602316623,54.718560670352964,0.0
656,294.59187391068525,52.47432643367531,0.0
657,295.00241643245,59.162654474748976,0.0
658,295.40217513500534,59.53174463998373,0.0
659,295.4819874464702,60.262278413561184,4.670000000000016
660,295.81059894116026,51.51508767432869,0.0
661,296.43804095261896,54.31928681700287,0.0
662,297.02964661763554,51.719596430320024,0.0
663,297.528885710032,64.54200589479055,0.0
664,298.0067111098062,68.23974065899903,3.704999999999984
665,298.88728337277723,81.6920743015572,0.0
666,299.3409252252623,82.73128574320435,0.0
667,300.08474917663204,80.6975148827531,0.0
668,300.3735848158138,80.20938382072868,0.0
669,301.6849832088942,74.20021302559365,4.4599999999999795
670,302.9059253051477,78.49213418464844,0.0
671,304.04021895554024,82.38419508578622,0.0
672,304.8445633103488,78.90311830261648,0.0
673,305.75182212165964,83.65023197885213,0.0
674,306.5960806601641,84.25830436645958,3.589999999999975
675,306.89617138887184,89.62166350776562,0.0
676,307.30461501149307,82.38656938007742,0.0
677,307.61889237140406,76.11323634749239,0.0
678,308.15736196906937,75.28214122232289,0.0
679,309.130326128664,81.97461445324787,4.569999999999993
680,312.62758853714627,60.42492056731854,0.0
681,312.63214658676884,56.078342509054195,0.0
682,312.64310070568143,56.50268113614528,0.0
683,312.7142037965677,60.60375184077499,0.0
684,312.86959468477943,67.66379529031872,5.860000000000014
685,322.36834940116154,61.876557560071646,0.0
686,322.3777434959355,63.35952117412933,0.0
687,322.4661834004244,57.71449755403103,0.0
688,322.77126502100316,64.08981429215228,0.0
689,322.8611648108031,69.07504335398534,7.099999999999966
690,328.6190348076876,39.29076530178294,0.0
691,328.6015301202423,8.744540941382283,0.0
692,328.584333915768,34.32542809217773,0.0
693,328.57828311365,45.82685561045319,0.0
694,327.8408244499371,50.8221154486543,7.899999999999977
695,327.55847263955707,32.52622028537472,0.0
696,327.5783812781943,41.03582106813476,0.0
697,327.6256709710856,67.12801156095799,0.0
698,327.7000866707946,72.79895132225866,0.0
699,327.7802022769337,59.71175439252428,11.269999999999982
700,333.371597837009,17.009363073306375,0.0
701,328.56675372311196,5.301120520234051,0.0
702,324.1907277846817,0.0,0.0
703,314.32458957943925,0.0,0.0
704,307.61915547364646,0.0,48.02229999999997
705,307.81366225266095,6.454283629734832,0.0
706,306.59799030657024,31.251164007972847,0.0
707,307.0390373983353,24.866575884450356,0.0
708,306.6054082388572,40.47971962933282,0.0
709,305.7034218134601,33.992825865850875,23.609999999999957
710,301.6841317743733,31.61334723247188,0.0
711,301.1241491647119,22.429488260306698,0.0
712,299.3617292550458,34.502229177037904,0.0
713,294.8809452208951,31.0958370172294,0.0
714,294.1101556975525,24.194271833023194,40.839999999999975
715,266.7949321591855,45.450376346202226,0.0
716,266.70807307083925,52.0108125106633,0.0
717,266.4741107513723,55.47103098358538,0.0
718,266.1959951034034,44.17658783584123,0.0
719,265.4613475333331,54.75081407274186,19.42999999999998
720,274.7242857154177,69.61916781921158,0.0
721,274.6820787504251,64.80652450973355,0.0
722,274.87465243848345,59.664254888567896,0.0
723,274.9414532557459,62.67507777668064,0.0
724,275.06282777984234,64.49853778702541,14.771200000000022
725,275.5414464429528,62.37034304514396,0.0
726,275.6260741285915,65.9120032089947,0.0
727,276.90556424355935,60.45532382031943,0.0
728,277.51098461605494,66.22014750657235,0.0
729,277.5795642660717,63.25104144782327,13.360000000000014
730,277.63082370823207,48.62580520587271,0.0
731,278.30401974872007,52.777763387835016,0.0
732,278.45583232637017,55.53656175587139,0.0
733,278.8569169303919,59.93920661440546,0.0
734,279.510432290419,56.81805161129436,13.819999999999993
735,279.8620960248421,69.43503006264018,0.0
736,279.90532181962055,66.83884951730451,0.0
737,280.0241268051081,54.05702445401987,0.0
738,280.14735380923105,43.31326940755024,0.0
739,280.2617184576488,46.58702410938373,21.25
740,281.18271693222687,49.705887689287174,0.0
741,281.44955557561485,58.46393207765213,0.0
742,282.439309989954,54.96970839131977,0.0
743,282.82130031507404,66.65567530114038,0.0
744,282.99164861318604,57.71698199571127,5.920000000000016
745,294.9323740997874,69.16762390264113,0.0
746,296.91002128016254,77.08064092032522,0.0
747,301.4134141054811,86.04553822642639,0.0
748,303.6354008432006,87.66375938203976,0.0
749,309.3952930138654,86.43577449952863,18.214999999999975
750,314.56935756222754,95.17826735315089,0.0
751,316.19265095028754,92.71343117959475,0.0
752,316.6745627485488,83.35045351144333,0.0
753,316.52503020657275,69.42100442828477,0.0
754,316.4714928984934,23.386371294390187,24.810000000000002
755,316.4062613982501,33.51871457096519,0.0
756,316.3555093959735,48.58722419071617,0.0
757,316.33189306640406,56.16693222560846,0.0
758,316.30973951321425,53.733226572614186,0.0
759,315.96141307401643,59.74255227172192,18.899999999999977
760,315.63518102397717,55.99036053375879,0.0
761,315.49960613624944,57.24335154460528,0.0
762,314.746661041437,50.75783797218891,0.0
763,314.47058913609277,34.888876138798466,0.0
764,314.2054380518936,38.29081904084093,15.079999999999984
765,314.0596052870619,57.62192147056377,0.0
766,314.0561088191391,61.19377806377006,0.0
767,314.08923729333844,55.72338702262697,0.0
768,314.10618073496875,59.067731664705846,0.0
769,314.30817011653744,54.889116952798645,7.199999999999989
770,314.376020231416,56.653733610666094,0.0
771,314.9447732086928,54.99083352160815,0.0
772,315.75891945707576,67.1416204070414,0.0
773,316.1679704422874,69.08652365435697,0.0
774,316.5854617896719,73.90839209353383,11.04000000000002
775,317.02878950127246,73.02382037456424,0.0
776,318.0963174811282,74.40395647820688,0.0
777,319.2205581408504,74.23254052320232,0.0
778,319.5132802141647,75.79010686269413,0.0
779,319.54450037500345,59.16374483538139,7.984000000000037
780,319.85187101373293,56.68049173821504,0.0
781,319.87443353597956,59.790878860799815,0.0
782,320.0026016041474,55.6706978626665,0.0
783,320.09535218935946,61.39763099572705,0.0
784,320.325348773594,61.05281799374845,6.990000000000009
785,320.6066909456295,63.077741153134355,0.0
786,320.9635806826518,65.30835261951495,0.0
787,321.4018858850488,69.10323659115352,0.0
788,323.2337681176736,71.86853518942199,0.0
789,325.78540955087215,73.70441989049023,7.149999999999977
790,327.86222520408603,73.6693061787148,0.0
791,328.74920335558807,74.1386939734877,0.0
792,330.37210827055543,68.4135655714829,0.0
793,331.7344636065486,78.84280332666691,0.0
794,332.6712236463104,75.03697548454254,6.269999999999982
795,333.55330413066906,78.82265191303902,0.0
796,334.3725240074365,70.9282515258447,0.0
797,334.587435302085,70.79216851877112,0.0
798,334.8006773027481,69.31977406068347,0.0
799,335.13816464926117,71.98047344028038,4.5
800,335.9648527170917,75.20428959005407,0.0
801,338.07179398100334,87.34604655106652,0.0
802,340.3989781010869,88.79154434340818,0.0
803,342.78144976034827,92.73603388070018,0.0
804,345.26325065501027,100.0,11.269600000000025
805,347.9656352792189,37.574861266548204,0.0
806,347.7374337341876,43.72038454493576,0.0
807,347.25965000678246,44.30975755749334,0.0
808,345.9304669082652,50.99470546726977,0.0
809,344.6989961098106,37.25736256109203,15.089999999999975
810,343.1888753865622,32.60413963286318,0.0
811,343.0208738719224,27.134934491133777,0.0
812,340.5462003312578,29.92662239109417,0.0
813,339.3562761751131,27.497753222627026,0.0
814,339.10845996319733,30.227666319873535,11.399999999999977
815,339.02123143544827,44.586721863174596,0.0
816,338.7822242928252,49.46074623316159,0.0
817,338.7208060552252,50.15570292685391,0.0
818,338.7090641445575,54.10776048585159,0.0
819,338.6412591542368,49.7747106337222,7.550000000000011
820,338.72064933674125,47.9421625286864,0.0
821,338.6517383243321,58.03905477196167,0.0
822,338.9144666863969,51.79155345387085,0.0
823,339.5804112082299,62.53571541186647,0.0
824,340.4863363019646,68.31521313211505,12.970000000000027
825,341.983114764084,74.39243543040271,0.0
826,342.940837682087,80.83165020945867,0.0
827,343.30618344211274,75.15021088146916,0.0
828,343.543033477129,68.35266867320996,0.0
829,343.8963459013278,64.91194353640148,10.889999999999986
830,343.8751967831032,66.15784615206735,0.0
831,343.8470918689423,52.401131612275755,0.0
832,343.832646095267,53.39484732401447,0.0
833,343.8384321370745,54.672153646076794,0.0
834,343.8559899245893,56.1866631898609,8.680000000000007
835,343.05544089681587,61.71965427894761,0.0
836,342.24206383326526,40.2419118800392,0.0
837,338.50262439132945,21.40977010919049,0.0
838,337.2445811077095,9.07086229862685,0.0
839,335.45052937758174,24.58173140628034,20.379999999999995
840,335.06779846557197,20.01749418054422,0.0
841,335.0982146863898,30.34534908250106,0.0
842,335.14587130361065,42.61723801133076,0.0
843,335.40615392596504,69.33136214750633,0.0
844,335.6102851321279,64.20700330918888,24.94999999999999
845,336.85351476401473,63.564764741033336,0.0
846,338.07974311745346,68.12257051235733,0.0
847,343.4792600048465,61.009486981367466,0.0
848,345.2818702194292,62.06125244150982,0.0
849,349.06747077224276,59.98648716762906,13.870000000000005
850,362.415368409523,69.80673804914011,0.0
851,364.14487261194716,69.74269146782245,0.0
852,364.25131936001964,79.29535970966688,0.0
853,364.3699264963471,63.25522334173408,0.0
854,364.42437200004775,66.66632442960054,7.7900000000000205
855,371.51168090531496,80.04693174208234,0.0
856,371.9118057057595,68.20403316491104,0.0
857,372.5145711642905,64.74610086064287,0.0
858,372.81251146678545,64.2946280151055,0.0
859,372.84606568206806,64.6467860443405,7.430000000000007
860,376.37358006112595,33.361755098676795,0.0
861,376.4333124019464,45.826524795643,0.0
862,376.4862588083909,53.3809436070193,0.0
863,376.5721025074181,54.639987721559194,0.0
864,376.7823408979246,62.215673745753264,18.09400000000005
865,377.1077445308018,62.68747606400424,0.0
866,377.44299560778654,63.67898972745024,0.0
867,379.10488257586775,62.29754789760473,0.0
868,380.41151598567774,62.41065474228999,0.0
869,385.492006360701,62.72667734427231,5.399999999999977
870,388.23048609024625,22.24515430405181,0.0
871,388.1833687468868,54.849207520439194,0.0
872,387.81186374741395,45.68679923060677,0.0
873,387.0267716169322,37.90769404139152,0.0
874,386.95584331289604,31.194423504583,19.04000000000002
875,386.86403762672523,43.89096915717227,0.0
876,386.8654662591501,41.575946184229736,0.0
877,386.88783676153986,50.37206037541023,0.0
878,387.19579415627504,53.81802454607009,0.0
879,387.6425695931689,60.13866011399474,14.229999999999961
880,387.9187083069299,60.52476556982407,0.0
881,388.34549597448716,61.35322599394397,0.0
882,389.64222123284407,59.41133639101162,0.0
883,389.8675187436005,71.41892162184897,0.0
884,389.8522015961368,52.84165639199056,10.970000000000027
885,393.5964101105507,91.80268884763058,0.0
886,395.3129598463207,94.60935841499229,0.0
887,398.0511894960136,70.6825455948076,0.0
888,401.7181140981845,78.85949530430993,0.0
889,405.1685863810255,83.80122623620402,8.29000000000002
890,414.1988171315167,64.05928799126934,0.0
891,414.30031425594063,65.17732658565643,0.0
892,414.44077500690923,63.59932743072819,0.0
893,414.6172194520336,60.81060151248714,0.0
894,414.62873974444824,66.21305356095365,4.420000000000016
895,414.7029435795229,56.20224135285605,0.0
896,414.72592539298034,59.91292670923552,0.0
897,414.731685767712,47.787813168475296,0.0
898,415.10480238953363,46.529547704139816,0.0
899,415.5830215206937,58.43636271440622,11.144999999999982
900,415.5961233809096,68.91172997494235,0.0
901,415.5651087414219,49.906122470810324,0.0
902,414.71482068217205,34.0471235819292,0.0
903,414.4675928342922,20.024875755435474,0.0
904,414.4797836606321,38.40322056280385,18.74000000000001
905,414.4916844727281,50.450977708542034,0.0
906,414.45413648907567,48.84620522972903,0.0
907,414.38550682599043,41.79689639897979,0.0
908,414.3984054523156,41.75942529532307,0.0
909,414.41541587586215,49.21570469412588,12.870000000000005
910,414.44880365508794,50.31240850962248,0.0
911,414.51552548118536,57.00477897402145,0.0
912,415.1127107021778,53.23121573427777,0.0
913,415.48993267122273,52.633325096489685,0.0
914,415.6439453952817,52.93617456818417,4.170000000000016
915,418.46088274335546,69.5185077593139,0.0
916,418.71623696636493,74.82945177283045,0.0
917,418.95306918711697,77.7592766417894,0.0
918,419.44608243441945,68.5915055623921,0.0
919,420.00940574313586,75.2439426856516,4.310000000000002
920,420.6385934909226,72.70716497292133,0.0
921,421.0193901945818,78.53345491999933,0.0
922,421.0423918207764,70.71812961031719,0.0
923,421.0901842581782,54.32196494880407,0.0
924,420.24008205701176,16.097431824199077,10.759999999999991
925,420.24670661099447,8.171164915731723,0.0
926,420.26811335328745,44.183409015723456,0.0
927,420.2869060101233,51.521223547839305,0.0
928,420.33817198547865,50.688394299717075,0.0
929,420.43186225581906,57.7838230260199,11.164299999999969
930,420.5335036543755,61.0225221912499,0.0
931,420.68945788972206,63.630137055198034,0.0
932,421.08729444439905,65.35272617922047,0.0
933,421.82266847722,62.722368360636395,0.0
934,426.630221158505,67.27326710738728,8.210000000000036
935,432.157796898367,76.81687009479275,0.0
936,432.4918125235347,77.75653607576629,0.0
937,432.8740476771918,71.95590317518497,0.0
938,432.994651516193,65.94071864723689,0.0
939,432.9815352354074,63.542052128791426,7.0
940,432.3900940848235,37.99999068822469,0.0
941,432.37648316336845,9.178729802920842,0.0
942,432.3860009700185,50.21650184713571,0.0
943,432.4602925030877,54.880599100947094,0.0
944,432.6363263910652,56.148236264434644,18.329999999999984
945,432.81271019544135,62.26484250848288,0.0
946,432.92267569468424,62.98013182437842,0.0
947,433.0040463750554,61.31721311278255,0.0
948,433.2617106502007,61.60619766190795,0.0
949,433.50574428026886,63.189508308240306,5.810000000000002
950,434.137191350425,63.901993782669116,0.0
951,435.04401368349005,52.636653799210364,0.0
952,435.206124075366,61.65535015894454,0.0
953,435.5962035875227,59.14185337174321,0.0
954,435.75718638766074,71.92102113598708,6.839999999999975
955,435.82692747466365,69.30461178700523,0.0
956,436.12859618296005,64.89012340680694,0.0
957,436.6041539135967,65.3968010665029,0.0
958,437.07881588171136,63.70083918852565,0.0
959,438.33088584764477,66.37357067722553,4.6299999999999955
960,440.1246206100948,73.09951279696499,0.0
961,440.26675151951247,75.92589100825683,0.0
962,440.2611467254539,52.052662074958015,0.0
963,440.25283241131746,25.388709624967092,0.0
964,440.28089051721986,27.476398181842754,10.990000000000009
965,440.5995288513225,48.12567184944143,0.0
966,440.94706275684734,62.94486213039106,0.0
967,441.3106187469034,65.3102763217216,0.0
968,441.3561840935983,66.72888977827341,0.0
969,441.6070234172922,57.16533060836502,7.214499999999987
970,441.9732857609014,65.23733647741321,0.0
971,442.59245482633986,67.9241453048794,0.0
972,444.53291551986814,64.65622121966007,0.0
973,446.416505005682,65.49660582307047,0.0
974,447.5781383530812,65.20226552719208,3.340000000000032
975,443.66574423172506,25.94970458513086,0.0
976,441.59262883738324,16.853632076472564,0.0
977,441.2192037393998,13.789442111159815,0.0
978,441.2728810154815,30.04662220799848,0.0
979,441.29593371012083,43.21208980381105,16.029999999999973
980,441.32184331016686,45.78942976538937,0.0
981,440.92578570678626,43.894709733586474,0.0
982,440.3712229798751,32.65995157192536,0.0
983,439.10630536592083,35.86877223457786,0.0
984,438.9589764154438,29.016592510436823,16.810000000000002
985,438.723851653128,40.526290481561965,0.0
986,438.69455581744927,31.772400552151367,0.0
987,438.6486931933625,40.18517580311242,0.0
988,438.64890463275316,45.93129917542346,0.0
989,438.6284504247393,56.1092969233934,15.319999999999993
990,438.4932924506536,54.94298895450623,0.0
991,438.47180003136987,46.7957761408445,0.0
992,438.4517791533005,40.97971029538317,0.0
993,438.8082781547538,43.831567263357556,0.0
994,439.3513262393,76.3851484265578,14.71999999999997
995,440.9717215809465,79.66078198507222,0.0
996,442.90275332847744,83.79303210424018,0.0
997,444.79959241019964,79.21916898409611,0.0
998,446.3797226421987,79.07511857317638,0.0
999,447.66593184704243,87.63113820020655,11.400000000000034
1000,450.4029106485453,59.00784044857352,0.0
1001,452.6958624790763,61.69977026037685,0.0
1002,453.0591261344931,61.004773396300834,0.0
1003,454.4953662121606,76.95799932828405,0.0
1004,455.69994981429585,86.66592863679648,7.170000000000016
1005,456.7783897297565,89.17053956952587,0.0
1006,457.968346925046,89.2882679123029,0.0
1007,459.6108649138037,88.65148105085798,0.0
1008,461.4561636729262,89.7320197232555,0.0
1009,463.53108029804815,90.77214512050573,12.449999999999989
1010,465.03061655436915,90.94984095896211,0.0
1011,465.4752203204552,90.77626502419861,0.0
1012,465.2458080250814,80.74057410930772,0.0
1013,465.1392311749441,63.71821377496471,0.0
1014,465.36235318295104,61.83733793966572,8.189999999999998
1015,465.56310414174334,69.22752079798776,0.0
1016,465.9235264062174,73.00691002456898,0.0
1017,466.00413353552545,73.33946622630974,0.0
1018,466.1150469871234,74.45233803539122,0.0
1019,466.1323767740081,76.21874528697003,4.7099999999999795
1020,462.6772284654942,56.34190840022306,0.0
1021,462.69570219595835,51.803804138426564,0.0
1022,463.4588221546864,47.52186826598349,0.0
1023,463.5578324037303,60.38675258474319,0.0
1024,463.4816134138482,52.60299907942228,14.810000000000002
1025,469.2590163506944,50.80489423503467,0.0
1026,469.29134446012426,41.96568682865831,0.0
1027,469.38582816531857,48.640635561342734,0.0
1028,468.9092227593836,49.047819792934185,0.0
1029,468.55274381931633,29.2662185834038,16.60269999999997
1030,439.48741801230256,34.97381067066874,0.0
1031,439.6403330484618,44.17371336896869,0.0
1032,439.9465799711459,47.40271632387754,0.0
1033,439.9756734250139,55.524736196306556,0.0
1034,440.30786642353917,43.65478536283008,18.310000000000002
1035,440.4764011244098,49.21885232684259,0.0
1036,441.26278307244667,49.6483380148624,0.0
1037,443.14377957056314,56.47617957085629,0.0
1038,443.5277974036438,67.99789613866918,0.0
1039,443.50804416127045,55.32381387505226,18.939999999999998
1040,437.6537360382898,46.22639708329886,0.0
1041,437.4511258198347,43.592921723182585,0.0
1042,437.4612902858121,34.77982156339198,0.0
1043,437.40834408642024,47.208632010595515,0.0
1044,437.3293259775745,48.51883027888853,13.900000000000034
1045,436.5482693275801,45.177168178315156,0.0
1046,435.7598036429927,18.823939741584567,0.0
1047,435.6503583039034,29.134770941222243,0.0
1048,435.56247162139255,45.30759401467886,0.0
1049,434.54886224493765,44.61601970221859,17.18180000000001
1050,433.27246180632665,41.51673446025237,0.0
1051,433.197593809701,41.338068277286936,0.0
1052,433.21555917629775,49.04746487590237,0.0
1053,433.3169464008689,77.05272083632875,0.0
1054,433.66674316392425,78.04627345341055,29.069999999999993
