,MI,KC Upper,KC Lower,weekly_range
0,0.0,0.0,0.0,0.0
1,0.0,0.0,0.0,0.0
2,0.0,0.0,0.0,0.0
3,0.0,0.0,0.0,0.0
4,0.0,0.0,0.0,8.21950000000001
5,23.71742821996674,207.02554692187343,194.22554692187342,0.0
6,23.814163535565914,206.65931578152063,193.17931578152061,0.0
7,24.172643943214123,206.32788346057092,191.28388346057093,0.0
8,24.587343897367223,206.42680798380587,189.7988079838059,0.0
9,24.77576076811431,206.2634193544451,187.91141935444512,9.340000000000003
10,25.6643161115963,200.56573027198993,184.45773027198993,0.0
11,25.800672552241895,200.37352417542266,184.18552417542261,0.0
12,26.03900144469538,199.80019958844088,184.55619958844085,0.0
13,26.252950387506143,199.44970180023265,184.78170180023264,0.0
14,26.514913635480077,199.13333748501628,184.30149748501628,7.480000000000018
15,26.704354681969058,198.92878306890233,183.2809430689023,0.0
16,26.824753163345317,198.54369003130748,182.5598500313075,0.0
17,26.91504060244168,197.784348021645,182.31250802164502,0.0
18,26.925791451875753,197.34693212324103,181.403092123241,0.0
19,26.76719612588523,196.8676540120993,181.35981401209932,7.25
20,23.50205440636603,197.29638607024827,186.4323860702483,0.0
21,23.57761385437358,198.20008185106107,186.7400818510611,0.0
22,23.629509393031647,198.48609986368865,187.70609986368862,0.0
23,23.568606033870623,199.14987257729493,188.31587257729493,0.0
24,23.5401555060685,199.90007241037702,188.83007241037703,8.019999999999982
25,23.458882813488216,200.27162570549152,189.65362570549152,0.0
26,23.393782615764856,200.54962349722362,190.02362349722367,0.0
27,23.33036982740884,200.38680729721702,190.97280729721703,0.0
28,23.329692765949464,200.948852297078,191.14685229707803,0.0
29,23.426980629212522,201.8911656315075,191.48432563150752,5.430000000000007
30,23.37013017689008,202.12207568751552,192.36723568751557,0.0
31,23.28154407329501,201.96054065627658,193.47342065627663,0.0
32,23.211450688186794,202.5932294650233,193.92210946502334,0.0
33,23.1934845898088,203.3707741813155,194.38965418131554,0.0
34,23.112102356044115,203.64222313474687,195.19310313474693,4.179999999999978
35,23.40227859884826,206.45225723228026,199.67025723228028,0.0
36,23.473824131108007,206.80701539897007,199.52101539897006,0.0
37,23.5118691141168,207.2909760829024,199.66497608290237,0.0
38,23.63902679418705,207.6822229466303,199.35222294663032,0.0
39,23.785608911228202,207.87392972142547,199.34392972142544,3.9799999999999898
40,23.832103474109545,210.04347898342598,203.682638983426,0.0
41,23.86233248349392,209.96900633881242,204.1641663388124,0.0
42,23.93505175979741,210.11934042465296,204.454500424653,0.0
43,24.165293035178816,210.49201513705364,204.10717513705364,0.0
44,24.40845988096116,210.72039242563636,203.68839242563638,4.780000000000001
45,24.643338621250333,210.71902409070947,203.8470240907095,0.0
46,24.689061846591283,210.90720927501974,203.43920927501978,0.0
47,24.74169263934803,210.73242223358884,203.19242223358887,0.0
48,24.824315049910556,210.52275869061978,203.01875869061982,0.0
49,24.769123401605757,210.52277961080972,202.81477961080975,4.300000000000011
50,24.725487350623183,210.37260876740103,202.81660876740105,0.0
51,24.662597186925513,210.84026801536353,202.70426801536357,0.0
52,24.597365312312895,210.87033733992678,202.6223373399268,0.0
53,24.545926312606525,210.71561829233255,202.73965829233256,0.0
54,24.57807704464214,210.54241230187282,202.53045230187283,4.159999999999997
55,24.641133460908115,210.71646665729023,202.4085066572902,0.0
56,24.69815557615941,210.51651388201267,202.27655388201268,0.0
57,24.856450140421646,210.56693794138806,201.94297794138805,0.0
58,25.02267485597958,210.49903560892795,201.62707560892795,0.0
59,25.17188433404322,210.43845847870466,201.57849847870466,4.560000000000002
60,25.141891695728674,210.3206504612458,201.53469046124582,0.0
61,25.18951998153588,210.59963535210179,201.62567535210175,0.0
62,25.24577862620801,210.8715641111386,201.95324411113862,0.0
63,25.19754932699059,210.87440415560388,202.50804415560384,0.0
64,25.101760370354015,210.8955271744096,203.1571671744096,5.264999999999986
65,24.84201523775906,211.61684356416555,205.28644356416555,0.0
66,24.659362562678794,211.94521160831016,205.57681160831015,0.0
67,24.478185366192534,211.84085032315795,206.37241032315796,0.0
68,24.33170525154957,211.980039428971,206.79195942897098,0.0
69,24.251290587239982,212.41537292894833,206.47929292894833,3.0900000000000034
70,24.249746767008265,212.53953153559368,206.15945153559366,0.0
71,24.356806916966764,212.4815997810522,205.9774797810522,0.0
72,24.450178376518693,212.3915481861903,205.7914281861903,0.0
73,24.629617161135776,212.57891017708337,205.46283017708336,0.0
74,24.68951537175768,212.44968418268633,205.1176041826863,4.780000000000001
75,24.681990822797264,212.6844798912742,204.71639989127422,0.0
76,24.56858909384207,212.69481892412136,204.65073892412136,0.0
77,24.427096632199813,212.78158183341642,204.44154183341644,0.0
78,24.27096872995712,213.32467134255458,204.3286313425546,0.0
79,24.73732285984395,213.89013275444637,202.67809275444637,8.150000000000006
80,25.141512638156925,213.54840722272175,201.35236722272177,0.0
81,25.47891382483427,213.5214929796235,200.57349297962352,0.0
82,25.674399622819315,213.86535077507207,200.16535077507208,0.0
83,25.841478887236647,214.10484128541466,200.40484128541468,0.0
84,25.96953047527235,214.06628507100055,200.92628507100056,11.840000000000003
85,26.220259051614285,214.42434482398136,203.35254482398136,0.0
86,26.110324314341366,214.48039782811804,204.460597828118,0.0
87,26.031681227764484,214.48035052117234,205.50055052117233,0.0
88,25.968869218177947,214.66916486399623,206.47736486399623,0.0
89,25.956896226642517,214.91565876959248,207.23405876959248,4.0625
90,25.86337723603144,215.36976753438302,207.79616753438302,0.0
91,25.613527034614105,215.54758020954543,208.4939802095454,0.0
92,25.342944654684267,215.7241726302611,209.2905726302611,0.0
93,25.106523355403205,215.96785622854665,209.75405622854666,0.0
94,24.758190719331225,215.94586043925213,210.61206043925213,1.740000000000009
95,24.500075286139644,216.2479594741342,210.9501594741342,0.0
96,24.303934857630857,216.46004907270606,211.33824907270605,0.0
97,24.25366786706765,216.81870156047412,211.47690156047415,0.0
98,24.22331445560813,216.99529190505308,211.8054919050531,0.0
99,24.209830397313315,217.19825935861766,212.12625935861766,1.9199999999999875
100,23.635913618281272,217.47723466969933,212.2792346696993,0.0
101,23.324582632778736,217.85435518039458,212.02435518039454,0.0
102,23.10698058678649,217.96227374018784,212.16227374018783,0.0
103,23.097268642492562,218.3045333892962,212.08053338929616,0.0
104,23.016512062211383,218.70524450544383,212.24124450544383,3.9799999999999898
105,22.96873304444372,218.85064979883913,212.58664979883912,0.0
106,22.951191492225696,218.99887363472257,212.91487363472257,0.0
107,22.88378268904327,219.06297900720244,213.16945900720242,0.0
108,22.813797348465524,219.2971486316063,213.4236286316063,0.0
109,22.70002290015437,219.35434971868082,213.75682971868085,1.710000000000008
110,22.619284609544867,219.564722131315,214.02920213131497,0.0
111,22.58123275677911,219.42948764464842,214.38596764464842,0.0
112,22.68343924850795,219.6487040617689,214.44718406176895,0.0
113,22.771686738683567,219.45709034424675,214.99157034424678,0.0
114,22.835080223971413,219.45629697985476,215.24677697985476,2.4799999999999898
115,22.943628797140953,219.6046267926521,215.31910679265215,0.0
116,23.073640263201934,219.77044900442937,215.43292900442938,0.0
117,23.296385736948537,219.8761948137978,215.38019481379783,0.0
118,23.445431749340443,219.81122387917796,215.45122387917795,0.0
119,23.840287232227933,220.20777398564763,214.98777398564766,3.3499999999999943
120,24.152793535739825,220.33746217801706,214.9994621780171,0.0
121,24.363524947456696,220.38913244697724,215.00713244697724,0.0
122,24.478923700019728,220.36554840425816,214.98154840425815,0.0
123,24.613817664017045,220.5386390322646,214.7506390322646,0.0
124,24.683804571873317,220.67476864857935,214.75076864857937,2.8400000000000034
125,26.570199834629683,221.26098453600233,210.68498453600236,0.0
126,26.725769549151117,221.0078431512177,210.45184315121773,0.0
127,26.95097644617622,221.35442951778128,210.1224295177813,0.0
128,26.959786726785087,221.66172194484574,210.08972194484573,0.0
129,26.952354164279054,220.8806055691595,210.8926055691595,4.5
130,26.905514357335168,220.21978599096994,211.23978599096992,0.0
131,26.915765961829226,219.83656827752893,211.5925682775289,0.0
132,27.00985142420878,219.9067046321302,211.69870463213016,0.0
133,27.08662319427445,219.76978038136306,211.62178038136304,0.0
134,27.14264235531703,219.77332510699043,211.7333251069904,3.5
135,26.845638107420434,219.6578655729931,211.85386557299307,0.0
136,26.674316311912747,219.74940218502647,211.55740218502646,0.0
137,26.467323841603772,219.51517340549893,211.78717340549892,0.0
138,26.280941028406684,219.44644260498134,211.88044260498137,0.0
139,26.138268695379065,219.54906711876583,211.65906711876585,2.3100000000000023
140,25.96328502981441,219.53801310747644,211.77601310747644,0.0
141,25.995540786902612,219.62991662097167,211.25991662097167,0.0
142,26.026011685332435,219.30468646653813,211.25468646653812,0.0
143,26.171249349243276,219.02252585061188,211.10452585061188,0.0
144,25.95572522585118,218.68542815050293,211.07142815050295,5.489999999999981
145,25.458490115569823,218.43948261230082,210.84148261230087,0.0
146,24.996754265005887,218.30086522063328,210.8028652206333,0.0
147,24.606914285155934,218.19297329485343,210.85897329485343,0.0
148,24.247132304346277,218.15445202866562,210.77445202866562,0.0
149,24.055434389100952,217.95031374021363,210.8863137402136,2.469999999999999
150,23.86480939646706,217.9312362411524,210.9952362411524,0.0
151,23.74646589299767,217.38730898008646,211.48330898008646,0.0
152,23.623449442981904,217.35708907721295,211.38108907721295,0.0
153,23.652358580762503,217.05089011746566,211.45889011746567,0.0
154,23.844206958080086,216.99556724911915,211.18756724911916,3.609999999999985
155,23.96214810095468,216.77075132061822,211.11875132061823,0.0
156,24.230834731303876,216.78325119482201,210.54725119482202,0.0
157,24.409258590476878,216.5754177476682,210.00741774766823,0.0
158,24.451629812798547,216.217758914528,209.505758914528,0.0
159,24.47459622588806,215.8451152083574,209.0571152083574,4.810000000000002
160,24.587448614115786,216.571675664708,208.463675664708,0.0
161,24.6960731362127,217.00132560141006,208.33732560141007,0.0
162,25.11478285719734,218.01443744891105,208.04243744891107,0.0
163,25.511484077626328,218.69506245379185,208.10306245379186,0.0
164,25.677291761860058,218.8587707915366,208.51477079153662,7.009999999999991
165,25.839652846779465,219.27926881139956,208.64726881139956,0.0
166,25.75599753932991,219.35038606746923,209.39838606746923,0.0
167,25.63118789194175,219.48130168010033,209.93330168010033,0.0
168,25.413659171666623,219.7711777105771,210.45917771057708,0.0
169,25.193748934460864,219.9875417381484,210.88754173814837,3.5500000000000114
170,24.330288021580202,224.2420437337021,218.0572037337021,0.0
171,24.264434913156748,225.03560337811422,218.52276337811423,0.0
172,24.313935552536005,225.697157342105,218.64231734210497,0.0
173,24.132360172949188,226.20908711904897,219.01424711904897,0.0
174,23.919797902648973,226.67035691723555,219.01551691723557,3.670000000000016
175,24.94381207229601,227.97096231808248,222.14948231808248,0.0
176,24.995570172190842,228.2902744782652,222.09679447826517,0.0
177,25.09256220408361,228.56984262319241,222.18036262319242,0.0
178,25.235840275801152,228.64483284955514,222.32535284955514,0.0
179,25.00693755552735,228.75787162578808,222.5103916257881,2.494999999999976
180,24.4351076948491,229.90040297720734,224.0344029772073,0.0
181,24.61417653285998,229.95998364604478,224.08198364604473,0.0
182,24.889503142245943,230.16703282261193,223.98903282261193,0.0
183,25.148423925176427,230.17093445855366,224.11693445855363,0.0
184,25.150672208454324,230.45608355773908,224.25008355773906,3.230000000000018
185,25.11321351082253,230.45926607604963,224.5472660760496,0.0
186,24.934685312916397,230.39721787833062,224.8829778783306,0.0
187,24.71599230716141,230.37158950896585,225.21334950896582,0.0
188,24.62497938246109,230.84097336525483,225.27873336525485,0.0
189,24.585715722609393,231.23755875904007,225.53931875904007,3.460000000000008
190,24.784725860285718,235.72684765641455,230.39956765641452,0.0
191,24.700699786448695,235.95830407008933,230.81702407008933,0.0
192,24.683078949214945,237.02709796817612,230.9658179681761,0.0
193,24.720753176119672,237.39810197120696,231.40882197120695,0.0
194,24.77506364335386,237.69562940252058,231.8763494025206,4.305000000000007
195,24.854206071527095,238.02410660228054,232.10482660228053,0.0
196,24.810672081287134,238.0904431163491,232.40716311634907,0.0
197,24.784904531301628,238.32131901003012,232.4260390100301,0.0
198,24.760056203294855,238.49487339002727,232.53559339002723,0.0
199,24.77323680707606,238.71135401954848,232.73335401954847,2.3799999999999955
200,24.72730665592424,238.84217744625818,233.00017744625814,0.0
201,24.73983814735379,239.04039864185265,232.98839864185263,0.0
202,24.91802630258981,239.05797972358096,233.52997972358094,0.0
203,25.038397135662617,239.172172130859,233.83217213085896,0.0
204,25.049939040141027,239.33644145172957,233.7684414517296,3.25
205,26.255784736589113,239.5025103740657,231.6325103740657,0.0
206,26.244240193381724,238.89317605272612,232.2251760527261,0.0
207,26.25200928898344,239.07696880960935,231.89296880960939,0.0
208,26.232307398596063,239.047686065837,231.91368606583706,0.0
209,26.233764549702556,238.8769540595668,232.0309540595668,3.4799999999999898
210,26.25676445491621,238.71295654061436,231.28207654061436,0.0
211,26.29795094058839,239.10228829865108,231.5694082986511,0.0
212,25.93412882237395,239.23011227020814,232.02523227020814,0.0
213,25.615523412336156,239.4491911016169,232.37231110161687,0.0
214,25.314025356215957,239.4597862347962,232.77490623479625,4.967199999999991
215,24.99394207834171,239.50984849814895,233.21296849814897,0.0
216,24.618065663925545,239.57723816499188,233.6043581649919,0.0
217,24.24505337971542,239.6386621492784,233.90278214927838,0.0
218,24.030355944995975,239.57561718268047,234.34473718268046,0.0
219,23.8951550055682,239.8025526890918,234.63967268909184,2.0200000000000102
220,23.818378271024578,239.61538767108308,235.29138767108307,0.0
221,23.710560492294004,239.67858884526566,235.60658884526566,0.0
222,23.63393179034307,239.79872324095464,235.91072324095467,0.0
223,23.504227700796704,240.09798769419706,235.9019876941971,0.0
224,23.369662277435776,240.14278219951166,236.04386219951164,2.0600000000000023
225,23.292768237633084,240.42694199003435,236.18002199003436,0.0
226,23.2478981143467,240.66813418145964,236.27721418145964,0.0
227,23.45457304060294,241.04599854513015,235.39407854513013,0.0
228,23.775181620788054,241.14339963607014,235.02047963607012,0.0
229,24.009108478777353,241.4191196707301,234.7881996707301,5.239999999999981
230,24.102365021519873,241.68400922589868,234.79308922589868,0.0
231,24.113401255987014,241.77252834724172,235.04960834724167,0.0
232,24.043420347461126,241.99795040940916,235.24303040940913,0.0
233,23.933742204158992,242.24295132279877,235.59603132279875,0.0
234,23.800254907729542,242.44725405396076,235.92325405396076,3.2600000000000193
235,23.609131776987834,242.79860815189392,238.61060815189393,0.0
236,23.670008376553184,242.9312168993326,238.9552168993326,0.0
237,23.802166480794575,243.2619581470152,239.1419581470152,0.0
238,23.932826090949856,243.5794859425376,239.31548594253758,0.0
239,24.322589392427883,244.08439204324827,239.18439204324824,3.0600000000000023
240,24.591733273176757,244.36673565817702,239.230735658177,0.0
241,24.81446098317697,244.75276083358875,239.36876083358874,0.0
242,25.019526042983955,245.02830742086599,239.508307420866,0.0
243,25.258205800065753,245.15932576173586,239.66332576173588,0.0
244,25.366458037800165,245.35436426061818,239.51184426061815,3.2363
245,25.48839180268961,245.8764495691307,239.41392956913072,0.0
246,25.584997252754018,246.07119341968965,239.28867341968967,0.0
247,25.643141514438934,246.1149140463859,239.29639404638587,0.0
248,25.378864573165902,246.07370889911107,239.36318889911104,0.0
249,25.037293119948895,245.70890424205285,239.80638424205287,2.319999999999993
250,24.768567592847088,245.8186047904288,239.79808479042876,0.0
251,24.753348173454345,245.84181004848315,239.49329004848315,0.0
252,24.841420153798804,246.08113861529426,239.41061861529425,0.0
253,25.23776529268467,246.32519779479003,238.90067779479006,0.0
254,25.478063063162427,246.0925151476672,238.97851514766722,4.424999999999983
255,26.06451460183741,246.1250584455731,238.52305844557313,0.0
256,26.140508884685453,246.18529097456616,238.43729097456617,0.0
257,26.1635447958333,246.3350727865122,238.6110727865122,0.0
258,26.103430450145588,246.201494425892,239.115494425892,0.0
259,26.07718286117438,246.05682829009277,239.81282829009274,5.1200000000000045
260,25.688845658922652,246.14798750056013,240.21598750056012,0.0
261,25.41867289759974,246.27798869098297,240.55798869098294,0.0
262,25.223356621958057,246.62418024422266,240.89218024422263,0.0
263,25.006161267586023,246.64644879239188,241.5064487923919,0.0
264,24.75764075192098,246.75145366930695,241.93545366930692,2.75
265,24.534357611385385,246.91931522461104,242.23931522461103,0.0
266,24.31624746604248,247.04585663179097,242.65385663179097,0.0
267,24.10652654461209,247.0215845716204,243.16958457162042,0.0
268,24.177349165202976,247.52800508860892,243.06400508860892,0.0
269,24.252609383762614,247.56371888969377,243.33571888969377,2.319999999999993
270,24.31325889977017,247.76345994781818,243.3874599478182,0.0
271,24.29928690579169,247.87640661945454,243.60680661945457,0.0
272,24.212611156183407,248.0161583699827,243.7905583699827,0.0
273,24.077344827116093,248.0867909061748,243.92119090617481,0.0
274,23.68097071973667,248.20269653415815,244.07309653415817,1.4199999999999875
275,23.37990205888346,248.3276587690002,244.2780587690002,0.0
276,23.394444074639637,248.6388150767145,244.1492150767145,0.0
277,23.45935591763155,248.83833745036077,244.11273745036078,0.0
278,23.72059502396165,248.82571483604073,243.60811483604073,0.0
279,23.85066755339676,248.62200866117968,243.4124086611797,5.210000000000008
280,23.99203357414225,249.01579831249592,243.1181983124959,0.0
281,24.016402726991096,249.06918894940108,243.14918894940106,0.0
282,24.086679799389003,249.12631381136288,243.2503138113629,0.0
283,24.491674200427358,249.44123630551883,242.34523630551882,0.0
284,24.797176678807077,249.36987094308847,241.81027094308848,5.3700000000000045
285,25.084266354171927,249.28767371041337,241.38007371041337,0.0
286,25.373847336542774,249.42578097608828,241.2621809760883,0.0
287,25.540190872063945,249.35711612122273,241.18151612122276,0.0
288,25.684939374297166,248.81127649063012,241.4836764906301,0.0
289,25.81904873566533,248.8693263486653,241.31372634866534,3.789999999999992
290,25.93655891037559,248.507657172602,241.576057172602,0.0
291,26.17007365549643,248.7653850609256,241.28178506092564,0.0
292,26.413593542353393,248.97532934083745,241.25972934083745,0.0
293,26.400033994342117,248.78327892742436,241.90367892742438,0.0
294,26.320568779164557,248.7912428390983,242.37124283909827,5.400000000000006
295,24.794814399473605,250.2802811715148,245.0082811715148,0.0
296,24.45145713502608,250.01777820279912,245.7137782027991,0.0
297,24.30711953610935,250.23675170729442,245.9127517072944,0.0
298,24.186495044525735,250.36301344945684,246.03701344945682,0.0
299,23.760999574131578,250.4411074066514,246.19510740665143,1.2700000000000102
300,23.503874971726045,250.25002289173221,246.50274289173223,0.0
301,23.335336164008712,250.32003404490058,246.56675404490056,0.0
302,23.27126982391197,250.67304413586245,246.51976413586246,0.0
303,23.266864187801943,250.8580532657803,246.66877326578032,0.0
304,23.303990760883316,251.02696628808692,246.96968628808693,3.2399999999999807
305,23.36248822830195,251.37531616541202,247.254036165412,0.0
306,23.387128972224577,251.7509660544204,247.5536860544204,0.0
307,23.30473205196467,252.00703023971366,247.96575023971369,0.0
308,23.30938637158987,252.5811359311695,248.2818559311695,0.0
309,23.26704044153552,253.0043915567724,248.6087915567724,3.4081999999999937
310,23.338328119155047,253.21912378946072,248.99280378946074,0.0
311,23.28362227257879,253.59479390475013,249.28647390475015,0.0
312,23.24963881355762,253.75168591382152,249.81136591382153,0.0
313,23.248025967163105,254.00092154107662,250.10660154107663,0.0
314,23.264369285128446,254.16475377525978,250.49443377525978,1.6200000000000045
315,23.249427600502294,254.36669722523507,250.85637722523504,0.0
316,23.25810083812501,254.61493177521265,251.15261177521262,0.0
317,23.272902741551643,254.80504874900188,251.50272874900188,0.0
318,23.479916031372806,255.04810696338268,251.76178696338263,0.0
319,23.782518302214683,255.50392915734622,252.01168915734618,2.789999999999992
320,24.1353719073489,255.81594733283706,252.14770733283703,0.0
321,24.42463340326353,255.98548758685254,252.46924758685256,0.0
322,24.80206968523987,256.458690673819,252.19845067381897,0.0
323,25.051699723849136,256.64468394297904,252.25844394297906,0.0
324,25.45353405027325,257.28301118650484,252.24077118650487,3.8899999999999864
325,25.634013821623892,257.5943548830282,252.30811488302822,0.0
326,25.690199976904886,257.83376108464455,252.48752108464458,0.0
327,25.647110963253898,258.23160479086886,252.5333647908689,0.0
328,25.699358397828675,258.4578443345956,252.72760433459567,0.0
329,25.701793481747682,258.6968458265389,253.03284582653893,2.3100000000000023
330,25.643373382181643,258.8391462240114,253.45914622401145,0.0
331,25.66931992834722,259.1872275360103,253.5912275360103,0.0
332,25.688744458879533,259.148348723057,254.14834872305698,0.0
333,25.73274466743828,259.6412678922897,253.94526789228968,0.0
334,25.746474952812946,259.4952861882622,254.33824618826216,2.990000000000009
335,25.76047474380994,259.6338798846181,254.46883988461812,0.0
336,25.77217043694945,259.9225122765593,254.30947227655926,0.0
337,25.872865091647352,260.0061320597441,254.0970920597441,0.0
338,26.024587401632466,260.3635023397685,254.03846233976844,0.0
339,26.124099236341777,260.35626592645724,254.17122592645717,3.410000000000025
340,26.35104633071945,266.467446614425,257.779766614425,0.0
341,26.25331584472854,266.5789126511464,258.5552326511464,0.0
342,26.104196762431442,266.8732866843706,259.05760668437057,0.0
343,26.023685890742858,266.7859108096687,259.6582308096686,0.0
344,25.869206170867134,266.51904692303356,260.5513669230336,2.170000000000016
345,24.99931164526279,270.847545869682,265.57954586968197,0.0
346,24.535520565286475,271.5690653106646,266.0630653106646,0.0
347,24.16460534568561,272.27320194774416,266.36920194774416,0.0
348,23.928388820371158,273.1767065241495,266.76070652414944,0.0
349,23.92883244424427,274.2195925694686,267.23235256946856,5.189999999999998
350,26.165773683132247,283.0182405817649,273.576840581765,0.0
351,26.39592377681344,283.26919862159684,273.9853986215969,0.0
352,26.662899387391022,283.4888844671591,274.38908446715914,0.0
353,26.953410412124427,283.9404097560011,274.44060975600115,0.0
354,27.397468211037847,284.56417073162004,273.10437073162007,11.019999999999982
355,28.344037268356388,285.13671637622764,269.69291637622763,0.0
356,29.145108036937877,286.29768624515833,266.95388624515834,0.0
357,29.621778767629053,285.8287542218099,265.7169542218099,0.0
358,30.05564648037726,285.8438633435423,262.2460633435423,0.0
359,30.433546360252723,286.12140492987163,259.5790049298716,22.930000000000035
360,28.804463291499587,280.50596978269937,264.0881697826993,0.0
361,28.557034212156296,280.5191059938708,264.48130599387076,0.0
362,28.452970032322554,280.75613399445456,264.08233399445453,0.0
363,28.38485821057519,280.6006831378398,263.3388831378398,0.0
364,28.34998115453955,280.4514656961408,262.93766569614075,14.100000000000023
365,28.284455840774736,280.89774991555595,262.58574991555594,0.0
366,28.158600864000906,280.814154685503,262.886154685503,0.0
367,27.90008218141349,280.54271138212175,263.3347113821218,0.0
368,27.593568510515233,280.43054839334826,263.85854839334826,0.0
369,27.345788766185738,281.16306759398174,264.40706759398176,11.259999999999991
370,26.912045183008978,281.41523163265015,265.24727163265015,0.0
371,26.09642005952881,281.7019695723978,265.6060095723978,0.0
372,25.25661981941533,281.54873247026467,266.0727724702647,0.0
373,24.648739920634235,280.66399413976325,267.18403413976324,0.0
374,23.94607165811788,279.9602785074048,267.9403185074048,6.270000000000039
375,24.63504535753655,278.53681442650463,255.38253442650466,0.0
376,24.939132401049974,277.68618162398036,255.05418162398038,0.0
377,25.23433192540777,278.6715452788394,253.5335452788394,0.0
378,25.331063268641167,278.62749334752135,253.48949334752135,0.0
379,25.366430112753473,278.1378273144241,252.77182731442412,11.969999999999999
380,24.722134231404297,272.6012717035769,260.30527170357686,0.0
381,24.80019889087237,272.6017239222839,259.6432439222839,0.0
382,24.938795722150424,272.57034450111405,259.199864501114,0.0
383,25.02261067582413,272.68585073910316,259.1652907391031,0.0
384,24.896849359235684,272.4082725734743,259.5637125734743,7.126199999999983
385,24.65004609517314,272.349701852191,259.341141852191,0.0
386,24.377760902558652,272.1572807234109,259.36872072341095,0.0
387,24.031945022502214,272.21118541641937,258.8266254164194,0.0
388,23.871720623191997,272.2630991862842,258.22253918628417,0.0
389,23.843960297995483,272.77495640663807,257.85871640663805,8.839999999999975
390,23.625328740803752,272.8196386536249,258.1193986536249,0.0
391,23.44024611497513,272.05353973423206,259.1617797342321,0.0
392,23.20666741360404,272.35723880716233,259.59947880716237,0.0
393,23.087663978127658,272.7875932064802,260.31991320648024,0.0
394,22.863496507253664,273.33323575824403,260.973555758244,8.0
395,22.651579582269516,273.54015044793505,261.87647044793505,0.0
396,22.49952047072914,273.85516850051266,262.2074885005126,0.0
397,22.420322440147924,274.00399435760664,262.8603143576066,0.0
398,22.434008344616373,273.9027415616441,263.6430615616441,0.0
399,22.39007989587575,273.2384347462494,264.79443474624946,4.050000000000011
400,22.46569149511501,273.78306000851137,265.0790600085114,0.0
401,22.58152044542948,274.05281619817697,265.41481619817694,0.0
402,22.78229380689597,274.2891670364458,265.86916703644584,0.0
403,23.009296324263836,274.4862939853558,266.19029398535577,0.0
404,23.10111543156444,274.60083741532196,266.4208374153219,3.4700000000000273
405,23.250690876130612,276.54942152048676,266.0134215204867,0.0
406,23.15822857136543,276.6530956613927,266.6370956613927,0.0
407,23.13809753320474,277.2851817888791,267.1011817888791,0.0
408,23.131851992161653,277.6862120947001,267.6862120947001,0.0
409,23.038088382723675,278.0123823713954,268.40838237139536,4.099999999999966
410,22.785962993297616,278.5018697645958,268.93786976459586,0.0
411,22.62148574454161,278.34712026320574,270.0831202632057,0.0
412,22.55303357093014,278.2284421429004,270.92844214290045,0.0
413,22.48406690225902,278.4128286054813,271.5348286054814,0.0
414,22.530840847743296,278.6941782621022,271.6641782621022,4.1299999999999955
415,22.64739075738917,278.94468509428293,271.6766850942829,0.0
416,22.844459276004397,279.2987150853036,271.3587150853036,0.0
417,22.997408595045222,279.1177898390842,271.6617898390842,0.0
418,23.22407481790985,279.0802860448857,271.4802860448857,0.0
419,23.37029164599821,279.01983023108704,271.43783023108705,3.1900000000000546
420,23.810009314908772,279.509084494793,270.143084494793,0.0
421,24.073626395268242,279.3278383524318,269.70983835243175,0.0
422,24.48069396031018,279.4365680331526,268.61656803315253,0.0
423,24.811646679355825,279.5298472680904,267.92584726809037,0.0
424,25.02615762457245,279.1747189568437,267.8147189568437,5.375
425,25.38196648749235,280.048825653509,267.476825653509,0.0
426,25.37851266545595,279.63208035317484,268.87208035317485,0.0
427,25.377241895201557,280.00245365287253,268.9984536528725,0.0
428,25.31399810170309,280.0432199716466,269.88521997164656,0.0
429,25.20801323026271,280.0857704505373,270.72377045053736,3.430000000000007
430,25.07809622394687,280.09915421715283,271.45995421715287,0.0
431,25.1035324492695,280.4858633393288,271.9666633393288,0.0
432,25.1152778396049,280.6582192117737,272.71501921177367,0.0
433,25.081996445652905,280.8377792868428,273.1665792868428,0.0
434,25.02834397812035,280.663809830953,273.850609830953,2.769999999999982
435,24.91411185098459,280.7100755613384,274.3648755613384,0.0
436,24.856527986025,281.34793503168714,274.50273503168717,0.0
437,24.903923752329806,282.06942693343126,274.9402269334312,0.0
438,24.92514420378683,282.2199196064378,275.71071960643775,0.0
439,25.039598874233473,282.88769869153896,275.51049869153894,5.310000000000002
440,25.197579846576637,283.2326131018686,275.3086131018685,0.0
441,25.035639684188595,283.34274518740494,275.5907451874049,0.0
442,24.95153273611939,283.65113612193784,275.54773612193776,0.0
443,24.80769420191186,284.2809041103247,275.44950411032465,0.0
444,24.586949369464794,284.7061389569604,275.73565895696044,4.497699999999952
445,24.414373757542766,285.2107057229642,276.0728257229642,0.0
446,24.174156224639233,285.4830137493486,276.74113374934853,0.0
447,23.92563104238175,285.4731019636963,277.57922196369634,0.0
448,23.704411047420788,285.8176103481062,277.9097303481062,0.0
449,23.508302538417148,285.7950703149532,278.17919031495325,3.6499999999999773
450,23.507244332400536,285.8178198087671,278.1779398087672,0.0
451,23.644152119566655,286.00897411269415,278.3490941126941,0.0
452,23.852062050652016,286.31927086386617,277.96279086386613,0.0
453,24.014974223024716,286.47002982921225,278.1775498292122,0.0
454,24.22980478803714,286.9031012740491,278.26566127404914,5.400099999999952
455,24.385942685303945,287.0212697241397,278.73522972413963,0.0
456,24.437686615863193,287.40496022660255,279.01092022660254,0.0
457,24.491991969723106,287.7300611574023,279.2500211574023,0.0
458,24.564930906007405,288.0401048566973,279.3780648566973,0.0
459,24.65520496367858,288.2360967751071,279.90605677510706,2.6100000000000136
460,24.71227878395877,288.7798037489064,280.44976374890643,0.0
461,24.66915477551313,289.06456243948674,281.1755224394867,0.0
462,24.539941892824107,289.2931926833451,282.15831268334506,0.0
463,24.54085733268551,289.4468352849313,282.8759552849313,0.0
464,24.3848445366295,289.7079204958902,283.40508049589016,3.0600000000000023
465,24.740496229356623,292.04903246921293,284.5876724692129,0.0
466,24.785140324808246,292.41785604357364,284.7124960435736,0.0
467,24.702374313229686,292.45969642037613,285.1763364203761,0.0
468,24.697003457503563,292.9592186660546,285.5838586660546,0.0
469,24.67910440671718,293.174119745478,285.88675974547795,4.910000000000025
470,24.582033956117808,293.351982626861,285.99262262686096,0.0
471,24.55227987678404,293.1729604719218,286.37692047192184,0.0
472,24.67027322236698,293.4349661412626,286.1349261412626,0.0
473,24.815984838928447,293.5434817468567,286.19880174685665,0.0
474,24.899606427078798,293.63632539001316,286.2676453900131,2.829999999999984
475,25.020559609801833,293.87766011477373,286.3649801147738,0.0
476,25.09908102437161,293.80967724670006,286.7069972467001,0.0
477,25.233968718069093,294.1538832232048,286.64120322320485,0.0
478,25.466352220034327,294.33068863051864,286.28200863051865,0.0
479,25.782596118452084,294.54989352285025,285.58921352285023,6.989999999999952
480,26.04181636050715,294.5556503301978,285.15497033019784,0.0
481,26.208558975270176,294.50647125113136,284.7364712511314,0.0
482,26.73595564311289,294.7662358938808,282.32023589388075,0.0
483,27.262534327689714,294.5088800944635,279.45888009446355,0.0
484,27.606753231599114,294.1760343711813,277.6900343711813,18.5
485,27.832047788710184,293.1836501453545,276.4856501453545,0.0
486,27.935700956460455,293.8023025124636,275.0223025124636,0.0
487,28.006636622743137,293.76494036841945,274.3049403684195,0.0
488,28.166247666375355,293.3218031904747,273.2938031904748,0.0
489,28.304763652315785,292.60563145804855,272.6656314580486,6.849999999999966
490,28.336651139910693,291.9253808429963,271.89338084299635,0.0
491,28.410267778684513,291.9969636198538,270.2409636198538,0.0
492,28.714947307752745,290.4003004179629,268.828300417963,0.0
493,28.843364045944565,289.08227180672833,268.3302718067284,0.0
494,29.079045657780508,288.56634115846845,266.29834115846853,15.069999999999993
495,29.437251259323208,288.8057372386143,263.4737372386143,0.0
496,29.697704175184292,287.72461940636526,262.96061940636537,0.0
497,29.67615475585432,287.649798510521,262.13779851052107,0.0
498,29.583370594868764,287.0920081761857,262.4320081761857,0.0
499,29.55944225482661,287.1804835879775,261.7964835879775,15.379999999999995
500,29.433152747065083,287.0178661034082,261.7498661034082,0.0
501,29.29149943409752,286.2179740935598,262.6899740935598,0.0
502,29.13966018959037,286.22635751322076,263.9303575132207,0.0
503,28.764148432070296,285.8447044167235,265.3447044167235,0.0
504,28.27284913262243,285.1729230437022,266.4289230437022,9.870000000000005
505,27.935865667306032,283.9392160871592,267.04721608715914,0.0
506,27.706862333811536,283.4272431264774,266.90524312647733,0.0
507,27.184527728024012,283.0942675906224,266.2922675906224,0.0
508,26.643402422800147,283.57086877246786,265.4969487724678,0.0
509,26.21870850473745,283.0743060322328,265.8403860322328,10.449799999999982
510,24.35533237449158,281.8841784247641,259.2705384247641,0.0
511,24.54278568409269,281.4481442890723,258.47850428907225,0.0
512,24.702983321495456,281.4452562615416,257.6236162615416,0.0
513,24.85738717805128,280.47208328425194,257.8035632842519,0.0
514,24.968796437773985,280.12657630479936,256.4980563047994,10.379999999999995
515,26.76941226918274,267.6034215577622,239.3452215577622,0.0
516,26.67151450700294,266.6332956951182,240.9430956951182,0.0
517,26.55828498509186,266.2624627717736,242.11046277177354,0.0
518,26.460140685897905,264.95746631731896,244.30946631731894,0.0
519,26.06915585541919,263.90138190614573,246.1934619061457,7.470000000000027
520,23.243495905793004,267.07517691905576,253.3725369190558,0.0
521,22.938566214164467,267.27861911724096,253.77597911724095,0.0
522,22.673961962189814,268.31230491559893,254.08566491559895,0.0
523,22.483161039632556,269.4605101617324,254.60051016173236,0.0
524,22.14406481302155,269.83722347966255,255.7532234796626,9.409999999999968
525,21.83859367714522,270.4400593387423,256.8960593387423,0.0
526,21.603510788554953,270.57033940171914,258.5623394017192,0.0
527,21.45778453687597,270.80678326822215,259.88278326822217,0.0
528,21.42097338265833,271.72947057601044,259.87347057601056,0.0
529,21.43816490963906,272.0940924259142,260.3980924259143,5.610000000000014
530,22.30661356713972,277.66903842750355,268.48419842750354,0.0
531,22.344707587655442,278.2516461963128,269.09080619631277,0.0
532,22.3725738337426,278.4201960823782,269.9753560823782,0.0
533,22.305899102199223,278.7070745507231,270.5422345507231,0.0
534,22.343887494365653,279.145012212559,271.208172212559,3.829999999999984
535,22.646017318120016,279.9472415256487,271.21040152564865,0.0
536,22.85867621410928,280.1229728089202,271.69013280892017,0.0
537,23.074717495813694,280.36253920807064,271.7216992080706,0.0
538,23.231008146908565,280.5032421406353,271.3844021406353,0.0
539,23.341836111869426,280.4885057462891,271.11650574628914,9.449999999999989
540,23.560084048470937,281.137695675214,270.969695675214,0.0
541,23.654770498794115,281.510962753765,271.250962753765,0.0
542,23.85227809792071,282.3242920153112,271.38221201531115,0.0
543,23.993117530769112,282.74321849004343,271.7836184900434,0.0
544,24.037334686117042,283.06460720527735,272.2330072052774,8.075199999999995
545,25.995275574052336,287.2058787293496,273.71175872934964,0.0
546,25.952515260508513,287.3687531360782,274.5986331360782,0.0
547,25.879197902995475,287.65249664692794,275.3503766469279,0.0
548,25.83068216833936,287.5651122043633,276.5193922043633,0.0
549,25.6898371121611,287.3668024706144,277.96108247061443,4.230000000000018
550,23.889850309020762,290.2658235601636,283.67506356016355,0.0
551,24.05471524524433,291.09463845919566,283.9718784591956,0.0
552,24.043660829931444,291.34194717736744,284.61918717736745,0.0
553,23.99239786188755,291.9235322080944,284.81273220809436,0.0
554,23.844120678183398,292.6012900930378,285.0953300930377,4.420000000000016
555,23.545216567661157,292.8355462746532,285.8175862746532,0.0
556,23.417957965591803,293.51153996278146,286.03557996278147,0.0
557,23.456884388191785,294.0334866329927,285.9015266329928,0.0
558,23.523340998119977,294.2979621917553,285.86800219175535,0.0
559,23.682476721691263,294.9738686496833,285.94390864968335,5.430000000000007
560,24.00936808661207,295.9517363973325,285.4157763973326,0.0
561,24.446732228870363,296.5174738833009,284.3255138833009,0.0
562,24.821083538153548,296.5360935134627,283.7561335134627,0.0
563,25.18123765879656,296.6400827026567,282.98812270265677,0.0
564,25.68622940407764,297.35485482621317,281.94685482621327,11.009999999999991
565,26.129215115970894,297.94363055705,279.68363055705004,0.0
566,26.474594568796313,297.7920466944738,278.80404669447387,0.0
567,26.81454253958365,297.7356612950001,278.24366129500015,0.0
568,27.121001187830643,297.9020745050001,278.0220745050001,0.0
569,27.385276604861673,297.76383217119053,277.7561121711906,9.279999999999973
570,27.500262147731465,296.94337767869615,277.85085767869623,0.0
571,27.527578938075944,296.0528902807251,278.5723702807251,0.0
572,27.481389987386176,295.69863977779886,278.60611977779894,0.0
573,27.351721858823037,295.38727027515137,277.96275027515134,0.0
574,27.216447200957433,294.1103169156131,278.4977969156131,6.360000000000014
575,26.815325122828096,289.0150342541755,276.4033942541755,0.0
576,26.88769537414233,289.4610900394921,275.54225003949205,0.0
577,26.86221075450498,289.44274051192144,275.6479005119214,0.0
578,26.73210465279063,289.9354718917385,275.5846318917384,0.0
579,26.55405596269471,290.1991812353824,276.25234123538235,15.760000000000048
580,26.306598151702325,290.95825159391745,276.5874115939174,0.0
581,26.004399362157738,291.2864533468777,277.23581334687765,0.0
582,25.561421186568356,291.28067874241316,278.0280387424131,0.0
583,25.194029003349833,291.6207874336119,278.6261474336119,0.0
584,24.802769868312172,291.56074291612504,279.47410291612505,3.5849999999999795
585,24.24549427851937,291.4432350193512,280.32543501935123,0.0
586,23.873432749079043,291.6817745413178,281.3279745413178,0.0
587,23.618884224986232,292.2080722040494,282.05027220404946,0.0
588,23.463873611919013,293.0934396131876,282.8279196131876,0.0
589,23.324714533673784,293.2786129833602,283.7930929833602,7.129300000000001
590,23.150376012555082,293.35272222304013,284.69120222304014,0.0
591,23.130525785274678,293.4923496303697,284.88262963036965,0.0
592,23.198142847253358,293.7184934750964,284.9007734750964,0.0
593,23.255584131517104,293.9270998108015,285.1093798108015,0.0
594,23.280618004956775,294.3646960192966,285.3349760192966,4.234999999999957
595,24.12181354892582,298.0732853772579,287.50328537725795,0.0
596,24.165391733181437,298.67849629370954,287.73649629370954,0.0
597,24.09504640663105,299.0690204562134,288.37502045621346,0.0
598,23.995580927884884,299.4842089841931,289.0242089841931,0.0
599,23.849169653158018,300.05933193807954,289.6673319380795,5.25
600,23.644771870633143,300.39796699159575,290.4499669915958,0.0
601,23.50996935435474,300.3101606114438,291.3541606114438,0.0
602,23.417165668622538,299.8738596008301,292.15385960083006,0.0
603,23.487142252760155,300.17406344837,292.39006344837003,0.0
604,23.712574023732085,300.3226288342396,292.41062883423956,4.430000000000007
605,23.891592149476757,300.31266418335963,292.7126641833596,0.0
606,24.098332892509116,300.6656485468492,293.0296485468492,0.0
607,24.257091273013753,301.07901535191115,293.4910153519112,0.0
608,24.36670381353926,301.5275853183958,293.5595853183958,0.0
609,24.347090997527513,302.11495814521527,293.82295814521524,5.189999999999998
610,24.305541693721135,302.49143832186144,294.11143832186144,0.0
611,24.3412967136588,302.8277775293032,294.2357775293032,0.0
612,24.625489503108053,303.48484633603624,293.36884633603626,0.0
613,25.138407696489537,304.01524192308045,292.15524192308044,0.0
614,25.57361317657839,303.66074269231086,291.46874269231085,11.110000000000014
615,26.09992715792765,304.23971957875744,288.2717195787575,0.0
616,26.428423415361067,303.85241295220914,287.04841295220916,0.0
617,26.56593668427086,304.0259926710464,285.4499926710464,0.0
618,26.72661666739926,304.5835171785658,284.6795171785658,0.0
619,26.798277092863014,304.6447060187024,284.04470601870236,11.899999999999977
620,26.894427398036616,304.7351149693021,282.7591149693021,0.0
621,27.08594178735505,305.5851040198448,281.6811040198448,0.0
622,27.399394198711267,305.21614173224054,280.19614173224056,0.0
623,27.62027495533927,303.7168901386939,280.16089013869384,0.0
624,27.84046420724998,303.57071012548494,279.71871012548496,11.759999999999991
625,27.97707428572131,302.30197582781966,281.1179758278197,0.0
626,28.04338873790215,301.7856924156464,281.32569241564636,0.0
627,27.94579006652948,301.0688645665372,282.2128645665372,0.0
628,27.802089030912445,300.7133536554384,282.7053536554384,0.0
629,27.817930861292027,301.12408187872995,280.98808187873,10.45999999999998
630,27.803350846275375,300.5430264617081,280.98702646170807,0.0
631,27.79892163850869,299.59807156059304,281.190071560593,0.0
632,27.754093704426765,298.4608266500603,282.04082665006035,0.0
633,27.671545748693188,298.8866526833879,282.05865268338795,0.0
634,27.59899724933608,298.70295147544624,282.6189914754462,8.989899999999977
635,23.650189712483275,300.74360508285366,290.76288508285364,0.0
636,23.296364030038774,300.85367697972475,291.63695697972474,0.0
637,22.981556522672193,301.2490277435605,292.1663077435605,0.0
638,22.580071861504113,301.08358033941187,293.1645803394119,0.0
639,22.42368275042452,301.6596679261346,292.8086679261346,5.21999999999997
640,22.276624592043323,301.6826043141218,292.9716043141218,0.0
641,22.459246849927275,302.1038324746816,292.2728324746816,0.0
642,22.733119726760247,302.38294366756907,292.07594366756905,0.0
643,23.024647355616835,302.40109188970536,292.0140918897053,0.0
644,23.337358480671167,302.782240281162,291.288640281162,6.149999999999977
645,23.272017423124648,302.84940025438465,291.1709202543846,0.0
646,23.44658451814751,303.32733737301464,289.97485737301463,0.0
647,23.667696920739093,303.2331376232037,288.4326576232037,0.0
648,23.942366398356558,303.459683563851,287.17508356385093,0.0
649,24.20075391378407,303.4755517958652,286.97495179586514,13.634999999999991
650,24.37385314134319,303.4232421010209,286.61864210102084,0.0
651,24.55108737801315,302.7170571390189,286.0884571390189,0.0
652,24.76636475893532,302.4166993162552,285.7920993162552,0.0
653,24.84074610353995,302.49437557184996,285.5497755718499,0.0
654,24.951656551548485,302.95811599357853,285.5161159935785,10.25
655,24.97944940006053,302.91124780371393,285.8892478037139,0.0
656,25.022784495021007,302.9968908700269,286.65689087002687,0.0
657,24.978530746160743,302.2651869776434,288.06918697764337,0.0
658,24.928390968068854,301.8988834559631,289.218883455963,0.0
659,24.947076058023796,301.76751360301415,289.8095136030142,4.670000000000016
660,24.93454957450693,302.1176551646318,290.25965516463185,0.0
661,24.97239276886573,301.8663546727621,291.0483546727621,0.0
662,24.89492402029863,301.72732089440376,291.83932089440384,0.0
663,24.821224888737376,301.748889380651,292.5009293806511,0.0
664,24.726912443799737,301.5789684872557,293.5232484872557,3.704999999999984
665,24.611089396782745,302.3564819646599,293.8407619646599,0.0
666,24.29595448271002,302.36727987278755,294.80355987278756,0.0
667,24.048760122157496,303.1602875039506,295.0685675039507,0.0
668,23.928577398855456,303.6757705988125,295.35605059881254,0.0
669,23.711198424532768,304.39763625606844,295.89591625606846,4.4599999999999795
670,23.555839821706577,305.009562326919,296.6598423269191,0.0
671,23.24150822828073,305.44349067673625,297.4059706767363,0.0
672,22.88978462853026,305.96299251704704,297.9674725170471,0.0
673,22.558351147690285,306.74289513447115,298.3713351344712,0.0
674,22.343155345886316,307.2416289311882,299.0883889311882,3.589999999999975
675,22.239928429737375,307.61943760440835,299.69819760440834,0.0
676,22.226984422395184,308.31212164208375,300.0228816420837,0.0
677,22.221781504187014,308.6458833904567,300.62864339045666,0.0
678,22.211765339572867,308.94176306755605,301.268523067556,0.0
679,22.229840744616162,309.46441610874115,302.01917610874114,4.569999999999993
680,24.39622206754321,315.7893576530689,306.44535765306887,0.0
681,24.48974730426007,315.88513311468137,306.80913311468134,0.0
682,24.571349834593526,316.18592710375935,307.0936471037593,0.0
683,24.867660248552774,317.19280452244897,307.13252452244893,0.0
684,25.116102131778092,317.9299793298348,307.3776993298348,5.860000000000014
685,25.400299634444977,324.18859790257994,315.3618379025799,0.0
686,25.62348477668029,324.2326257213818,315.8806257213818,0.0
687,25.676912558750505,325.08904231934537,315.8610423193454,0.0
688,25.570089581794463,326.0091335270268,316.11713352702685,0.0
689,25.51681979523203,326.55969223873853,316.4516922387386,7.099999999999966
690,25.36115891415375,331.7679049896121,320.9341049896121,0.0
691,25.72877720526852,332.2392378477443,320.56543784774425,0.0
692,25.89249314682693,332.35076757653053,320.4953675765305,0.0
693,26.231429433406394,332.9924754263848,320.09307542638476,0.0
694,26.77683794799293,333.37811586196716,318.79071586196716,7.899999999999977
695,27.168491153830406,333.7989686370179,317.9956886370179,0.0
696,27.399243366044583,335.0061754334924,317.3908954334924,0.0
697,27.423174176282732,336.0906006303026,317.57532063030266,0.0
698,27.332309457219175,336.5576310464643,318.4696310464643,0.0
699,27.17308726245076,336.44877189918196,319.471131899182,11.269999999999982
700,26.59136137653746,339.7197493110416,324.18442931104164,0.0
701,27.39535919272379,339.7534550909424,320.4741350909424,0.0
702,28.03735708197829,338.99471270132887,317.68739270132886,0.0
703,28.717784213720197,338.3911619678689,312.4183619678689,0.0
704,29.22534531560779,337.57387035188134,307.68427035188137,48.02229999999997
705,29.457866107386582,338.91843508027364,303.76083508027364,0.0
706,29.74368307505666,339.67140602500945,298.9888860250095,0.0
707,29.801587738844844,341.1572016416753,296.27068164167525,0.0
708,29.841071206104104,341.18754719961095,293.1443471996109,0.0
709,29.73755290938157,340.88279032345747,289.6955903234575,23.609999999999957
710,29.484347298563705,339.309931245033,283.44765124503294,0.0
711,29.41845343533092,337.54337969788696,280.841099697887,0.0
712,29.433665389450223,336.25202353618346,275.49774353618346,0.0
713,29.60840992394578,333.275866056547,267.471066056547,0.0
714,29.956873791088423,332.52107309878056,262.3109130987806,40.839999999999975
715,30.828540936831935,295.46079965315926,231.71947965315925,0.0
716,29.95676364055515,292.5065958766679,233.5612758766679,0.0
717,29.3199234493692,288.7126019836519,234.1392819836519,0.0
718,28.586305704362964,286.38470274711364,234.63938274711364,0.0
719,27.901735445701465,283.6371748664361,235.03985486643612,19.42999999999998
720,24.0869434032124,289.2164799456674,253.37187994566747,0.0
721,23.59674652557783,287.5307085222705,255.3901885222706,0.0
722,23.113075269392613,287.81628485348284,256.55976485348293,0.0
723,22.658528913291345,287.33666343886546,258.3521434388655,0.0
724,22.295909453506553,287.90700596849734,259.7104859684974,14.771200000000022
725,21.957051429589804,288.8700777810214,261.26955778102143,0.0
726,21.746236850418125,289.20745323044787,262.96269323044794,0.0
727,21.6001902545942,290.9722586370719,264.4597786370719,0.0
728,21.439239099384867,292.2806559097317,265.5826159097317,0.0
729,21.42278459245704,292.8355591564239,265.762639156424,13.360000000000014
730,21.430656695439005,293.1080716177169,266.3036316177169,0.0
731,21.485466259924348,292.9476095588867,267.69916955888675,0.0
732,21.569374391616577,292.66557245804034,268.7291324580404,0.0
733,21.53222536884991,293.3985865096555,269.3261465096556,0.0
734,21.560505753659747,294.46759922302164,270.3671592230217,13.819999999999993
735,21.599056212294347,295.19184882082914,271.5634088208292,0.0
736,21.610005342255945,295.8494079807502,271.53296798075024,0.0
737,21.72789323792014,295.46524722067875,271.5188072206787,0.0
738,22.000951249172804,297.08322653299507,270.18234653299504,0.0
739,22.23631827488818,296.5059021012812,271.26390210128125,21.25
740,22.417628935350386,298.7044828535402,271.18248285354014,0.0
741,22.517753844649395,299.0886749627268,272.13667496272683,0.0
742,22.519827645938083,300.41051544246716,272.9705154424671,0.0
743,22.569877840446438,300.88074635270834,274.06018635270834,0.0
744,22.59564926476607,301.0677495572123,275.39118955721233,5.920000000000016
745,23.46355375992839,304.92671291170905,283.4461529117091,0.0
746,23.572057566225958,304.76190977726054,286.2573497772606,0.0
747,23.61383904266145,306.52656408418807,287.66800408418817,0.0
748,23.668506886344968,307.4889179809321,289.42235798093213,0.0
749,23.730903574736047,310.66462483989096,290.224624839891,18.214999999999975
750,23.666785832886564,313.163803426568,292.05980342656807,0.0
751,23.64198920519306,314.33004024308536,294.35608024308544,0.0
752,23.63288533172846,315.21975926755346,296.2581592675535,0.0
753,23.938491033684535,317.6092869563579,292.89168695635794,0.0
754,24.403003202090456,318.5081929605143,291.79459296051425,24.810000000000002
755,24.885292892230165,320.36801267856055,290.29641267856056,0.0
756,25.287062168057933,322.2064686139358,289.91086861393575,0.0
757,25.408298812861958,322.4179287459418,290.7663287459419,0.0
758,25.317842206849047,322.6860117225188,291.4864117225189,0.0
759,25.12835710897618,322.4209915584694,292.04739155846937,18.899999999999977
760,24.9858827142954,322.78944950528177,292.32384950528177,0.0
761,24.86042312103403,323.20840764763585,292.7607676476359,0.0
762,24.893367404349053,323.99367453833725,291.23367453833725,0.0
763,25.02729380865342,321.4425626775432,293.73456267754324,0.0
764,25.19426595414756,320.214604327301,293.526604327301,15.079999999999984
765,25.18665492783069,320.2656047713379,296.8096047713379,0.0
766,25.100740192823864,320.734880507401,297.33888050740103,0.0
767,25.055811922457263,321.3591776019342,298.07517760193423,0.0
768,25.12424838678051,321.0972559255595,299.22525592555957,0.0
769,25.202629032531117,321.55675536122055,300.1807553612206,7.199999999999989
770,25.386028085935358,322.06496913634237,300.4289691363424,0.0
771,25.61069439114447,323.21173398050024,300.7437339805003,0.0
772,25.72924487270686,323.6999497918811,302.13594979188116,0.0
773,25.718205078468568,324.29566885932104,303.03966885932107,0.0
774,25.359252618830226,324.5935575393857,304.2755575393857,11.04000000000002
775,24.93242923966805,325.3470282499204,305.4050282499204,0.0
776,24.421543076102154,326.03254936897565,306.5545493689756,0.0
777,23.96978829004328,326.85887800050176,307.7408780005017,0.0
778,23.78663020858379,327.2639372385492,308.4139372385492,0.0
779,23.69003754532521,327.2723622634493,308.9847622634493,7.984000000000037
780,23.513532516372795,326.5682610955017,310.65866109550166,0.0
781,23.387852935999057,325.8177409911682,311.8961409911682,0.0
782,23.37264545598309,326.50222280153315,312.4046228015331,0.0
783,23.32746933498324,327.47542062995853,312.2898206299585,0.0
784,23.34184351036923,328.6005519985339,312.4289519985339,6.990000000000009
785,23.23977553318691,329.1066708558164,313.49907085581634,0.0
786,23.110337876316105,329.7826831552624,314.4910831552624,0.0
787,22.90087899159693,330.6585038071422,315.5149038071422,0.0
788,22.835734253732053,331.2452939207477,317.0696939207477,0.0
789,22.797066213943406,332.0101611663908,318.2881611663908,7.149999999999977
790,22.85047342852109,333.0386220076869,319.2446220076869,0.0
791,23.039900331927257,334.22075324505005,319.33075324505006,0.0
792,23.318491376183605,335.42039579314053,320.1623957931405,0.0
793,23.41182211360613,335.6694952414128,321.63493524141285,0.0
794,23.393416154799638,335.74928426604015,323.1147242660402,6.269999999999982
795,23.17649060977549,336.23671243117917,324.2421524311792,0.0
796,22.91776969345416,337.0947664853525,324.98420648535256,0.0
797,22.78679464881168,337.81633920103326,325.4417792010333,0.0
798,22.82243104079088,338.4997621342682,326.0252021342682,0.0
799,22.874048417909783,339.10514478814747,326.79458478814746,4.5
800,22.955547608167688,340.2016014749906,327.5972014749905,0.0
801,23.01763456517052,340.45699181070574,329.2885918107057,0.0
802,23.173161607126744,341.3182497334957,330.8458497334957,0.0
803,23.257442560094503,342.6744411874485,331.82260118744847,0.0
804,23.356254411747067,344.09810583626296,332.93826583626293,11.269600000000025
805,27.291264442874272,356.2199809286694,323.85598092866945,0.0
806,27.42088679956108,356.496554173558,323.6045541735581,0.0
807,27.34988519857608,356.5933585379811,323.27335853798115,0.0
808,27.164964637605184,356.1393148676972,322.9477148676972,0.0
809,27.12860949231979,353.844313451726,323.5487134517261,15.089999999999975
810,27.16278290071218,351.9195026467997,323.23990264679975,0.0
811,27.250005877704556,350.28219763281874,323.49059763281883,0.0
812,27.428446238506954,348.8953978582646,322.1637978582646,0.0
813,27.576520730631817,347.2131218717631,321.5547218717632,0.0
814,27.690540694902108,347.0686531220714,320.62225312207147,11.399999999999977
815,27.722857439584896,347.08346711044555,320.6730671104456,0.0
816,27.633795873717354,346.8576426237364,320.61160262373653,0.0
817,27.61481306833775,347.2436785643329,320.445638564333,0.0
818,27.49989812553772,347.1521967963012,321.1457567963013,0.0
819,27.403383253950718,346.71877043474876,321.52033043474876,7.550000000000011
820,27.311934751966085,346.69595610762985,322.61751610762985,0.0
821,27.35768390339015,347.2719812402365,322.0935412402365,0.0
822,27.29889772876975,347.3707658840235,323.1523258840235,0.0
823,27.028351582632876,347.40064722840225,324.7450072284022,0.0
824,26.283586557807702,347.55304463522106,326.64540463522104,12.970000000000027
825,25.50059705937351,349.2011184794857,327.9174784794857,0.0
826,24.820882178979794,350.34829005286804,328.974250052868,0.0
827,24.387253307593845,350.90978814307107,329.98774814307103,0.0
828,24.016718393963846,351.7893340342072,330.4512940342071,0.0
829,23.75244682591462,351.93692317380646,331.4788831738065,10.889999999999986
830,23.718496297090457,352.39969430011064,331.0736543001106,0.0
831,23.753404149476935,351.9722015096239,331.8141615096239,0.0
832,23.87523045261477,351.9688385087074,331.97691850870734,0.0
833,23.987782976014334,352.51999293644957,331.9280729364495,0.0
834,23.95948861077732,352.7166564663115,332.40873646631155,8.680000000000007
835,24.046755521944387,353.0124948980914,331.5085748980914,0.0
836,24.040977369122746,352.37866205065416,331.3727820506541,0.0
837,24.191281872306075,352.3952056648775,328.45800566487753,0.0
838,24.356208578849028,352.08329083965106,326.7800908396511,0.0
839,24.462535793276093,351.60151075968434,324.8063107596843,20.379999999999995
840,24.60376613478787,350.34523354447623,324.53803354447626,0.0
841,24.83449537837128,350.84679225452606,323.76759225452605,0.0
842,25.062999697830524,352.5654529921903,323.2361329921902,0.0
843,25.1997317244368,354.5526155643626,323.59929556436265,0.0
844,25.227836104387485,355.8082388439471,324.45491884394715,24.94999999999999
845,25.407082267421,357.99437419214263,325.01705419214267,0.0
846,25.417651009433108,359.6961156976529,325.70279569765285,0.0
847,25.385483764032063,359.3069837264478,328.75298372644784,0.0
848,25.4538675270736,359.6119109905957,330.1966309905956,0.0
849,25.541284919803445,360.5306470867294,331.7913670867294,13.870000000000005
850,22.896314359611047,367.12791564305917,353.32591564305915,0.0
851,22.66832263845741,367.90587605800596,354.4418760580059,0.0
852,22.555734460998263,368.1964592905768,355.23245929057674,0.0
853,22.431621804102505,369.0121298343314,355.3721298343314,0.0
854,22.435644389348383,369.7793955643951,355.3873155643951,7.7900000000000205
855,25.759263113469892,381.61212785189207,361.99248785189207,0.0
856,25.868081675908336,382.25771758028327,362.6740775802833,0.0
857,25.965009801004307,382.92325114406583,363.40361114406585,0.0
858,25.991273816198785,383.7056862732024,363.6300462732025,0.0
859,25.901453439060603,384.1656228186117,363.55718281861175,7.430000000000007
860,25.26200295270136,388.57519900677846,365.2451990067784,0.0
861,25.534498226339764,389.7090848156567,364.99508481565664,0.0
862,25.758540773115964,389.5534576903561,366.00745769035603,0.0
863,25.917117709369997,390.8923664817507,366.2703664817507,0.0
864,26.037341744578892,391.74588015015536,367.15564015015536,18.09400000000005
865,26.03970089302809,392.10714108823584,368.90090108823586,0.0
866,25.632265875132738,392.9173295560229,369.9470895560229,0.0
867,25.355774280981166,392.34092864592543,372.1706886459255,0.0
868,25.005009650485206,392.36008972726586,373.76184972726594,0.0
869,24.747685401086766,392.0263783246691,375.92013832466915,5.399999999999977
870,26.33709892497387,398.62794470945477,374.04550470945475,0.0
871,26.508817826824274,398.93330426093524,373.7788642609352,0.0
872,26.675381990078904,398.901200997989,372.870760997989,0.0
873,26.74887435846954,399.5203456648471,370.5019056648472,0.0
874,26.84813501814531,401.24680988724265,368.5123698872427,19.04000000000002
875,26.74085122040506,401.53989656464813,367.6174565646482,0.0
876,26.617031398695648,401.6756892727769,367.9752492727769,0.0
877,26.38424561046219,401.5825017229886,368.9740617229886,0.0
878,26.218770631801295,401.3621596541325,370.7661596541325,0.0
879,26.04037187603607,401.2556682585008,372.3956682585008,14.229999999999961
880,25.959197681762074,400.98746175769116,374.48946175769123,0.0
881,25.899156029372715,401.50170349505396,375.53170349505393,0.0
882,25.93091507149743,402.1943984002869,376.50439840028696,0.0
883,25.945604603184908,401.27531283835486,377.82931283835484,0.0
884,25.947899162485772,399.72822590136866,379.3626259013687,10.970000000000027
885,24.679077222079503,403.5264778147851,384.05847781478514,0.0
886,24.115735143135645,404.15052754671035,385.7825275467103,0.0
887,23.681719033877258,404.5995249232141,387.5475249232141,0.0
888,23.29532316695218,405.1269035019556,389.3909035019556,0.0
889,22.856970607605835,405.83424602557886,391.3942460255788,8.29000000000002
890,22.943922206022204,417.154072220598,401.746472220598,0.0
891,23.022002745352957,417.80881772339814,402.6288177233982,0.0
892,23.031231046701194,418.2967398449793,403.5087398449793,0.0
893,23.085956028050173,419.08285985974317,404.4668598597432,0.0
894,23.023568418420115,419.91706368262476,404.6850636826248,4.420000000000016
895,22.9017863801044,420.29286714142245,405.43286714142243,0.0
896,22.95202969246758,420.9374512231917,405.3134512231917,0.0
897,23.046923840675554,420.7394082495544,406.01140824955445,0.0
898,23.30246715179399,421.2587503210254,406.5767503210254,0.0
899,23.569121001863962,421.5929169571182,407.80491695711817,11.144999999999982
900,23.85612483948445,422.59159153263073,407.4235915326307,0.0
901,24.21940501612477,423.7236304342849,406.139630434285,0.0
902,24.76812410460804,424.43680848816257,403.6128084881626,0.0
903,25.276198733430856,424.6121600607185,402.7241600607186,0.0
904,25.62814079379771,425.5874781501739,402.30347815017393,18.74000000000001
905,25.900892688747753,425.8734326120621,402.3174326120622,0.0
906,26.129929324982093,425.22015331567525,402.5601533156753,0.0
907,26.33734389209223,425.7155672856109,401.48756728561096,0.0
908,26.52557821957075,425.92141802031466,401.6014180203146,0.0
909,26.66852960915797,426.0346639231418,401.7126639231418,12.870000000000005
910,26.71588280725695,426.6290768828425,402.1270768828426,0.0
911,26.606149136157068,426.03887908447666,403.45287908447665,0.0
912,26.33135477484818,424.7787001240503,405.53670012405036,0.0
913,25.922755717842588,424.13123249318846,406.9712724931884,0.0
914,25.444676302760044,423.5087322557419,408.44877225574186,4.170000000000016
915,24.932573102989807,423.75391963927194,412.04795963927194,0.0
916,24.932816469504147,423.6729730069603,412.9630130069603,0.0
917,24.774545381858914,423.74230700629744,413.5283470062974,0.0
918,24.69736466599003,424.46208538665,413.75612538665,0.0
919,24.455490466389147,424.9324286831595,414.27642868315957,4.310000000000002
920,24.24554786958459,425.5330545228586,414.75305452285863,0.0
921,23.984744179505466,425.626096949253,415.486096949253,0.0
922,23.872841621617223,426.37608771599076,415.0320877159908,0.0
923,23.656562387640218,426.42665079065836,415.2226507906584,0.0
924,23.490103997296373,426.48830309630995,414.03630309630995,10.759999999999991
925,23.50205778632578,427.455226610947,413.1832266109471,0.0
926,23.601637960285434,427.9270145527616,413.2430145527616,0.0
927,23.587208211341515,428.056917928689,413.4969179286891,0.0
928,23.415355499025157,428.4426400307187,413.93464003071864,0.0
929,23.20424229293664,429.035820027793,414.3741000277931,11.164299999999969
930,23.026090368413875,429.4828714537175,415.0251514537175,0.0
931,22.87064805788084,429.9035370295539,415.6418170295539,0.0
932,22.74882020632194,429.7370915981678,416.81537159816787,0.0
933,22.713945659414275,430.1864028745328,417.7286828745328,0.0
934,22.870002794885462,430.3961606960059,419.37844069600595,8.210000000000036
935,24.352624620452875,435.16272264698637,422.0843226469864,0.0
936,24.527947294831513,435.98019668060675,422.5937966806068,0.0
937,24.66402496286165,436.95838747292987,422.93998747292994,0.0
938,24.813817987097888,437.7996077136033,423.0132077136033,0.0
939,25.023662923092044,438.40852126468866,422.58212126468874,7.0
940,25.53001550894291,439.03608019186123,420.90212019186123,0.0
941,26.048717976250636,439.8579754116839,420.288015411684,0.0
942,26.418976242765698,440.37213680104736,420.6266168010474,0.0
943,26.44700497477797,439.86257710570953,422.08105710570953,0.0
944,26.390507542193514,440.6594897623086,422.99236976230867,18.329999999999984
945,26.245893785471903,441.41311549923165,423.9899954992316,0.0
946,26.031052515048632,442.5139197374001,424.09079973740006,0.0
947,25.809023089173557,443.0363616671715,424.6212416671715,0.0
948,25.6654982922089,443.5759996036313,425.38087960363134,0.0
949,25.620481707679666,443.50795773661883,426.21683773661886,5.810000000000002
950,25.677764511064666,442.6239493807504,427.6203893807504,0.0
951,25.85878410071017,442.71602848734557,428.6764684873455,0.0
952,26.00946461631867,442.7749867266459,429.2429867266459,0.0
953,26.10678887112991,443.4907022764891,429.6227022764892,0.0
954,26.10955273553841,443.32377825015686,430.91977825015687,6.839999999999975
955,25.93863040033192,443.74375175014194,431.453751750142,0.0
956,25.633293639590647,443.5336801548904,432.6316801548904,0.0
957,25.282476817260125,443.73068204490085,433.5198820449009,0.0
958,24.93998810183283,444.27371423110077,434.21203423110074,0.0
959,24.463649532303382,444.50763097099593,435.249950970996,4.6299999999999955
960,24.297149086596068,445.28698421185356,435.82130421185354,0.0
961,24.314950920443053,445.8069704773913,435.9652904773913,0.0
962,24.508658682054623,446.30148186049695,435.145801860497,0.0
963,24.76026701110587,446.6492302547353,434.6335502547353,0.0
964,24.858067234327528,447.47214546857003,434.32846546857,10.990000000000009
965,24.705974550453984,448.7548306620396,434.25715066203963,0.0
966,24.348421703942687,449.3144505989882,434.9287705989882,0.0
967,24.05923045602936,450.0459638752751,435.49028387527505,0.0
968,23.92746402575772,450.4090835062013,435.7922835062013,0.0
969,23.886377991794106,451.79397079132497,435.76917079132494,7.214499999999987
970,23.911368213168842,452.3145830969131,436.85778309691307,0.0
971,23.84788458017633,452.0687561353024,438.4319561353024,0.0
972,23.764569483751377,451.86453174146413,439.8837317414641,0.0
973,23.745753542998656,452.00728109941986,441.1344810994199,0.0
974,23.755683659611133,452.2431971851894,442.13839718518943,3.340000000000032
975,26.68536973341232,456.1971796089628,434.95409960896285,0.0
976,26.919848348564877,455.5599596462045,433.3159596462045,0.0
977,27.040722259819095,455.65148729894685,431.9714872989469,0.0
978,26.96146726837994,456.2273456514281,431.2753456514281,0.0
979,26.75360063245662,455.6984555893874,431.83445558938735,16.029999999999973
980,26.486365878214848,455.05917410468385,432.2591741046838,0.0
981,26.327343349252523,455.028586094714,430.39658609471394,0.0
982,26.281640250659674,453.9116731333126,429.9396731333126,0.0
983,26.44648609894072,453.4239899777591,427.9919899777591,0.0
984,26.70704982512541,453.3365709322582,426.84741093225824,16.810000000000002
985,26.927249655797727,451.313905129186,426.688745129186,0.0
986,27.130278795736796,451.1538741645017,425.7247141645017,0.0
987,27.40033197596279,451.0527785297872,425.1516585297872,0.0
988,27.594742511696253,451.05590057456936,425.2547805745694,0.0
989,27.68177501919726,450.8757729008009,425.3786529008009,15.319999999999993
990,27.784301021998104,451.24641929120077,424.3532992912008,0.0
991,27.82574280369532,449.5723374539436,425.23121745394354,0.0
992,27.81331373318982,449.5987396011871,424.78161960118706,0.0
993,27.687042603976277,450.0024367820264,425.3893167820264,0.0
994,27.29962464411635,449.7743447075477,427.1743847075477,14.71999999999997
995,26.921669484876993,449.8844052115907,428.72444521159065,0.0
996,26.49225094491056,450.2959837628678,430.47202376286776,0.0
997,26.027796590336447,450.3437367378328,432.7149367378327,0.0
998,25.612822946425407,450.64017133422965,434.71577133422966,0.0
999,25.287640019439046,451.81865025477924,435.5262502547792,11.400000000000034
1000,24.896726288785175,452.5238454686098,437.08344546860974,0.0
1001,24.575561808127524,453.5103554239803,438.22195542398026,0.0
1002,24.273884044980974,454.03729300264877,439.2328930026488,0.0
1003,24.018091061030418,454.5461412881108,440.9497412881108,0.0
1004,23.91126208366649,455.68957545114785,441.9971754511478,7.170000000000016
1005,23.880186564571478,456.40034064627656,443.4191006462766,0.0
1006,23.706122151430165,457.27827201329785,444.8250320132978,0.0
1007,23.688670207278104,459.0256194406028,445.6811794406028,0.0
1008,23.495846843654114,460.3641623510215,447.1153223510215,0.0
1009,23.26591420504716,461.79675831759084,448.49991831759087,12.449999999999989
1010,22.98215191898773,462.8126775254393,450.1090775254394,0.0
1011,22.804500539744538,464.00259395158804,450.99899395158803,0.0
1012,22.74117096656404,464.9933754800081,451.1737754800082,0.0
1013,22.67816410411769,464.97693972000735,452.2733397200074,0.0
1014,22.749368711994812,465.81825974667345,453.07865974667345,8.189999999999998
1015,22.762152156457184,466.59398643746647,453.8232264374665,0.0
1016,22.84720926037589,467.7029286815173,454.4421686815173,0.0
1017,22.8545127096169,467.87201928327755,455.6192592832776,0.0
1018,22.92558003783935,468.9104345896321,456.10167458963207,0.0
1019,23.034895010359296,469.25842939061954,456.9696693906195,4.7099999999999795
1020,27.638778449179625,479.03328835674813,448.1954883567481,0.0
1021,27.623761194913776,478.4130608942007,448.7672608942007,0.0
1022,27.683568366487336,478.22866461856256,450.2868646185626,0.0
1023,27.654510691211325,478.29944894060424,450.63364894060425,0.0
1024,27.72377687625895,477.26368237483234,450.7938823748324,14.810000000000002
1025,24.397255758249205,479.0541098841834,459.68102988418343,0.0
1026,24.29313913734738,480.10053179997544,458.7074517999755,0.0
1027,24.110494226207418,480.57843734283495,458.537357342835,0.0
1028,24.19084832247818,481.3215899768507,456.83650997685066,0.0
1029,24.305654031614772,481.5064423600077,455.82136236000775,16.60269999999997
1030,28.231219473043023,489.220363974419,413.759403974419,0.0
1031,28.291556138996846,488.8157426435219,414.4421426435219,0.0
1032,28.312503947107317,488.7641252489008,415.5834852489008,0.0
1033,28.334020398309395,487.7132866537674,415.57264665376744,0.0
1034,28.355096291353362,487.20100411531337,415.52436411531335,18.310000000000002
1035,28.364300262677173,483.91427229480735,418.02963229480736,0.0
1036,28.32256322198497,470.21922921911136,431.7185892191114,0.0
1037,28.173062734606233,469.1970473887198,433.99240738871976,0.0
1038,27.883947540692482,468.65640668503215,434.09976668503214,0.0
1039,27.702741457895897,467.3135889055053,433.3629489055053,18.939999999999998
1040,25.941675535945595,459.25755183231394,421.7355518323139,0.0
1041,25.569583742396862,458.9959754673316,419.99397546733167,0.0
1042,24.380260450017122,459.33912066091915,419.3451206609191,0.0
1043,23.657022070942983,459.23791869321246,418.7659186932125,0.0
1044,23.17652231817952,458.1225931033827,418.5665931033827,13.900000000000034
1045,22.94867610055604,457.5415632840129,415.5448432840129,0.0
1046,22.903189939382337,456.0988772569641,413.1221572569641,0.0
1047,22.919452894186943,455.6754946610627,412.15877466106275,0.0
1048,22.982926276592355,452.6259580266758,413.6012380266758,0.0
1049,23.113495942624322,451.2357105955638,412.5069905955638,17.18180000000001
1050,23.258761241196307,450.07139149122435,410.8386714912244,0.0
1051,23.453096961501153,449.63929325396487,410.4545732539649,0.0
1052,23.70263006667829,450.39139484882537,410.7506748488254,0.0
1053,23.98530067011857,451.50529629179437,411.6365762917944,0.0
1054,24.16620169467469,452.6685404544807,412.8998204544808,29.069999999999993
