,SPY_open,SPY_high,SPY_low,SPY_close,MI,BBANDS Upper,BBands Lower,weekly_range
0,209.2,209.7295,207.2,208.27,0.0,0.0,0.0,0.0
1,206.48,208.289,205.78,206.99,0.0,0.0,0.0,0.0
2,206.2,208.68,204.18,205.33,0.0,0.0,0.0,0.0
3,205.44,207.43,205.14,205.86,0.0,0.0,0.0,0.0
4,203.38,204.14,201.51,201.88,0.0,0.0,0.0,8.21950000000001
5,193.05,193.41,189.82,192.11,23.71742821996674,211.5195718188865,192.63042818111347,0.0
6,193.85,194.55,191.14,193.66,23.814163535565914,211.8320146589815,191.49598534101847,0.0
7,194.53,194.86,188.38,188.87,24.172643943214123,212.5924217987556,189.32257820124443,0.0
8,189.55,193.26,187.66,191.89,24.587343897367223,212.4362049153788,188.16179508462122,0.0
9,186.79,188.76,185.52,187.83,24.77576076811431,212.06456695831665,186.51443304168336,9.340000000000003
10,192.5,194.58,191.84,193.65,25.6643161115963,200.7544153370102,182.77858466298983,0.0
11,191.9,191.97,189.54,190.11,25.800672552241895,199.10323978923836,183.33976021076168,0.0
12,191.37,191.78,187.1,191.23,26.03900144469538,196.9961552624957,184.43484473750428,0.0
13,190.72,192.75,189.96,191.53,26.252950387506143,195.35866412819118,185.34033587180883,0.0
14,190.97,191.6696,187.2,187.98,26.514913635480077,194.85559590672293,185.2424040932771,7.480000000000018
15,185.75,186.12,182.8,185.35,26.704354681969058,194.86997905869913,184.56802094130086,0.0
16,183.38,186.94,183.2,185.35,26.824753163345317,194.7537613208224,184.0082386791776,0.0
17,186.44,188.34,185.12,185.31,26.91504060244168,194.2329402978524,183.69405970214763,0.0
18,182.38,184.1,181.09,183.03,26.925791451875753,194.57218069222338,182.77081930777658,0.0
19,184.93,186.65,183.96,186.65,26.76719612588523,194.17218385937986,182.64681614062016,7.25
20,195.08,196.23,193.33,193.56,23.50205440636603,198.0428400982364,183.10915990176358,0.0
21,195.05,198.21,194.4542,198.21,23.57761385437358,198.91661370044397,182.69138629955603,0.0
22,197.7,199.06,197.25,199.03,23.629509393031647,200.14501338716786,182.3549866128322,0.0
23,198.7,199.795,198.11,199.77,23.568606033870623,201.353552452626,182.00044754737405,0.0
24,200.0,201.35,199.03,200.36,23.5401555060685,202.5436099199052,181.69339008009476,8.019999999999982
25,199.4,201.07,199.25,200.63,23.458882813488216,203.64340372678913,181.85859627321088,0.0
26,199.3,199.92,198.21,198.36,23.393782615764856,203.98235913335972,182.82064086664028,0.0
27,199.36,199.79,198.43,199.41,23.33036982740884,204.29402501346368,183.91497498653632,0.0
28,199.9,201.07,197.38,199.54,23.329692765949464,204.38846357775105,185.24353642224895,0.0
29,201.25,202.81,199.5179,202.76,23.426980629212522,204.2627597322331,187.34224026776693,5.430000000000007
30,202.2,203.04,201.77,202.53,23.37013017689008,204.39485684446967,188.7981431555303,0.0
31,201.32,202.5307,201.05,202.2,23.28154407329501,204.70684044192097,189.72515955807904,0.0
32,201.62,203.82,201.55,203.39,23.211450688186794,205.42290345563205,190.06109654436798,0.0
33,203.26,205.23,202.77,204.79,23.1934845898088,206.1844283405173,190.5735716594827,0.0
34,204.2,204.78,203.8,204.52,23.112102356044115,206.6631583604472,191.3468416395528,4.179999999999978
35,206.84,207.07,205.89,206.29,23.40227859884826,208.14490826206514,198.56809173793488,0.0
36,204.64,206.2642,203.89,204.14,23.473824131108007,208.15405513643157,198.9099448635684,0.0
37,204.27,206.49,203.98,206.46,23.5118691141168,208.04140636133292,199.83259363866705,0.0
38,205.18,205.56,203.09,203.89,23.63902679418705,207.67111110935292,200.65088889064708,0.0
39,205.32,205.85,203.87,204.48,23.785608911228202,207.1629809436732,201.65301905632677,3.9799999999999898
40,208.28,208.66,207.54,208.59,23.832103474109545,210.94735211053126,202.91064788946875,0.0
41,209.02,209.52,208.36,209.0,23.86233248349392,211.15393341786313,203.08106658213688,0.0
42,208.46,209.81,208.05,209.38,23.93505175979741,211.40936308932484,203.15363691067515,0.0
43,208.49,209.76,206.96,207.42,24.165293035178816,211.42208784567063,203.32691215432934,0.0
44,206.71,207.13,205.03,206.3,24.40845988096116,211.41544820995128,203.2725517900487,4.780000000000001
45,206.9,208.18,206.41,208.03,24.643338621250333,211.48192789890226,203.3800721010977,0.0
46,206.5,206.8,205.28,206.13,24.689061846591283,211.33109538272066,203.72990461727937,0.0
47,205.0,205.85,204.42,204.96,24.74169263934803,211.40146382729435,203.5095361727057,0.0
48,205.57,205.98,204.47,204.95,24.824315049910556,211.2773209799547,203.7396790200453,0.0
49,204.04,205.77,203.88,205.7,24.769123401605757,211.16755488387378,203.97144511612623,4.300000000000011
50,205.58,206.4,205.36,205.89,24.725487350623183,210.95150455542245,204.37749544457756,0.0
51,206.64,208.5,206.64,208.46,24.662597186925513,210.99472713952525,204.58127286047477,0.0
52,207.89,208.54,206.5,206.5,24.597365312312895,210.96584513335193,204.4561548666481,0.0
53,207.29,207.4899,205.37,206.55,24.545926312606525,210.92914732394928,204.3458526760507,0.0
54,206.23,206.86,204.38,204.72,24.57807704464214,211.02207107645972,203.94492892354026,4.159999999999997
55,204.95,207.34,204.89,206.81,24.641133460908115,210.81075483943536,203.9122451605647,0.0
56,206.44,206.8,204.23,204.82,24.69815557615941,210.5153927374397,203.69860726256036,0.0
57,204.44,206.3,203.63,204.91,24.856450140421646,210.09010377560034,203.6078962243997,0.0
58,204.0,204.54,202.78,204.24,25.02267485597958,209.90592337136806,203.3260766286319,0.0
59,204.95,206.1,204.86,205.49,25.17188433404322,209.57412392714278,203.31087607285727,4.560000000000002
60,205.48,205.84,204.985,205.16,25.141891695728674,209.280751869472,203.26124813052803,0.0
61,206.15,208.24,206.14,207.87,25.18951998153588,209.0456758762228,203.3833241237772,0.0
62,208.64,209.77,207.8691,209.26,25.24577862620801,209.01180087387607,203.40519912612396,0.0
63,209.47,209.71,208.97,209.34,25.19754932699059,209.39887843431237,203.21012156568767,0.0
64,209.55,210.25,209.47,210.21,25.101760370354015,210.05322240701094,202.94677759298906,5.264999999999986
65,210.71,211.77,210.51,211.39,24.84201523775906,212.47576358923143,202.84423641076856,0.0
66,211.56,212.34,211.5,211.7,24.659362562678794,213.01141098518818,202.88958901481183,0.0
67,211.8,212.52,211.6899,212.39,24.478185366192534,213.58252098892558,202.7114790110744,0.0
68,211.49,212.22,211.19,212.04,24.33170525154957,214.06681527347155,202.7811847265284,0.0
69,210.43,210.86,209.43,210.03,24.251290587239982,214.2120485438433,202.98395145615672,3.0900000000000034
70,209.34,210.37,208.35,208.42,24.249746767008265,214.09468760971075,203.47131239028923,0.0
71,207.97,208.74,206.9199,208.09,24.356806916966764,214.0889807425495,203.60501925745046,0.0
72,208.57,209.36,207.53,207.78,24.450178376518693,213.9155455409994,204.07445445900055,0.0
73,206.74,208.57,205.59,208.35,24.629617161135776,213.71251299866682,204.62148700133318,0.0
74,207.14,207.2,205.75,206.53,24.68951537175768,213.39973301403538,205.1632669859646,4.780000000000001
75,208.84,209.61,207.75,207.91,24.681990822797264,213.17977205937333,205.62522794062667,0.0
76,208.26,208.92,207.78,208.41,24.56858909384207,212.81688528314464,206.31311471685535,0.0
77,208.69,209.5,207.93,208.03,24.427096632199813,212.80807162533515,206.33792837466487,0.0
78,209.83,210.87,209.27,210.87,24.27096872995712,212.9355614510421,206.37143854895785,0.0
79,204.0,210.8463,202.72,203.13,24.73732285984395,213.73668494187024,204.94931505812974,8.150000000000006
80,201.59,201.6,198.65,199.53,25.141512638156925,214.99108583434065,202.6269141656594,0.0
81,201.66,203.23,201.12,203.22,25.47891382483427,215.09615249487223,201.83584750512773,0.0
82,204.83,206.93,204.72,206.71,25.674399622819315,214.90195964508797,201.671040354912,0.0
83,207.18,209.54,206.56,209.53,25.841478887236647,214.7445903509237,201.68940964907634,0.0
84,209.29,210.49,209.29,209.79,25.96953047527235,214.69110187392548,201.69389812607457,11.840000000000003
85,213.16,214.07,212.95,213.45,26.220259051614285,214.39652966028478,201.61847033971526,0.0
86,214.51,215.3,214.25,215.0,26.110324314341366,215.4514014121955,201.22159858780455,0.0
87,215.42,215.45,214.35,214.93,26.031681227764484,216.3771376785286,200.97986232147136,0.0
88,216.34,216.67,215.66,216.11,25.968869218177947,217.46132724550893,200.72867275449113,0.0
89,216.79,217.0125,215.308,215.84,25.956896226642517,218.3501506992507,200.58884930074927,4.0625
90,215.95,216.6,215.67,216.41,25.86337723603144,219.24576894902867,200.68123105097135,0.0
91,215.88,216.23,215.63,216.18,25.613527034614105,220.00449155721293,200.7495084427871,0.0
92,216.75,217.37,216.24,217.13,25.342944654684267,220.8466572541986,200.77934274580144,0.0
93,216.92,217.22,215.75,216.22,25.106523355403205,221.44465936606633,201.00034063393366,0.0
94,216.39,217.3,216.1,217.25,24.758190719331225,222.1096831830011,200.97331681699887,1.740000000000009
95,217.0,217.06,215.97,216.64,24.500075286139644,222.23410347881344,202.1998965211866,0.0
96,216.53,217.17,215.76,216.75,24.303934857630857,221.30360725641788,204.8523927435822,0.0
97,217.17,217.27,215.62,216.51,24.25366786706765,220.65785552992426,206.82714447007575,0.0
98,216.26,217.11,215.75,216.8,24.22331445560813,220.43624398069926,208.05775601930077,0.0
99,216.45,217.54,216.13,217.15,24.209830397313315,220.5259232741159,208.73007672588406,1.9199999999999875
100,217.15,217.65,216.405,216.93,23.635913618281272,220.50196140623476,209.46803859376521,0.0
101,216.64,216.83,214.57,215.52,23.324582632778736,219.90278917602876,210.78021082397123,0.0
102,215.45,216.245,215.13,216.23,23.10698058678649,219.40578306164568,211.92321693835433,0.0
103,216.3,216.78,214.25,216.43,23.097268642492562,218.40151376281324,213.61648623718668,0.0
104,217.19,218.23,217.07,218.14,23.016512062211383,218.29681014143276,214.26518985856725,3.9799999999999898
105,218.39,218.52,217.74,218.05,22.96873304444372,218.18798852897177,214.83401147102828,0.0
106,218.12,218.76,217.8,218.22,22.951191492225696,218.3564502460939,214.98754975390614,0.0
107,218.29,218.4038,217.23,217.63,22.88378268904327,218.32851032996723,215.2854896700327,0.0
108,218.25,218.94,217.95,218.68,22.813797348465524,218.633070710096,215.23792928990397,0.0
109,218.26,218.71,217.99,218.41,22.70002290015437,218.80103195134294,215.32696804865705,1.710000000000008
110,218.89,219.5,218.88,219.09,22.619284609544867,219.12563394646523,215.2703660535348,0.0
111,218.56,218.68,217.96,217.96,22.58123275677911,219.1808026351863,215.39319736481366,0.0
112,217.98,218.53,217.02,218.38,22.68343924850795,219.30304980537767,215.3959501946223,0.0
113,218.31,218.9,218.21,218.9,22.771686738683567,219.4780639280664,215.48893607193358,0.0
114,218.34,218.75,217.74,218.56,22.835080223971413,219.59661118841768,215.5013888115824,2.4799999999999898
115,218.25,218.8,217.83,218.51,22.943628797140953,219.68611779308074,215.59888220691928,0.0
116,219.23,219.6,218.9,218.93,23.073640263201934,219.82698371026237,215.67601628973762,0.0
117,218.8,218.91,217.36,217.88,23.296385736948537,219.81169856099766,215.82830143900233,0.0
118,217.4,218.19,217.22,217.66,23.445431749340443,219.79831284020412,215.92768715979582,0.0
119,217.9,219.12,216.25,217.28,23.840287232227933,219.79558110448082,215.94341889551922,3.3499999999999943
120,217.43,218.665,217.4,218.34,24.152793535739825,219.82404939034208,216.05595060965786,0.0
121,218.25,218.59,217.35,217.98,24.363524947456696,219.56411677724705,216.56188322275298,0.0
122,217.64,217.75,216.465,217.44,24.478923700019728,219.3932662445405,216.85373375545944,0.0
123,217.38,217.73,216.03,217.37,24.613817664017045,219.22821302444964,217.11278697555042,0.0
124,218.36,218.87,217.7,218.36,24.683804571873317,219.24244843368209,217.1205515663179,2.8400000000000034
125,214.1,214.88,213.03,213.41,26.570199834629683,221.1586232882323,212.29437671176768,0.0
126,214.43,214.59,213.38,213.42,26.725769549151117,221.0549046179064,211.88909538209356,0.0
127,214.22,216.03,213.44,215.82,26.95097644617622,220.75707973929516,211.87592026070482,0.0
128,216.99,217.53,216.71,217.18,26.959786726785087,220.6810371766138,211.88196282338617,0.0
129,216.73,216.88,215.88,215.99,26.952354164279054,220.55051699715378,211.84548300284624,4.5
130,215.02,215.23,214.01,214.24,26.905514357335168,220.45142440753582,211.64057559246416,0.0
131,214.03,215.68,213.62,215.57,26.915765961829226,220.18146955878953,211.6335304412104,0.0
132,215.81,216.82,214.71,216.64,27.00985142420878,220.0186107541173,211.66238924588274,0.0
133,216.39,216.87,214.04,214.68,27.08662319427445,219.84029435270165,211.56470564729838,0.0
134,215.67,217.12,215.36,216.3,27.14264235531703,219.72319556153977,211.57480443846018,3.5
135,215.81,216.04,215.04,215.78,26.845638107420434,219.39109123741707,211.6489087625829,0.0
136,215.86,216.17,213.99,214.68,26.674316311912747,218.79893439038628,211.8000656096137,0.0
137,215.37,216.13,215.33,215.63,26.467323841603772,218.1719295461505,212.08907045384947,0.0
138,215.39,216.04,214.735,215.78,26.280941028406684,217.6124398729793,212.3755601270207,0.0
139,216.06,216.3,214.19,215.04,26.138268695379065,217.5771141238148,212.58288587618523,2.3100000000000023
140,216.14,216.7,215.985,216.16,25.96328502981441,217.5405916512176,212.59540834878237,0.0
141,215.64,215.74,212.58,213.43,25.995540786902612,217.52181779310118,212.63318220689885,0.0
142,213.61,214.32,213.01,213.71,26.026011685332435,217.46832146239296,212.7426785376071,0.0
143,212.15,213.59,211.21,213.01,26.171249349243276,217.53103918835194,212.4529608116481,0.0
144,214.14,214.69,213.03,213.12,25.95572522585118,217.55437025733184,212.40462974266816,5.489999999999981
145,213.07,213.39,212.17,212.38,25.458490115569823,217.67077308768214,212.18522691231792,0.0
146,214.24,214.31,213.27,213.71,24.996754265005887,217.65460056481524,212.2303994351848,0.0
147,214.0,214.64,213.6,214.28,24.606914285155934,217.56009087803452,212.17090912196542,0.0
148,213.85,214.53,213.11,213.88,24.247132304346277,217.19507073619528,212.20592926380473,0.0
149,212.95,214.08,212.76,213.98,24.055434389100952,217.03712513986366,212.16287486013633,2.469999999999999
150,214.98,215.32,214.48,214.89,23.86480939646706,217.06674580344014,212.19825419655984,0.0
151,214.7,214.98,213.98,214.17,23.74646589299767,216.9635250004152,212.1614749995848,0.0
152,213.22,214.42,212.93,213.74,23.623449442981904,216.6333935467467,212.20160645325333,0.0
153,214.57,214.62,213.08,213.17,23.652358580762503,216.62219943725796,212.06180056274206,0.0
154,213.13,213.93,211.71,212.54,23.844206958080086,216.37368608496266,211.93431391503734,3.609999999999985
155,212.95,213.19,212.36,212.55,23.96214810095468,216.18389825585786,211.8011017441421,0.0
156,212.9,212.99,209.6,211.01,24.230834731303876,216.34546168800645,211.2725383119936,0.0
157,210.67,211.1,209.23,209.74,24.409258590476878,216.49039951018588,210.53860048981412,0.0
158,210.01,210.24,208.46,208.78,24.451629812798547,216.62552798844942,209.7034720115506,0.0
159,208.91,209.89,208.38,208.55,24.47459622588806,216.74866783067,208.93133216933,4.810000000000002
160,211.47,213.19,211.3,213.15,24.587448614115786,216.27865603625978,209.10034396374024,0.0
161,212.72,214.77,212.38,214.11,24.6960731362127,216.3548272910501,209.0921727089499,0.0
162,212.47,217.1,212.34,216.44,25.11478285719734,216.83631408268997,208.88368591731,0.0
163,217.35,218.31,215.22,216.92,25.511484077626328,217.42764375937247,208.68335624062752,0.0
164,216.13,216.7,215.32,216.42,25.677291761860058,217.84470394286961,208.59629605713036,7.009999999999991
165,216.99,217.27,215.72,216.59,25.839652846779465,218.2722999559153,208.58970004408468,0.0
166,217.0,218.28,216.8,218.28,25.75599753932991,218.96534771737635,208.35365228262373,0.0
167,217.52,218.14,217.42,217.87,25.63118789194175,219.46639502228425,208.21160497771575,0.0
168,218.04,219.06,217.92,218.99,25.413659171666623,220.17547109627,208.01352890372996,0.0
169,219.04,219.27,218.29,218.5,25.193748934460864,220.71161710851268,207.92938289148728,3.5500000000000114
170,226.42,226.96,225.76,226.25,24.330288021580202,226.42308403250772,215.51791596749226,0.0
171,227.01,228.34,227.0,227.76,24.264434913156748,227.36700218171103,215.69099781828896,0.0
172,227.41,228.23,225.365,225.88,24.313935552536005,227.84511568903966,215.97288431096038,0.0
173,226.13,227.81,225.8904,226.81,24.132360172949188,228.35754506422077,216.35445493577922,0.0
174,225.99,226.08,224.67,225.04,23.919797902648973,228.5546513763309,216.762348623669,3.670000000000016
175,226.9,227.0701,226.4163,226.46,24.94381207229601,227.9158299325998,223.83217006740026,0.0
176,226.47,227.45,226.01,226.46,24.995570172190842,227.9101711358079,223.83282886419215,0.0
177,226.38,227.1,225.59,227.1,25.09256220408361,228.0202153636015,223.8077846363986,0.0
178,226.5,226.75,224.955,226.53,25.235840275801152,227.79741374452968,223.90758625547036,0.0
179,226.75,227.4,226.69,227.05,25.00693755552735,227.92842827433378,223.89357172566622,2.494999999999976
180,228.18,228.2,226.41,227.55,24.4351076948491,229.5979010705057,224.1400989294943,0.0
181,227.01,227.6,226.32,227.53,24.61417653285998,229.31027689169338,224.82772310830666,0.0
182,228.28,228.59,226.94,227.62,24.889503142245943,229.26726707734304,225.10873292265688,0.0
183,227.24,228.1,226.82,227.77,25.148423925176427,229.32160982807633,225.17339017192367,0.0
184,228.85,229.55,228.46,229.34,25.150672208454324,229.62643543577076,225.16256456422929,3.230000000000018
185,228.89,229.326,228.54,228.93,25.11321351082253,229.81279478139956,225.1482052186004,0.0
186,229.36,229.6556,228.72,228.94,24.934685312916397,229.97179003403437,225.23720996596563,0.0
187,228.59,229.39,228.31,229.24,24.71599230716141,230.15390966161715,225.33309033838282,0.0
188,229.57,230.95,229.52,230.6,24.62497938246109,230.6225264324418,225.21447356755831,0.0
189,231.0,231.77,230.6216,231.51,24.585715722609393,231.22697277879462,225.1080272212053,3.460000000000008
190,236.61,237.31,236.35,237.11,24.784725860285718,239.38623466550254,224.94276533449747,0.0
191,236.71,236.95,236.015,236.47,24.700699786448695,239.73339555255484,225.48760444744516,0.0
192,238.4,240.32,238.37,239.78,24.683078949214945,240.60835421236376,225.83764578763626,0.0
193,239.57,239.57,238.21,238.27,24.720753176119672,240.97373560595884,226.53726439404124,0.0
194,238.19,238.61,237.73,238.42,24.77506364335386,241.21239045388603,227.363609546114,4.305000000000007
195,237.48,238.12,237.01,237.71,24.854206071527095,241.37888858832858,228.03411141167143,0.0
196,237.39,237.77,236.76,237.0,24.810672081287134,241.2677439477693,228.95225605223078,0.0
197,237.31,237.64,236.4,236.56,24.784904531301628,240.94395632034144,230.03804367965853,0.0
198,236.71,237.24,235.74,236.86,24.760056203294855,240.4863008822087,231.25769911779133,0.0
199,237.95,238.02,236.59,237.69,24.77323680707606,240.1770803704178,232.27591962958218,2.3799999999999955
200,237.59,237.86,237.24,237.81,24.72730665592424,239.86323876471727,233.21976123528282,0.0
201,237.22,237.24,236.19,236.9,24.73983814735379,239.5563604506945,233.93963954930547,0.0
202,237.56,239.44,237.29,238.95,24.91802630258981,239.59152774307032,234.4294722569297,0.0
203,239.12,239.2,238.1,238.48,25.038397135662617,239.65079054679063,234.72620945320944,0.0
204,237.75,237.97,237.03,237.03,25.049939040141027,239.4786617401754,235.1293382598246,3.25
205,235.79,236.03,233.91,235.33,26.255784736589113,239.29648891402974,232.88251108597024,0.0
206,235.0,235.58,234.555,235.48,26.244240193381724,239.20162451054057,232.82537548945936,0.0
207,236.26,237.39,234.54,234.78,26.25200928898344,239.14757780332536,232.70142219667463,0.0
208,234.96,236.04,234.425,235.44,26.232307398596063,239.05227789162876,232.65472210837123,0.0
209,235.18,236.0,234.64,235.2,26.233764549702556,238.81878554867728,232.6392144513227,3.4799999999999898
210,237.17,237.41,234.5628,237.17,26.25676445491621,237.04511144043477,232.82088855956522,0.0
211,237.93,238.95,237.81,238.55,26.29795094058839,237.74786196005707,232.61113803994297,0.0
212,238.53,239.53,238.35,238.4,25.93412882237395,238.27899986821552,232.3880001317845,0.0
213,238.74,238.95,237.98,238.6,25.615523412336156,238.77507848028995,232.19792151971012,0.0
214,238.93,238.93,237.93,238.08,25.314025356215957,239.04891717208804,232.103082827912,4.967199999999991
215,238.66,239.17,238.195,238.68,24.99394207834171,239.46370694134492,231.9822930586551,0.0
216,238.82,238.98,238.3,238.77,24.618065663925545,239.86871097934178,231.92128902065818,0.0
217,238.29,238.8775,237.7,238.48,24.24505337971542,240.17612193248104,231.913878067519,0.0
218,238.81,238.9225,237.78,238.76,24.030355944995975,240.50009853466943,231.98790146533057,0.0
219,239.16,239.72,238.68,239.7,23.8951550055682,240.96274884248464,231.9512511575153,2.0200000000000102
220,239.77,239.92,239.17,239.66,23.818378271024578,241.36183499787654,231.99816500212347,0.0
221,239.94,240.19,239.04,239.44,23.710560492294004,241.6775270775914,232.09247292240858,0.0
222,239.37,239.87,239.15,239.87,23.63393179034307,242.01420438115142,232.23679561884862,0.0
223,239.31,239.57,238.13,239.38,23.504227700796704,242.15229716173062,232.63370283826933,0.0
224,239.05,239.4273,238.67,238.98,23.369662277435776,241.92610443196958,233.50689556803053,2.0600000000000023
225,239.49,240.44,239.45,240.3,23.292768237633084,242.08907442547238,233.9169255745276,0.0
226,240.64,240.67,239.63,240.08,23.2478981143467,242.00160477645068,234.62539522354928,0.0
227,238.09,238.64,235.75,235.82,23.45457304060294,241.57116800443734,235.29383199556273,0.0
228,235.7,237.75,235.43,236.77,23.775181620788054,241.401965892788,235.60603410721197,0.0
229,237.36,239.08,237.27,238.31,24.009108478777353,240.93395327842686,236.44604672157314,5.239999999999981
230,238.87,239.71,238.82,239.52,24.102365021519873,240.96059691276602,236.65440308723393,0.0
231,239.98,240.24,239.51,240.05,24.113401255987014,241.10132733370924,236.66367266629075,0.0
232,240.33,240.73,239.93,240.61,24.043420347461126,241.3277453371721,236.65825466282794,0.0
233,241.22,242.08,240.96,241.76,23.933742204158992,241.7825886736611,236.51941132633885,0.0
234,241.59,241.9,241.45,241.71,23.800254907729542,242.14740674800657,236.5175932519934,3.2600000000000193
235,244.02,244.3,243.76,243.99,23.609131776987834,244.59151481207172,236.0804851879282,0.0
236,243.34,243.98,243.12,243.21,23.670008376553184,244.9428864372505,236.08411356274942,0.0
237,243.61,243.92,242.83,243.66,23.802166480794575,245.33684259465824,236.11215740534172,0.0
238,243.8,244.33,243.17,243.78,23.932826090949856,245.70795858048018,236.13204141951985,0.0
239,244.07,245.01,241.95,243.41,24.322589392427883,245.97532225944548,236.26767774055457,3.0600000000000023
240,243.09,243.42,242.38,243.36,24.591733273176757,246.18271991282745,236.49828008717247,0.0
241,243.98,244.61,243.5799,244.55,24.81446098317697,246.57272572116864,236.5332742788314,0.0
242,244.86,244.87,243.29,244.24,25.019526042983955,246.86772992494105,236.654270075059,0.0
243,242.69,243.91,242.36,243.77,25.258205800065753,246.49813993170105,237.81886006829896,0.0
244,242.83,242.83,241.6337,242.64,25.366458037800165,245.9741799469816,238.9298200530184,3.2363
245,243.61,244.73,243.48,244.66,25.48839180268961,245.83476533581012,239.70423466418993,0.0
246,244.23,244.26,242.99,243.01,25.584997252754018,245.6004669849401,240.28753301505992,0.0
247,243.46,243.59,242.41,242.95,25.643141514438934,245.37046674888927,240.80753325111078,0.0
248,242.96,243.53,242.64,242.84,25.378864573165902,245.16824490215862,241.23275509784133,0.0
249,242.88,243.51,242.47,243.13,25.037293119948895,245.11736656195131,241.4206334380487,2.319999999999993
250,243.93,244.38,243.045,243.29,24.768567592847088,245.04464188448293,241.6513581155171,0.0
251,243.01,243.38,241.31,241.33,24.753348173454345,245.07635105260024,241.60264894739973,0.0
252,242.51,243.715,242.23,243.49,24.841420153798804,244.9311551826005,241.95284481739952,0.0
253,243.62,243.72,239.955,241.35,25.23776529268467,245.10076150773637,241.58223849226363,0.0
254,242.3,242.71,241.575,241.8,25.478063063162427,245.06463657194607,241.38136342805396,4.424999999999983
255,241.98,242.8,241.76,242.37,26.06451460183741,244.97780953456552,240.66419046543447,0.0
256,242.12,242.55,240.85,242.19,26.140508884685453,244.9212216002394,240.60377839976059,0.0
257,243.31,244.2,243.3,244.01,26.1635447958333,244.81203025374268,240.65896974625733,0.0
258,244.02,244.55,243.76,244.42,26.103430450145588,244.84984632729785,240.63915367270218,0.0
259,244.4,245.97,244.31,245.56,26.07718286117438,245.2518929496074,240.4161070503926,5.1200000000000045
260,245.44,245.91,245.33,245.53,25.688845658922652,245.6767510904918,240.28024890950826,0.0
261,245.06,245.72,244.67,245.66,25.41867289759974,245.89006582089942,240.16693417910054,0.0
262,246.01,247.0,246.01,246.99,25.223356621958057,246.59285835269836,239.86214164730168,0.0
263,247.25,247.42,246.47,247.1,25.006161267586023,247.2145822659699,239.6554177340301,0.0
264,246.43,246.91,246.18,246.88,24.75764075192098,247.70362461870343,239.57037538129663,2.75
265,246.81,246.98,246.28,246.82,24.534357611385385,248.11951557636866,239.52348442363137,0.0
266,247.7,247.8,247.16,247.42,24.31624746604248,248.60621661440257,239.44978338559747,0.0
267,247.78,247.79,247.13,247.43,24.10652654461209,248.96683937662834,239.6991606233717,0.0
268,247.96,248.0,245.68,247.2,24.177349165202976,249.30477544459666,239.73222455540332,0.0
269,246.7,247.06,246.13,246.91,24.252609383762614,249.45198358050922,240.1410164194908,2.319999999999993
270,247.38,247.48,246.53,246.77,24.31325889977017,249.5553366661564,240.53466333384358,0.0
271,247.45,247.5,246.716,247.32,24.29928690579169,249.71250980577844,240.88849019422156,0.0
272,247.47,247.6,246.37,247.44,24.212611156183407,249.87587153437565,241.19212846562428,0.0
273,247.31,247.34,246.64,246.96,24.077344827116093,249.54474589110418,242.16425410889582,0.0
274,247.52,247.79,246.97,247.41,23.68097071973667,249.41794923689753,242.8210507631024,1.4199999999999875
275,247.5,247.87,247.37,247.87,23.37990205888346,249.2662093754088,243.52279062459112,0.0
276,247.49,248.91,246.83,247.26,23.394444074639637,248.74852224081997,244.54747775918003,0.0
277,246.46,247.31,246.06,247.25,23.45935591763155,248.51672971373856,245.10327028626145,0.0
278,246.3,246.44,243.7,243.76,23.72059502396165,248.69121386914074,244.86278613085923,0.0
279,244.0,244.8,243.75,244.12,23.85066755339676,248.89972573516607,244.5102742648339,5.210000000000008
280,245.55,246.79,245.55,246.54,23.99203357414225,248.88180121151117,244.6291987884888,0.0
281,247.0,247.0,246.16,246.51,24.016402726991096,248.86526465597984,244.73073534402016,0.0
282,247.09,247.57,246.45,246.94,24.086679799389003,248.86190776532615,244.72909223467386,0.0
283,246.26,246.6,243.09,243.09,24.491674200427358,249.23544254663378,243.95455745336616,0.0
284,242.95,244.189,242.2,242.71,24.797176678807077,249.54075376944755,243.23224623055242,5.3700000000000045
285,242.64,243.2,241.83,242.9,25.084266354171927,249.6986467592134,242.68235324078657,0.0
286,243.6,245.62,243.55,245.44,25.373847336542774,249.5651377110081,242.6178622889919,0.0
287,244.34,245.05,244.16,244.56,25.540190872063945,249.42594010419816,242.47005989580174,0.0
288,245.0,245.18,243.75,243.99,25.684939374297166,249.31803969334507,242.25696030665492,0.0
289,244.89,245.61,244.39,244.56,25.81904873566533,249.1996637680888,242.14033623191116,3.789999999999992
290,245.17,245.2,244.09,244.57,25.93655891037559,249.08243934615464,242.03756065384542,0.0
291,243.13,245.15,242.93,244.85,26.17007365549643,248.87122836587378,242.00177163412616,0.0
292,244.86,246.32,244.62,246.01,26.413593542353393,248.68162796415297,242.04837203584705,0.0
293,246.75,247.77,246.0473,247.49,26.400033994342117,248.76968559210513,242.01331440789488,0.0
294,247.98,248.33,247.67,247.84,26.320568779164557,248.8502332815142,241.97576671848583,5.400000000000006
295,249.62,250.12,249.28,249.72,24.794814399473605,251.42458866239602,242.28041133760402,0.0
296,250.0,250.07,249.6,249.97,24.45145713502608,251.5803578175267,242.83164218247327,0.0
297,250.07,250.19,248.92,250.06,24.30711953610935,251.90561853137126,242.9683814686287,0.0
298,249.87,249.98,249.185,249.39,24.186495044525735,252.01248455295246,243.34451544704763,0.0
299,249.06,249.63,249.02,249.44,23.760999574131578,251.98334240400345,243.91865759599648,1.2700000000000102
300,249.16,249.5532,248.08,248.93,23.503874971726045,251.88967812249962,244.44932187750044,0.0
301,249.45,249.7,248.805,249.08,23.335336164008712,251.7225342538421,245.06746574615786,0.0
302,249.89,250.49,248.87,250.05,23.27126982391197,251.6077614194117,245.70223858058836,0.0
303,249.73,250.44,249.63,250.35,23.266864187801943,251.6383207562178,246.10567924378216,0.0
304,250.37,251.32,250.13,251.23,23.303990760883316,251.93541516657314,246.18258483342692,3.2399999999999807
305,251.5,252.32,251.2926,252.32,23.36248822830195,252.44344700368842,246.12255299631155,0.0
306,252.48,252.89,252.23,252.86,23.387128972224577,252.78661618537808,246.4593838146219,0.0
307,252.72,253.44,252.56,253.16,23.30473205196467,253.2023025933835,246.6696974066165,0.0
308,253.54,254.68,253.196,254.66,23.30938637158987,253.89608435435207,246.75491564564794,0.0
309,254.16,254.7008,253.85,254.37,23.26704044153552,254.2647397977237,247.1652602022763,3.4081999999999937
310,254.65,254.7,253.65,253.95,23.338328119155047,254.70573273870804,247.19826726129196,0.0
311,254.59,255.05,253.98,254.62,23.28362227257879,255.24643797037186,247.11456202962813,0.0
312,254.53,255.02,254.32,255.02,23.24963881355762,255.801676079649,247.044323920351,0.0
313,254.68,255.06,254.365,254.64,23.248025967163105,256.20676566851296,247.09423433148712,0.0
314,255.15,255.27,254.64,254.95,23.264369285128446,256.56750819205035,247.30949180794968,1.6200000000000045
315,255.2,255.51,254.82,255.29,23.249427600502294,256.9530036450872,247.48099635491278,0.0
316,255.24,255.52,254.98,255.47,23.25810083812501,257.31653641077673,247.6674635892232,0.0
317,255.92,255.95,255.5,255.72,23.272902741551643,257.6624770156913,247.8875229843087,0.0
318,254.83,255.83,254.35,255.79,23.479916031372806,257.88642435695107,248.30357564304887,0.0
319,256.73,257.14,255.7744,257.11,23.782518302214683,258.26596290352154,248.69103709647854,2.789999999999992
320,257.51,257.51,256.02,256.11,24.1353719073489,258.2510526923765,249.42394730762354,0.0
321,256.56,256.83,256.15,256.56,24.42463340326353,258.1720436894134,250.25095631058667,0.0
322,256.23,256.31,254.0,255.29,24.80206968523987,257.93700157468663,251.00999842531334,0.0
323,256.01,256.3,255.48,255.62,25.051699723849136,257.63537776767845,251.8386222323216,0.0
324,256.47,257.89,255.6254,257.71,25.45353405027325,257.74988472281603,252.372115277184,3.8899999999999864
325,257.09,257.6,256.41,256.75,25.634013821623892,257.7406282995002,252.82437170049985,0.0
326,257.21,257.44,256.805,257.15,25.690199976904886,257.80944778034086,253.1845522196591,0.0
327,258.1,258.43,257.07,257.49,25.647110963253898,257.9126986578759,253.51430134212407,0.0
328,257.43,257.75,256.19,257.59,25.699358397828675,258.15211003684675,253.56788996315322,0.0
329,257.82,258.5,257.3,258.45,25.701793481747682,258.5182585974421,253.60974140255783,2.3100000000000023
330,258.31,259.0,258.22,258.85,25.643373382181643,258.85141410349394,253.76658589650614,0.0
331,259.0,259.35,258.09,258.67,25.66931992834722,259.13145801492317,253.89154198507683,0.0
332,258.46,259.22,258.15,259.11,25.688744458879533,259.4802865263862,253.95171347361386,0.0
333,257.74,258.39,256.36,258.17,25.73274466743828,259.5472821795794,254.23771782042056,0.0
334,257.71,258.2926,257.37,258.09,25.746474952812946,259.58949979278106,254.50950020721888,2.990000000000009
335,257.32,258.59,257.27,258.33,25.76047474380994,259.66071917431685,254.74228082568314,0.0
336,257.44,257.85,256.52,257.73,25.77217043694945,259.64293724415313,254.986062755847,0.0
337,256.62,257.22,255.63,256.44,25.872865091647352,259.595920837349,255.10507916265098,0.0
338,257.52,259.04,257.4748,258.62,26.024587401632466,259.6792895988946,255.3047104011054,0.0
339,258.2,258.5882,257.77,257.86,26.124099236341777,259.71492998297475,255.34407001702522,3.410000000000025
340,265.6,266.38,265.4793,266.31,26.35104633071945,267.4902446695058,255.42275533049423,0.0
341,266.6,267.32,266.345,266.78,26.25331584472854,268.168897999336,255.589102000664,0.0
342,267.05,267.56,266.65,266.75,26.104196762431442,268.6606738645181,255.999326135482,0.0
343,267.09,267.22,265.6,265.66,26.023685890742858,268.6402317084289,256.94176829157107,0.0
344,265.54,267.04,265.39,266.51,25.869206170867134,268.91327710165626,257.4577228983437,2.170000000000016
345,273.32,274.1,272.98,273.92,24.99931164526279,272.89418078802646,263.34981921197357,0.0
346,274.43,275.25,274.081,274.54,24.535520565286475,273.972647203609,263.1743527963911,0.0
347,273.71,274.42,272.92,274.12,24.16460534568561,274.78694336857274,263.14105663142726,0.0
348,274.75,276.12,274.56,276.12,23.928388820371158,275.97048943765355,262.8915105623464,0.0
349,276.43,278.11,276.0819,277.92,23.92883244424427,277.41307971529847,262.5659202847016,5.189999999999998
350,285.99,286.43,284.5,284.68,26.165773683132247,288.63053636147794,266.12946363852205,0.0
351,283.2,284.736,281.22,281.76,26.39592377681344,288.3708484532126,267.8791515467875,0.0
352,282.75,283.3,280.68,281.9,26.662899387391022,288.148378433012,269.414621566988,0.0
353,281.1,283.06,280.68,281.58,26.953410412124427,287.9128095520808,270.7611904479192,0.0
354,280.0,280.23,275.41,275.45,27.397468211037847,287.5290181578663,271.5289818421337,11.019999999999982
355,273.47,275.85,263.31,263.93,28.344037268356388,289.3706324352167,268.73836756478335,0.0
356,259.73,269.7,258.7,269.13,29.145108036937877,289.8316639328975,267.79833606710247,0.0
357,268.46,272.36,267.58,267.67,29.621778767629053,290.4369613037027,266.5060386962973,0.0
358,268.0,268.17,257.59,257.63,30.05564648037726,292.7390321954785,262.5549678045216,0.0
359,260.94,263.61,252.92,261.5,30.433546360252723,293.64675629837694,260.18524370162316,22.930000000000035
360,275.9,278.01,275.26,277.9,28.804463291499587,286.37213347225725,257.3038665277428,0.0
361,278.11,278.92,274.36,274.43,28.557034212156296,284.6232504627037,258.02774953729624,0.0
362,275.65,276.19,271.29,271.65,28.452970032322554,283.183436756055,258.45656324394497,0.0
363,271.5,273.17,266.0,267.7,28.38485821057519,281.37658029656166,258.84341970343837,0.0
364,265.75,269.72,264.82,269.08,28.34998115453955,279.3752684759436,259.59473152405644,14.100000000000023
365,267.75,272.89,267.61,272.19,28.284455840774736,278.900892585149,259.743107414851,0.0
366,273.28,273.39,271.18,272.88,28.158600864000906,279.1213103510513,260.4176896489487,0.0
367,270.39,273.18,270.2,272.78,27.90008218141349,279.39329473725473,260.51070526274526,0.0
368,273.52,274.24,272.42,274.1,27.593568510515233,279.8248774702327,260.7221225297672,0.0
369,275.69,278.87,275.34,278.87,27.345788766185738,279.604932552283,263.06606744771693,11.259999999999991
370,279.2,279.91,278.0801,278.52,26.912045183008978,279.6588019070019,264.71419809299806,0.0
371,279.84,280.41,276.03,276.72,26.09642005952881,279.7505432826555,265.7604567173446,0.0
372,277.81,278.02,274.67,275.3,25.25661981941533,279.5272832321039,266.9137167678961,0.0
373,275.85,276.61,274.43,275.0,24.648739920634235,279.60322037353365,267.3787796264663,0.0
374,274.45,275.39,274.14,274.2,23.94607165811788,279.665537502889,267.43346249711095,6.270000000000039
375,262.56,263.13,254.67,257.47,24.63504535753655,283.310335761405,255.72066423859508,0.0
376,258.92,261.31,256.84,260.77,24.939132401049974,283.210566436789,254.678433563211,0.0
377,256.76,264.355,256.6,263.56,25.23433192540777,282.8120062372249,254.14499376277516,0.0
378,265.55,266.64,264.32,265.64,25.331063268641167,282.3592545169224,253.8837454830775,0.0
379,263.42,265.11,258.0,259.72,25.366430112753473,281.8202768561462,252.98472314385384,11.969999999999999
380,267.28,267.89,265.35,266.57,24.722134231404297,271.53525179899395,257.14674820100606,0.0
381,267.76,267.9762,261.28,262.98,24.80019889087237,271.4438666412786,257.02513335872135,0.0
382,262.94,264.13,260.85,263.63,24.938795722150424,271.3984382725465,257.37356172745353,0.0
383,264.86,267.2452,264.29,266.31,25.02261067582413,271.42875615054476,257.9912438494552,0.0
384,267.0,267.34,265.5,266.56,24.896849359235684,271.6056373689713,258.15536263102865,7.126199999999983
385,267.26,267.89,264.43,264.51,24.65004609517314,270.99214500002114,259.4728549999788,0.0
386,263.87,265.1,262.11,264.98,24.377760902558652,270.8103049200894,260.0756950799107,0.0
387,264.77,265.68,262.76,263.2,24.031945022502214,270.8212306532532,260.0287693467468,0.0
388,262.28,263.36,259.05,262.62,23.871720623191997,270.81204981825067,259.73595018174933,0.0
389,261.52,266.7892,261.15,266.02,23.843960297995483,270.4752337234265,260.70276627657347,8.839999999999975
390,266.91,268.02,266.11,266.92,23.625328740803752,270.2947475760138,261.4752524239862,0.0
391,266.48,267.325,265.15,266.92,23.44024611497513,270.3921746048001,261.55482539519977,0.0
392,267.67,269.865,267.09,269.5,23.20666741360404,270.8173108654084,261.70368913459157,0.0
393,270.34,272.39,270.22,272.02,23.087663978127658,271.79325723201856,261.33674276798143,0.0
394,272.25,273.15,271.58,272.85,22.863496507253664,272.8326095176191,261.06739048238086,8.0
395,273.34,274.08,272.36,272.98,22.651579582269516,273.70502614801836,260.75997385198167,0.0
396,271.52,271.61,270.03,271.1,22.49952047072914,273.8500928333724,260.7059071666275,0.0
397,271.11,272.76,271.11,272.24,22.420322440147924,274.1749829650012,260.5660170349989,0.0
398,271.93,273.23,271.13,272.01,22.434008344616373,274.6148010361359,260.4381989638641,0.0
399,271.61,272.03,270.93,271.33,22.39007989587575,275.03424452390817,260.4907554760918,4.050000000000011
400,272.99,273.98,271.3512,273.37,22.46569149511501,275.76487251975607,260.440127480244,0.0
401,273.94,274.25,272.24,272.61,22.58152044542948,276.09991266299875,261.06808733700126,0.0
402,271.19,273.39,270.99,273.36,22.78229380689597,276.4953075643984,261.6456924356016,0.0
403,272.95,273.22,270.78,272.8,23.009296324263836,276.87887318803985,261.9111268119601,0.0
404,272.15,272.86,271.58,272.15,23.10111543156444,277.1300538464837,262.21894615351636,3.4700000000000273
405,274.51,275.185,274.26,274.9,23.250690876130612,275.88370334097516,267.43929665902493,0.0
406,275.02,275.53,274.18,275.1,23.15822857136543,275.92779916418374,268.2132008358162,0.0
407,275.9,277.52,275.09,277.4,23.13809753320474,276.3518365426378,268.8371634573623,0.0
408,277.98,278.28,276.34,277.37,23.131851992161653,277.0192234005528,268.9567765994472,0.0
409,276.78,278.25,276.66,278.19,23.038088382723675,277.9170822143859,268.67591778561405,4.099999999999966
410,278.42,279.37,278.31,278.56,22.785962993297616,278.7585934744673,268.40540652553267,0.0
411,279.05,279.33,278.19,278.92,22.62148574454161,279.56654835721736,268.1914516427827,0.0
412,279.21,279.48,277.8,278.03,22.55303357093014,280.0430902951307,268.4079097048693,0.0
413,279.01,279.33,278.0599,278.73,22.48406690225902,280.6198218130352,268.48017818696485,0.0
414,276.65,277.51,275.35,277.13,22.530840847743296,280.85661249617243,268.75538750382765,4.1299999999999955
415,275.47,276.7,274.95,276.56,22.64739075738917,280.9348651398306,269.2001348601694,0.0
416,273.98,275.75,273.53,275.5,22.844459276004397,280.98871961580386,269.3592803841961,0.0
417,276.27,276.72,275.59,275.97,22.997408595045222,281.0377439327322,269.64625606726776,0.0
418,275.98,275.98,273.68,274.24,23.22407481790985,281.03064310557903,269.741356894421,0.0
419,275.67,275.785,274.49,274.74,23.37029164599821,281.0058943594052,269.9601056405948,3.1900000000000546
420,273.45,273.6162,269.1,271.0,23.810009314908772,281.1159073482801,269.7350926517198,0.0
421,271.61,272.56,270.79,271.6,24.073626395268242,280.7268901631534,270.3821098368466,0.0
422,272.27,273.865,269.18,269.35,24.48069396031018,281.1291697085226,269.6538302914775,0.0
423,269.26,271.75,268.49,270.89,24.811646679355825,281.134874126151,269.64312587384904,0.0
424,272.08,273.66,271.1495,271.28,25.02615762457245,281.25957832153625,269.2864216784638,5.375
425,276.56,277.96,276.5,277.9,25.38196648749235,280.8341938030171,268.334806196983,0.0
426,278.4,279.01,278.08,278.9,25.37851266545595,280.89839739808394,268.30460260191603,0.0
427,277.17,278.04,276.52,276.86,25.377241895201557,280.56100000541704,268.435999994583,0.0
428,278.29,279.43,277.6,279.37,25.31399810170309,280.8189419154067,268.3120580845934,0.0
429,279.19,279.93,278.66,279.59,25.20801323026271,280.9929689017792,268.2240310982208,3.430000000000007
430,279.66,279.803,278.84,279.34,25.07809622394687,281.3586223735275,268.07937762647236,0.0
431,278.48,280.91,278.41,280.47,25.1035324492695,281.9977953229036,267.83120467709637,0.0
432,280.57,281.18,280.06,281.06,25.1152778396049,282.7902943475233,267.5947056524767,0.0
433,280.31,280.74,279.46,280.0,25.081996445652905,283.2866518790643,267.5013481209357,0.0
434,279.8,280.48,279.5,279.68,25.02834397812035,283.76349382930766,267.56850617069233,2.769999999999982
435,279.46,280.43,279.06,280.2,24.91411185098459,284.2698403569218,267.60815964307824,0.0
436,281.79,282.56,280.63,281.61,24.856527986025,284.8273100254155,268.1116899745846,0.0
437,281.37,284.37,281.28,284.01,24.903923752329806,285.76238084228106,268.417619157719,0.0
438,283.15,284.11,283.09,283.34,24.92514420378683,286.08175758098173,269.4972424190182,0.0
439,283.73,283.82,280.38,281.42,25.039598874233473,286.08436608166863,270.5476339183313,5.310000000000002
440,281.51,281.69,279.36,279.95,25.197579846576637,285.79905235606657,271.69994764393346,0.0
441,280.7,282.02,280.38,281.33,25.035639684188595,285.56030176684675,272.8856982331533,0.0
442,281.48,282.13,280.1315,280.86,24.95153273611939,284.73075847719883,274.7112415228012,0.0
443,279.44,282.58,279.16,282.39,24.80769420191186,284.24575699448815,276.12424300551186,0.0
444,282.55,283.6577,282.33,283.6,24.586949369464794,284.2628641580723,276.92513584192756,4.497699999999952
445,283.64,284.99,283.2015,284.64,24.414373757542766,284.7911548918837,277.07084510811626,0.0
446,285.4,286.01,285.24,285.58,24.174156224639233,285.5209160062776,277.00908399372236,0.0
447,285.39,285.91,284.94,285.46,23.92563104238175,285.8125337533993,277.5774662466007,0.0
448,285.54,285.97,284.915,285.07,23.704411047420788,286.20753878874945,277.7524612112505,0.0
449,283.42,284.055,282.36,283.16,23.508302538417148,286.2607575299412,278.0562424700588,3.6499999999999773
450,283.49,284.16,281.77,282.1,23.507244332400536,286.1793653283044,278.41363467169566,0.0
451,282.94,284.17,282.05,283.9,23.644152119566655,286.31400736237356,278.6219926376265,0.0
452,282.35,282.54,280.16,281.78,23.852062050652016,286.307762126585,278.70023787341506,0.0
453,283.38,285.04,283.36,284.06,24.014974223024716,286.37916614689175,279.03483385310824,0.0
454,283.76,285.5601,283.37,285.06,24.22980478803714,286.4997384453772,279.4522615546228,5.400099999999952
455,285.58,285.97,285.06,285.67,24.385942685303945,286.7146618022307,279.78433819776933,0.0
456,286.26,287.31,285.7135,286.34,24.437686615863193,287.12148244823527,279.8505175517647,0.0
457,285.89,286.76,285.575,286.17,24.491991969723106,287.41844987442016,279.7695501255798,0.0
458,285.94,286.94,285.43,285.79,24.564930906007405,287.6617371017875,279.7712628982125,0.0
459,286.46,287.67,286.38,287.51,24.65520496367858,288.15546566265033,279.8865343373496,2.6100000000000136
460,288.86,289.9,288.68,289.78,24.71227878395877,288.9362915388036,280.0887084611964,0.0
461,290.3,290.4175,289.4,289.92,24.66915477551313,289.71870928347,280.16529071653,0.0
462,290.16,291.74,289.8854,291.48,24.539941892824107,290.6807678822724,280.26523211772763,0.0
463,290.94,291.36,289.63,290.3,24.54085733268551,291.2875823654976,280.44941763450237,0.0
464,289.84,290.81,289.29,290.31,24.3848445366295,291.8575090174476,280.5504909825524,3.0600000000000023
465,290.82,290.86,289.03,289.34,24.740496229356623,292.30471159636227,285.21428840363774,0.0
466,289.55,291.58,289.55,290.91,24.785140324808246,292.3746526406356,285.6683473593644,0.0
467,290.98,291.69,290.825,291.22,24.702374313229686,292.50536663140554,286.0256333685944,0.0
468,292.64,293.94,291.2363,293.58,24.697003457503563,293.07408024765175,286.1979197523482,0.0
469,293.17,293.22,291.81,291.99,24.67910440671718,293.02306216686725,286.8689378331328,4.910000000000025
470,291.41,291.5,290.37,291.02,24.582033956117808,293.0080515758111,287.23494842418893,0.0
471,291.53,291.65,290.4833,290.75,24.55227987678404,293.064975683895,287.2750243161049,0.0
472,290.89,292.24,289.41,289.88,24.67027322236698,293.0637580590684,287.2722419409316,0.0
473,290.41,291.91,290.1,290.69,24.815984838928447,292.96994718498877,287.2870528150112,0.0
474,290.01,291.28,289.95,290.72,24.899606427078798,293.0024687215483,287.29653127845165,2.829999999999984
475,292.12,292.93,290.98,291.73,25.020559609801833,293.1596618926824,287.28133810731765,0.0
476,291.57,292.355,291.14,291.56,25.09908102437161,293.29943760543074,287.31656239456925,0.0
477,292.74,293.21,291.32,291.72,25.233968718069093,293.4338902769933,287.4511097230067,0.0
478,291.22,291.24,287.66,289.44,25.466352220034327,293.34303810495624,287.6699618950438,0.0
479,289.65,290.27,286.22,287.82,25.782596118452084,293.3079112128248,287.72708878717526,6.989999999999952
480,287.06,288.22,285.5,287.82,26.04181636050715,293.34728010102293,287.659719898977,0.0
481,287.43,288.86,286.77,287.4,26.208558975270176,293.5260580128195,287.3159419871805,0.0
482,286.91,286.91,277.88,278.3,26.73595564311289,296.12363254590144,283.63636745409855,0.0
483,277.15,278.9,270.36,272.17,27.262534327689714,299.0047366921313,278.8892633078687,0.0
484,276.86,277.09,272.37,275.95,27.606753231599114,299.75851016382984,276.6424898361701,18.5
485,275.54,277.04,274.3,274.4,27.832047788710184,300.53250088731386,274.3744991126862,0.0
486,276.56,280.82,276.07,280.4,27.935700956460455,300.26427992001874,273.59172007998126,0.0
487,280.44,281.15,277.56,280.45,28.006636622743137,299.86510208594706,272.91389791405294,0.0
488,279.41,280.07,274.97,276.4,28.166247666375355,299.2639819060206,271.79701809397943,0.0
489,277.16,279.3,275.47,276.25,28.304763652315785,298.72021488394927,270.7667851160507,6.849999999999966
490,277.0,277.36,274.41,275.01,28.336651139910693,298.2364377287309,269.6495622712691,0.0
491,270.87,274.87,268.61,273.61,28.410267778684513,297.71245677854296,268.45954322145707,0.0
492,273.33,273.76,264.7,265.32,28.714947307752745,298.11576264790585,265.60023735209415,0.0
493,267.31,271.81,266.23,270.08,28.843364045944565,297.3388930363206,264.3161069636794,0.0
494,265.92,271.0,262.29,265.33,29.079045657780508,296.7568513692314,262.3591486307686,15.069999999999993
495,268.81,270.25,259.85,263.86,29.437251259323208,295.7233340039654,260.60566599603453,0.0
496,263.73,268.12,263.12,267.77,29.697704175184292,293.9256596673335,260.02434033266655,0.0
497,270.71,273.23,270.12,270.63,29.67615475585432,291.5840526991091,260.2569473008909,0.0
498,271.64,273.73,270.38,273.51,29.583370594868764,289.45646649357155,260.7915335064285,0.0
499,274.75,275.23,269.59,271.89,29.55944225482661,287.4048019509251,261.25019804907487,15.379999999999995
500,272.48,274.01,271.35,273.39,29.433152747065083,285.0376760294363,262.1743239705637,0.0
501,273.36,275.3,273.25,275.12,29.29149943409752,282.453535649248,263.530464350752,0.0
502,277.55,281.1,277.08,281.01,29.13966018959037,282.97870217082215,263.27629782917785,0.0
503,280.11,281.22,279.22,280.5,28.764148432070296,283.9153865489264,263.1726134510736,0.0
504,279.0,279.24,276.18,277.76,28.27284913262243,284.12518654618987,263.14381345381014,9.870000000000005
505,277.24,277.46,271.99,272.57,27.935865667306032,284.0374960010318,263.0485039989682,0.0
506,273.06,275.325,271.25,272.06,27.706862333811536,283.1243333347898,263.12766666521026,0.0
507,274.18,274.61,268.45,270.2,27.184527728024012,282.06708806846945,263.15991193153064,0.0
508,268.76,273.54,267.0102,273.02,26.643402422800147,281.73247179151,263.1565282084899,0.0
509,271.74,274.75,271.21,273.73,26.21870850473745,281.456260349802,263.18073965019795,10.449799999999982
510,263.37,265.1613,258.62,264.07,24.35533237449158,279.993979802046,260.8030201979539,0.0
511,267.62,267.87,262.48,264.13,24.54278568409269,279.04337933921005,260.3906206607899,0.0
512,267.45,269.0,265.37,265.46,24.702983321495456,278.77164295992435,259.9513570400756,0.0
513,266.45,267.49,264.12,265.37,24.85738717805128,278.50860124162386,259.5453987583761,0.0
514,262.92,264.03,259.85,260.47,24.968796437773985,278.7399973560314,258.3410026439685,10.379999999999995
515,252.76,255.95,251.69,254.38,26.76941226918274,270.5587651049739,235.44723489502613,0.0
516,256.86,257.31,254.0,256.77,26.67151450700294,269.609914142325,235.716085857675,0.0
517,257.56,258.91,256.19,257.97,26.55828498509186,268.64731920001475,236.06868079998532,0.0
518,256.31,259.16,255.5,258.88,26.460140685897905,267.74261168907844,236.44838831092153,0.0
519,257.65,259.0098,257.03,258.98,26.06915585541919,266.49448207064734,237.04851792935267,7.470000000000027
520,263.38,263.83,261.79,263.76,23.243495905793004,270.5775112618922,245.3164887381078,0.0
521,263.93,264.55,262.48,263.41,22.938566214164467,270.61869786150044,246.84130213849957,0.0
522,265.09,268.52,264.25,267.58,22.673961962189814,271.3691452687045,247.8568547312955,0.0
523,267.5,270.47,267.27,269.93,22.483161039632556,272.33832814125407,248.86267185874598,0.0
524,270.13,271.2,269.18,270.06,22.14406481302155,271.53786686491986,252.24813313508005,9.409999999999968
525,270.14,272.03,269.36,271.96,21.83859367714522,272.4274257448991,253.31557425510087,0.0
526,272.47,273.44,271.88,273.1,21.603510788554953,273.52719649731495,254.08780350268506,0.0
527,272.8,273.34,271.92,272.74,21.45778453687597,274.51352483827145,254.69847516172854,0.0
528,270.93,271.55,268.29,270.14,21.42097338265833,274.8983302013372,255.53066979866273,0.0
529,268.72,270.58,267.83,270.47,21.43816490963906,275.2665829301373,256.32141706986266,5.610000000000014
530,280.69,281.31,279.43,279.52,22.30661356713972,282.30029657867294,263.394703421327,0.0
531,279.13,280.3,278.9,279.32,22.344707587655442,282.47087220661496,264.780127793385,0.0
532,278.53,279.59,277.48,279.2,22.3725738337426,282.1731237558056,266.65687624419445,0.0
533,278.97,279.45,278.32,278.68,22.305899102199223,282.24226599014673,267.6977340098532,0.0
534,280.44,280.88,278.82,280.42,22.343887494365653,282.7493596417102,268.2396403582897,3.829999999999984
535,281.65,281.87,276.84,279.4,22.646017318120016,282.9406276034419,268.9823723965581,0.0
536,279.55,279.76,278.41,279.02,22.85867621410928,283.15423368209355,269.4747663179065,0.0
537,279.16,279.16,276.97,277.33,23.074717495813694,283.2069687289908,269.84503127100913,0.0
538,276.84,276.99,274.07,275.01,23.231008146908565,283.12388927042355,270.15511072957645,0.0
539,272.92,274.65,272.42,274.46,23.341836111869426,282.6828094811697,271.0281905188303,9.449999999999989
540,275.24,278.62,275.23,278.44,23.560084048470937,282.2772780238723,272.2307219761277,0.0
541,279.09,280.07,278.85,279.49,23.654770498794115,281.7214853248477,273.67351467515226,0.0
542,280.49,283.3052,280.3,281.34,23.85227809792071,282.0229938069519,274.09600619304814,0.0
543,281.33,281.84,280.6662,281.16,23.993117530769112,282.2857576830386,274.4502423169615,0.0
544,280.56,282.21,280.33,281.31,24.037334686117042,282.36377952512265,275.0652204748773,8.075199999999995
545,284.7,286.16,284.4,285.83,25.995275574052336,285.9236504324007,274.7413495675993,0.0
546,286.04,286.23,285.09,285.97,25.952515260508513,286.7693902555222,274.59060974447783,0.0
547,287.33,287.76,285.75,286.42,25.879197902995475,287.52078291524265,274.74821708475736,0.0
548,286.8,287.459,286.01,287.18,25.83068216833936,287.9898521757039,275.4961478242962,0.0
549,287.95,288.63,287.6,288.57,25.6898371121611,288.41280178556576,276.4841982144343,4.230000000000018
550,289.17,290.435,289.07,290.27,23.889850309020762,294.0589847952167,278.90101520478333,0.0
551,290.68,293.14,290.42,292.88,24.05471524524433,294.4104051747254,279.93359482527467,0.0
552,292.76,293.16,292.07,292.23,24.043660829931444,294.71107433740923,280.7439256625908,0.0
553,292.12,292.78,290.73,292.05,23.99239786188755,294.4589039217301,282.23609607826984,0.0
554,292.12,293.49,291.2401,293.41,23.844120678183398,294.34596264821016,283.61903735178976,4.420000000000016
555,293.53,294.45,293.41,293.87,23.545216567661157,294.40262166388106,284.701378336119,0.0
556,293.52,294.34,291.92,294.02,23.417957965591803,294.871563886368,285.051436113632,0.0
557,294.76,294.95,291.8,291.81,23.456884388191785,294.8486016253355,285.65839837466444,0.0
558,291.68,292.7,289.52,291.18,23.523340998119977,294.7298178142429,286.25318218575705,0.0
559,292.8,294.34,291.2998,294.03,23.682476721691263,295.0526223742629,286.615377625737,5.430000000000007
560,289.24,293.31,288.9,292.82,24.00936808661207,295.21278207345335,286.8802179265467,0.0
561,290.15,290.81,285.81,287.93,24.446732228870363,295.28402763592226,286.7229723640777,0.0
562,287.56,289.43,286.87,287.53,24.821083538153548,295.2560164864766,286.7729835135235,0.0
563,285.2,287.33,283.3,286.66,25.18123765879656,295.4487180462772,286.4172819537228,0.0
564,285.64,288.94,282.3,288.1,25.68622940407764,295.45742796501344,286.3975720349866,11.009999999999991
565,282.39,283.49,279.93,280.86,26.129215115970894,296.85183609925673,284.0731639007432,0.0
566,282.01,285.1,281.85,283.4,26.474594568796313,297.26274507298325,283.0052549270168,0.0
567,281.6,285.77,281.36,285.06,26.81454253958365,297.35998755089435,282.3980124491057,0.0
568,285.83,289.21,285.76,287.7,27.121001187830643,297.3342965635959,282.24870343640407,0.0
569,285.13,288.6,285.1207,285.84,27.385276604861673,297.32756939928856,281.8374306007115,9.279999999999973
570,284.06,285.962,283.12,283.95,27.500262147731465,297.3994641776898,281.1335358223102,0.0
571,285.83,286.93,285.55,286.51,27.527578938075944,296.98346507348305,280.9125349265169,0.0
572,285.43,286.69,285.1,285.63,27.481389987386176,296.62800584793854,280.60799415206145,0.0
573,283.16,283.21,280.57,282.14,27.351721858823037,296.4580468989781,279.7869531010219,0.0
574,283.75,284.2,282.09,282.78,27.216447200957433,295.8623351560048,279.3196648439952,6.360000000000014
575,275.3,276.5521,273.09,274.57,26.815325122828096,292.9747856225277,274.44521437747227,0.0
576,277.11,280.68,276.62,280.53,26.88769537414233,291.3962963473283,274.7947036526717,0.0
577,282.34,282.99,280.32,282.96,26.86221075450498,290.8298924977979,274.86410750220205,0.0
578,283.29,285.55,282.57,284.8,26.73210465279063,290.4457548353782,274.97524516462187,0.0
579,285.95,288.85,285.74,287.65,26.55405596269471,290.61343907234135,274.90656092765863,15.760000000000048
580,289.35,290.82,288.8734,288.97,26.306598151702325,290.78998931500985,274.8170106849901,0.0
581,290.95,291.4,288.1805,288.9,26.004399362157738,291.5800491001843,274.83095089981566,0.0
582,288.64,289.26,287.815,288.39,25.561421186568356,292.1453249288067,274.76467507119327,0.0
583,289.37,289.98,288.62,289.58,25.194029003349833,292.7728862613481,274.58911373865175,0.0
584,289.27,289.93,288.41,289.26,24.802769868312172,293.0212332193885,274.49676678061144,3.5849999999999795
585,289.53,290.22,289.18,289.37,24.24549427851937,293.49448359493505,274.3765164050648,0.0
586,291.38,293.57,290.99,292.4,23.873432749079043,294.63935481548623,274.0766451845138,0.0
587,292.53,293.65,291.47,293.06,23.618884224986232,295.65006776693014,273.72093223306973,0.0
588,296.02,296.3093,293.1255,295.86,23.463873611919013,297.2477524988811,273.1462475011189,0.0
589,294.14,295.52,293.76,294.0,23.324714533673784,298.3632598461063,273.21674015389374,7.129300000000001
590,294.18,294.58,293.47,293.64,23.150376012555082,299.2910539474519,273.374946052548,0.0
591,293.67,293.73,290.64,290.76,23.130525785274678,299.62296092739444,274.10403907260553,0.0
592,291.78,292.31,290.345,290.47,23.198142847253358,299.65661908035565,275.29038091964435,0.0
593,291.29,292.06,290.89,291.5,23.255584131517104,299.72437079389647,276.4696292061036,0.0
594,292.57,293.55,292.01,293.0,23.280618004956775,299.0983109746271,278.8686890253729,4.234999999999957
595,297.01,298.2579,296.22,296.82,24.12181354892582,299.4563077228137,286.07669227718634,0.0
596,295.51,297.52,295.48,297.19,24.165391733181437,299.89518718030445,286.45981281969557,0.0
597,298.4,299.66,297.78,298.61,24.09504640663105,300.4817916818007,286.8442083181993,0.0
598,299.34,299.58,298.2,299.31,23.995580927884884,300.99873497659695,287.41926502340306,0.0
599,299.86,300.73,299.51,300.65,23.849169653158018,301.7648901934157,287.7601098065843,5.25
600,301.12,301.13,300.19,300.75,23.644771870633143,302.323914385576,288.35008561442396,0.0
601,300.64,300.88,299.44,299.71,23.50996935435474,302.50393676264343,289.20406323735654,0.0
602,299.77,299.93,297.74,297.74,23.417165668622538,302.6139756376693,289.6280243623307,0.0
603,297.18,299.25,296.7,298.83,23.487142252760155,302.84228273253484,289.97671726746523,0.0
604,300.01,300.07,296.96,297.17,23.712574023732085,302.9109009511038,290.0390990488962,4.430000000000007
605,297.61,298.5,297.04,297.9,23.891592149476757,303.02599012948434,290.3140098705156,0.0
606,299.15,300.03,298.22,300.03,24.098332892509116,303.34660120961274,290.6323987903873,0.0
607,299.16,301.44,299.09,301.44,24.257091273013753,303.4574816223613,291.58951837763874,0.0
608,300.97,301.0,299.11,300.0,24.36670381353926,303.00731675175587,292.99268324824413,0.0
609,300.77,302.23,300.62,302.01,24.347090997527513,302.8151422375412,294.23585776245875,5.189999999999998
610,301.85,302.01,300.85,301.46,24.305541693721135,302.5586160500069,295.33838394999304,0.0
611,299.9,301.17,299.49,300.72,24.3412967136588,302.5402755397815,295.86272446021854,0.0
612,300.98,301.2,295.2,297.43,24.625489503108053,302.44218562171545,296.0608143782845,0.0
613,297.56,300.87,293.96,294.84,25.138407696489537,302.80444809064693,295.30255190935316,0.0
614,293.86,294.12,290.9,292.62,25.57361317657839,303.48909101888967,294.03390898111036,11.110000000000014
615,288.07,288.21,281.72,283.82,26.09992715792765,306.2832363354812,289.93976366451875,0.0
616,285.93,288.04,284.28,287.8,26.428423415361067,307.0257633568108,288.2582366431892,0.0
617,284.4,288.82,282.04,287.97,26.56593668427086,307.4231127569045,286.7968872430955,0.0
618,289.62,293.62,289.01,293.62,26.72661666739926,307.1968440736735,286.45415592632656,0.0
619,292.59,293.24,289.65,291.62,26.798277092863014,306.8301850746616,285.91781492533846,11.899999999999977
620,289.9,291.6052,287.02,288.07,26.894427398036616,306.60853498091467,284.87146501908535,0.0
621,287.78,294.15,287.36,292.55,27.08594178735505,306.17133118261785,284.59266881738216,0.0
622,288.05,292.4644,283.76,283.9,27.399394198711267,306.5634094779624,282.8165905220375,0.0
623,284.89,285.64,282.39,284.65,27.62027495533927,306.48997092825795,281.47202907174204,0.0
624,286.49,289.33,284.7138,288.85,27.84046420724998,306.1803582254998,280.9496417745001,11.759999999999991
625,292.23,293.08,291.44,292.33,27.97707428572131,305.743848328124,280.829151671876,0.0
626,291.78,292.36,289.95,290.09,28.04338873790215,304.9024238940461,280.67657610595387,0.0
627,292.47,292.86,291.72,292.45,27.94579006652948,303.7480027312227,280.93199726877725,0.0
628,293.24,293.93,290.4,292.36,27.802089030912445,302.7827603109385,281.13323968906144,0.0
629,290.95,292.76,283.47,284.85,27.817930861292027,301.2705560578621,280.92944394213794,10.45999999999998
630,287.24,288.0,285.58,288.0,27.803350846275375,299.42481049389306,281.429189506107,0.0
631,289.55,289.95,286.03,286.87,27.79892163850869,297.43519162989605,282.033808370104,0.0
632,286.1,289.07,285.25,288.89,27.754093704426765,296.1057037100998,282.5092962899002,0.0
633,291.77,293.16,290.61,292.58,27.671545748693188,295.6731173800973,282.7158826199026,0.0
634,294.21,294.2399,291.42,292.45,27.59899724933608,295.64611373533694,282.725886264663,8.989899999999977
635,299.8,301.1378,299.45,300.16,23.650189712483275,304.0947538346435,283.9692461653566,0.0
636,299.91,301.02,299.75,300.92,23.296364030038774,304.94294882511343,283.98005117488657,0.0
637,300.47,301.22,298.24,301.1,22.981556522672193,305.68155649449693,284.3424435055032,0.0
638,301.5,302.63,300.7103,301.08,22.580071861504113,306.3716890925208,284.51531090747926,0.0
639,300.34,300.67,297.41,298.28,22.42368275042452,306.6366816249985,284.8423183750015,5.21999999999997
640,297.57,299.0,297.27,298.21,22.276624592043323,306.06100631689384,286.7539936831062,0.0
641,299.41,299.84,294.81,295.87,22.459246849927275,305.61676793083325,287.98523206916684,0.0
642,295.94,298.11,294.33,297.62,22.733119726760247,304.81375398264447,289.86324601735544,0.0
643,297.62,297.86,295.45,297.0,23.024647355616835,304.08311964664773,291.4048803533523,0.0
644,297.87,297.9465,293.69,295.4,23.337358480671167,303.85520496869236,291.9147950313076,6.149999999999977
645,295.98,297.55,295.92,296.77,23.272017423124648,303.5314556365769,292.6705443634231,0.0
646,297.67,298.455,293.0,293.24,23.44658451814751,303.02093768136746,293.43106231863254,0.0
647,291.49,291.51,286.64,288.06,23.667696920739093,304.30535517485663,291.5486448251434,0.0
648,287.81,290.45,284.82,290.42,23.942366398356558,304.7659391875855,290.34806081241453,0.0
649,291.21,294.63,290.82,294.35,24.20075391378407,304.7163013353921,290.02769866460784,13.634999999999991
650,293.5,295.26,292.77,293.08,24.37385314134319,304.6920575777137,289.5399424222863,0.0
651,291.03,291.85,288.49,288.53,24.55108737801315,305.1053537937669,288.16664620623317,0.0
652,290.78,292.3,288.6559,291.27,24.76636475893532,304.8005538236821,287.57344617631793,0.0
653,291.14,294.21,291.0,293.24,24.84074610353995,304.14256946985626,287.4264305301437,0.0
654,296.28,298.74,296.1448,296.28,24.951656551548485,303.52770287390086,287.5602971260991,10.25
655,295.93,296.67,295.57,295.95,24.97944940006053,303.02127368360397,287.64572631639606,0.0
656,297.05,299.7,296.97,298.88,25.022784495021007,302.6568400418182,287.80615995818175,0.0
657,298.4,299.16,297.92,298.4,24.978530746160743,302.1620584946905,288.0309415053095,0.0
658,299.7,300.24,298.515,299.28,24.928390968068854,301.7914284214351,288.2215715785648,0.0
659,298.71,299.395,296.99,297.97,24.947076058023796,301.74579058071095,288.236209419289,4.670000000000016
660,299.48,300.21,298.935,299.99,24.93454957450693,302.05663468864003,288.10336531135994,0.0
661,300.63,300.9,298.91,299.01,24.97239276886573,302.4265629030303,288.04743709696965,0.0
662,298.74,299.94,298.495,299.88,24.89492402029863,302.7647789830991,287.9352210169009,0.0
663,300.88,301.07,299.4601,300.37,24.821224888737376,303.2380589592996,287.7989410407004,0.0
664,299.74,302.2,299.6806,301.6,24.726912443799737,304.0120348815583,287.64496511844175,3.704999999999984
665,302.91,303.85,302.91,303.3,24.611089396782745,304.99168787676496,287.3183121232351,0.0
666,303.03,304.23,302.86,303.21,24.29595448271002,305.91256957925407,287.39443042074595,0.0
667,303.42,304.55,301.99,304.14,24.048760122157496,306.36037209717904,288.5546279028209,0.0
668,304.11,304.13,301.73,303.33,23.928577398855456,306.7250869374922,289.4809130625077,0.0
669,304.92,306.19,304.74,306.14,23.711198424532768,307.83090910949,289.55409089051,4.4599999999999795
670,307.87,308.0,306.96,307.37,23.555839821706577,308.92444791089605,289.88955208910403,0.0
671,307.58,307.9195,306.71,307.03,23.24150822828073,308.9520759552024,291.71192404479757,0.0
672,307.06,307.4,306.06,307.1,22.88978462853026,309.12492954331384,293.12207045668623,0.0
673,308.6,309.65,307.66,308.18,22.558351147690285,309.55634611647196,294.18465388352803,0.0
674,307.82,309.0036,307.03,308.94,22.343155345886316,310.33465848119954,294.6723415188004,3.589999999999975
675,307.43,308.94,307.27,308.35,22.239928429737375,310.73026506385,295.51673493614993,0.0
676,308.75,309.99,307.7,309.0,22.226984422395184,311.39248769125027,295.86651230874975,0.0
677,307.9,309.54,307.66,309.1,22.221781504187014,311.8847140002911,296.4442859997088,0.0
678,308.77,309.64,308.09,309.55,22.211765339572867,312.39646344128806,296.95953655871193,0.0
679,310.98,311.84,310.26,311.79,22.229840744616162,313.03318025278185,297.7048197472182,4.569999999999993
680,314.41,315.18,313.8,313.88,24.39622206754321,315.89130548790513,307.5486945120948,0.0
681,313.8,314.55,312.81,313.53,24.48974730426007,315.9053369831187,308.0526630168813,0.0
682,314.05,314.7,313.4393,314.42,24.571349834593526,316.0569686794163,308.4430313205836,0.0
683,314.45,317.99,314.17,317.13,24.867660248552774,316.74281699292317,308.56018300707683,0.0
684,316.88,318.67,316.02,317.32,25.116102131778092,317.3604921746622,308.7195078253378,5.860000000000014
685,320.44,323.73,320.36,323.64,25.400299634444977,326.4719059807534,312.88309401924664,0.0
686,323.02,323.54,322.24,322.73,25.62348477668029,326.5981012358641,313.542898764136,0.0
687,322.99,325.78,322.67,324.45,25.676912558750505,326.71484619955066,314.48315380044943,0.0
688,326.2,326.73,325.52,326.65,25.570089581794463,326.98036553645517,315.5296344635448,0.0
689,327.36,327.46,325.2,325.71,25.51681979523203,326.8970189755509,316.7419810244491,7.099999999999966
690,323.05,325.12,322.66,323.5,25.36115891415375,333.7761534867354,319.1588465132647,0.0
691,325.06,327.85,323.6038,326.89,25.72877720526852,333.77837675850924,319.5596232414907,0.0
692,328.4,328.63,326.4,326.62,25.89249314682693,333.5523968999519,320.3396031000482,0.0
693,324.37,327.91,323.54,327.68,26.231429433406394,333.3978102679426,321.07618973205734,0.0
694,326.97,327.17,320.73,321.73,26.77683794799293,333.64177767952276,320.5182223204773,7.899999999999977
695,323.35,326.16,323.22,324.12,27.168491153830406,333.5121011624713,320.8188988375287,0.0
696,328.07,330.01,327.72,329.06,27.399243366044583,333.60975394020187,321.26324605979806,0.0
697,332.29,333.09,330.67,332.86,27.423174176282732,334.1525074810797,321.7334925189203,0.0
698,333.98,334.49,332.8,333.98,27.332309457219175,334.9544859259465,321.8845140740534,0.0
699,332.81,333.9941,331.6,332.2,27.17308726245076,335.38516110355124,322.00883889644876,11.269999999999982
700,323.17,333.5623,321.24,322.42,26.59136137653746,342.7198605797457,320.1381394202542,0.0
701,323.96,324.61,311.69,312.65,27.39535919272379,344.5704702994991,317.2025297005008,0.0
702,314.19,318.11,310.7,311.5,28.03735708197829,346.25759426283855,313.9764057371615,0.0
703,305.45,311.5637,297.51,297.51,28.717784213720197,350.4068300733672,306.9161699266328,0.0
704,288.62,297.892,285.54,296.26,29.22534531560779,353.230266418634,300.950733581366,48.02229999999997
705,298.0,309.16,294.46,309.09,29.457866107386582,353.73065528123703,299.186344718763,0.0
706,309.55,313.84,297.57,300.24,29.74368307505666,354.9517756545489,295.5772243454511,0.0
707,306.11,313.1,303.33,312.86,29.801587738844844,354.58642709612207,294.3225729038778,0.0
708,304.95,308.47,300.01,302.46,29.841071206104104,354.32199162526405,291.54700837473587,0.0
709,293.08,298.78,290.23,297.46,29.73755290938157,354.00335979681853,288.21364020318146,23.609999999999957
710,275.6,284.19,273.45,274.23,29.484347298563705,356.7255809893489,279.6944190106511,0.0
711,284.76,288.52,273.5,288.42,29.41845343533092,355.77991078433615,276.01408921566394,0.0
712,280.73,281.94,270.88,274.36,29.433665389450223,355.6994093548349,270.004590645165,0.0
713,256.05,266.66,247.68,248.11,29.60840992394578,358.4594014958219,258.313598504178,0.0
714,263.34,271.4754,248.5237,269.32,29.956873791088423,356.0603303785509,253.93866962144915,40.839999999999975
715,255.68,262.43,253.53,261.65,30.828540936831935,315.20829766370656,210.6497023362934,0.0
716,260.7,263.33,256.22,257.75,29.95676364055515,310.06596117242185,211.5430388275782,0.0
717,247.95,257.6591,243.9,246.15,29.3199234493692,300.5338299048861,214.4041700951139,0.0
718,245.2,252.68,244.59,251.83,28.586305704362964,292.46276552379766,217.41223447620234,0.0
719,250.81,253.32,245.22,248.19,27.901735445701465,284.27827141124203,220.669728588758,19.42999999999998
720,282.6,286.7912,281.35,281.59,24.0869434032124,296.5461012317957,229.4378987682042,0.0
721,276.48,278.04,272.02,273.04,23.59674652557783,293.4817188616911,237.511281138309,0.0
722,278.38,281.0,276.91,279.1,23.113075269392613,293.8156427212094,240.7723572787906,0.0
723,280.46,283.94,278.75,279.08,22.658528913291345,294.07113669139335,243.7458633086067,0.0
724,280.69,283.7,278.5,282.97,22.295909453506553,295.6345958311206,244.35940416887937,14.771200000000022
725,285.02,288.27,284.62,287.05,21.957051429589804,297.1490983439708,246.20790165602926,0.0
726,291.0,291.4,285.4,285.73,21.746236850418125,298.63210633321745,247.13289366678254,0.0
727,291.59,294.88,290.41,293.21,21.6001902545942,300.8964671476106,248.4145328523893,0.0
728,291.69,293.3239,288.59,290.48,21.439239099384867,300.31459964028323,253.4294003597168,0.0
729,285.16,290.6572,281.52,282.79,21.42278459245704,298.7870704298532,258.05292957014683,13.360000000000014
730,280.46,283.9,279.13,283.57,21.430656695439005,294.8462473900282,265.5317526099717,0.0
731,286.66,289.25,283.7134,286.19,21.485466259924348,294.22307977662035,268.28792022337973,0.0
732,288.01,288.46,283.78,284.25,21.569374391616577,292.76868916936445,271.65431083063555,0.0
733,287.79,289.78,287.13,287.68,21.53222536884991,292.97847561457223,272.8095243854278,0.0
734,291.05,292.95,287.68,292.44,21.560505753659747,294.2881314648073,272.9238685351928,13.819999999999993
735,290.37,294.0,289.88,292.5,21.599056212294347,295.14770702992183,273.7482929700781,0.0
736,293.75,294.24,286.52,286.67,21.610005342255945,295.3318649408273,273.85213505917267,0.0
737,285.95,287.19,278.965,281.6,21.72789323792014,295.1400394786836,274.4279605213164,0.0
738,278.84,285.11,272.99,284.97,22.000951249172804,295.0820229245182,275.0729770754818,0.0
739,282.32,286.33,281.34,286.28,22.23631827488818,295.0534760276852,275.06552397231474,21.25
740,293.09,296.75,292.7,295.0,22.417628935350386,296.5121743730273,274.94782562697276,0.0
741,294.41,296.205,291.95,291.97,22.517753844649395,295.9919863138214,277.3610136861785,0.0
742,295.83,297.87,295.57,296.93,22.519827645938083,297.2365308305289,277.89946916947116,0.0
743,296.8,297.67,293.6886,294.88,22.569877840446438,297.68221318818803,279.033786811812,0.0
744,294.56,295.63,293.22,295.44,22.59564926476607,298.4552160496451,279.50778395035485,5.920000000000016
745,303.63,306.205,303.06,305.55,23.46355375992839,307.88656212233565,277.69543787766435,0.0
746,306.52,308.13,305.1,308.08,23.572057566225958,309.9181758798968,278.1148241201032,0.0
747,310.26,313.22,309.94,312.18,23.61383904266145,312.7031415283286,277.92885847167133,0.0
748,311.12,313.0,309.08,311.36,23.668506886344968,314.64335668291926,278.6996433170807,0.0
749,317.41,321.275,317.16,319.34,23.730903574736047,318.344231836512,278.164768163488,18.214999999999975
750,320.3,323.41,319.63,323.2,23.666785832886564,322.54169535881397,277.04330464118596,0.0
751,320.26,323.2849,319.36,320.79,23.64198920519306,325.51184560740506,276.9021543925949,0.0
752,321.4,322.39,318.2209,319.0,23.63288533172846,327.3568339507013,278.29016604929865,0.0
753,311.31,312.15,300.01,300.61,23.938491033684535,326.2302493001696,281.3177506998304,0.0
754,308.32,309.08,298.6,304.21,24.403003202090456,325.3754394048664,284.09656059513355,24.810000000000002
755,298.01,308.28,296.74,307.05,24.885292892230165,324.50582302067966,287.0431769793203,0.0
756,315.56,315.64,307.67,312.96,25.287062168057933,324.9453453982172,288.3996546017828,0.0
757,314.04,314.39,310.86,311.66,25.408298812861958,324.6730111597651,290.64098884023497,0.0
758,309.98,312.3,309.51,311.78,25.317842206849047,324.7266907210603,292.07230927893966,0.0
759,314.1,314.38,306.53,308.64,25.12835710897618,324.1246860119394,294.05031398806057,18.899999999999977
760,307.95,311.05,306.75,310.62,24.9858827142954,323.4470282792049,296.24597172079507,0.0
761,313.5,314.5,311.6101,312.05,24.86042312103403,323.1370776107235,297.8529223892765,0.0
762,309.84,310.51,302.1,304.09,24.893367404349053,323.1024504105444,297.94354958945564,0.0
763,303.47,307.64,301.28,307.35,25.02729380865342,322.91369382321466,298.5703061767854,0.0
764,306.17,306.39,299.42,300.05,25.19426595414756,323.3090629972268,297.7479370027732,15.079999999999984
765,316.38,317.68,315.56,317.05,25.18665492783069,322.90157632706524,297.76642367293476,0.0
766,315.38,317.52,313.37,313.78,25.100740192823864,321.02815274365935,298.69784725634065,0.0
767,314.59,316.3,312.7,316.18,25.055811922457263,320.01041759863136,299.25458240136874,0.0
768,316.85,317.1,310.68,314.38,25.12424838678051,319.0838448116871,299.71915518831304,0.0
769,314.26,317.88,312.76,317.59,25.202629032531117,319.6609879340905,300.8400120659095,7.199999999999989
770,320.06,322.71,314.13,314.84,25.386028085935358,319.95373139826233,301.61026860173763,0.0
771,313.25,319.76,312.0,318.92,25.61069439114447,321.0526841815672,301.6983158184328,0.0
772,322.48,323.04,319.265,321.85,25.72924487270686,322.56175718251836,301.07824281748174,0.0
773,319.78,321.28,319.09,320.79,25.718205078468568,323.7413006386492,300.8116993613508,0.0
774,321.82,322.57,319.735,321.72,25.359252618830226,324.98514978723495,300.5618502127651,11.04000000000002
775,321.41,325.13,320.62,324.32,24.93242923966805,326.63446709565363,300.4805329043464,0.0
776,326.48,326.93,323.94,325.01,24.421543076102154,328.22774659385897,300.326253406141,0.0
777,324.62,327.2,324.5,326.86,23.96978829004328,330.0042757495791,300.030724250421,0.0
778,326.45,327.23,321.48,322.96,23.78663020858379,330.4177272994365,301.50427270056355,0.0
779,320.93,321.99,319.246,320.88,23.69003754532521,330.6572588011295,302.6177411988705,7.984000000000037
780,321.63,323.41,320.775,323.22,23.513532516372795,329.71653937316205,305.87546062683793,0.0
781,322.45,323.64,320.85,321.17,23.387852935999057,328.8351655436196,308.4278344563803,0.0
782,322.14,325.73,322.075,325.12,23.37264545598309,328.8401967105887,310.09880328941136,0.0
783,321.9,324.41,319.64,323.96,23.32746933498324,328.7025704569085,311.5804295430916,0.0
784,326.0,326.63,321.33,326.52,23.34184351036923,329.0126231402682,312.6993768597318,6.990000000000009
785,328.31,329.62,327.73,328.79,23.23977553318691,330.1195409066625,312.76645909333746,0.0
786,327.88,330.06,327.86,330.06,23.110337876316105,330.9611480734149,313.5528519265851,0.0
787,331.46,332.39,331.18,332.11,22.90087899159693,332.31387233534326,313.7931276646567,0.0
788,331.52,334.46,331.13,334.33,22.835734253732053,333.668567041055,314.433432958945,0.0
789,333.29,334.88,332.3,334.57,22.797066213943406,335.09651540064044,314.7034845993595,7.149999999999977
790,335.0,335.77,332.955,335.57,22.85047342852109,336.041330059235,315.83166994076504,0.0
791,336.86,337.54,332.01,332.8,23.039900331927257,336.61211146148867,316.6488885385114,0.0
792,335.47,338.28,332.8377,337.44,23.318491376183605,338.22027191827584,316.5997280817241,0.0
793,336.58,338.2514,335.83,336.83,23.41182211360613,339.32995437449597,317.094045625504,0.0
794,336.43,337.42,335.62,336.84,23.393416154799638,340.2817821867007,317.6542178132992,6.269999999999982
795,337.91,338.34,336.8517,337.91,23.17649060977549,341.4094276525978,317.88557234740216,0.0
796,338.32,339.1,336.61,338.64,22.91776969345416,342.5308012475162,318.1271987524838,0.0
797,339.11,339.61,336.62,337.23,22.78679464881168,343.30721846432334,318.3877815356766,0.0
798,335.33,338.8,335.22,338.28,22.82243104079088,343.9141722537594,319.3128277462406,0.0
799,337.86,339.72,337.55,339.48,22.874048417909783,344.22418000001807,320.8628199999819,4.5
800,342.13,343.0,339.4504,342.92,22.955547608167688,345.22124588432706,321.83575411567296,0.0
801,343.53,344.21,342.27,344.12,23.01763456517052,345.75023448701245,323.6017655129875,0.0
802,344.72,347.86,344.17,347.57,23.173161607126744,347.3358230042722,324.2611769957278,0.0
803,348.5,349.9,346.53,348.33,23.257442560094503,348.4368831222544,325.59711687774546,0.0
804,349.45,350.72,348.15,350.58,23.356254411747067,350.0458325621963,326.3941674378036,11.269600000000025
805,337.52,340.38,334.2208,338.46,27.291264442874272,356.0682222264537,329.13577777354624,0.0
806,341.11,342.02,338.4683,340.17,27.42088679956108,356.0527604053748,329.3772395946253,0.0
807,341.5,343.06,338.52,338.82,27.34988519857608,356.05042076950593,329.39757923049405,0.0
808,333.52,337.6996,332.991,335.84,27.164964637605184,356.1153820779098,329.19361792209014,0.0
809,335.35,335.49,327.97,330.65,27.12860949231979,356.6567541399143,327.88924586008574,15.089999999999975
810,325.71,327.13,321.73,326.97,27.16278290071218,357.5504608299053,325.74453917009464,0.0
811,328.55,330.9,325.86,330.3,27.250005877704556,357.6896934553526,324.3433065446474,0.0
812,330.92,331.2,322.1,322.64,27.428446238506954,358.4412770577191,321.4437229422809,0.0
813,321.22,326.797,319.8,323.5,27.576520730631817,358.25245759643957,319.2255424035605,0.0
814,322.57,329.58,321.64,328.73,27.690540694902108,357.2129465891722,318.30505341082784,11.399999999999977
815,333.22,334.96,332.15,334.19,27.722857439584896,355.4787573234446,318.4002426765554,0.0
816,334.0,334.77,331.6209,332.37,27.633795873717354,353.7804213916596,318.40457860834044,0.0
817,333.1,338.29,332.88,334.89,27.61481306833775,351.0971718714714,319.3168281285286,0.0
818,337.63,338.74,335.01,337.04,27.49989812553772,346.09873307655187,322.2492669234481,0.0
819,331.71,337.0126,331.19,333.84,27.403383253950718,344.2892349167388,322.9037650832612,7.550000000000011
820,336.01,339.96,336.01,339.76,27.311934751966085,343.717419620658,323.194580379342,0.0
821,339.87,342.17,334.38,334.93,27.35768390339015,343.8235493405299,323.26045065947017,0.0
822,338.12,341.63,338.09,340.76,27.29889772876975,344.0044450535612,323.1765549464387,0.0
823,342.88,343.85,341.86,343.78,27.028351582632876,345.4542503108702,322.7157496891299,0.0
824,345.53,347.35,344.89,346.85,26.283586557807702,347.44621533450857,322.0027846654914,12.970000000000027
825,349.55,354.02,349.06,352.43,25.50059705937351,350.3510549725272,320.4949450274728,0.0
826,352.31,352.4651,349.09,350.13,24.820882178979794,352.125769798123,319.716230201877,0.0
827,350.73,351.93,347.14,347.93,24.387253307593845,353.4150720614835,319.33792793851643,0.0
828,343.72,348.02,343.13,347.5,24.016718393963846,354.7040801658643,319.2149198341357,0.0
829,348.99,350.75,347.1,347.29,23.75244682591462,355.8481247064366,319.7348752935634,10.889999999999986
830,348.57,349.33,341.04,342.01,23.718496297090457,355.9433115839659,321.1436884160341,0.0
831,343.42,346.88,342.64,343.38,23.753404149476935,356.27294235381805,322.12205764618193,0.0
832,343.36,348.6847,342.4,342.73,23.87523045261477,355.4412037366106,324.9627962633894,0.0
833,342.92,345.24,340.65,344.61,23.987782976014334,354.4068475923663,328.1081524076338,0.0
834,345.91,345.99,343.13,345.78,23.95948861077732,353.98903947914016,330.23096052085987,8.680000000000007
835,342.14,342.98,335.62,339.39,24.046755521944387,353.7356916801408,331.0043083198592,0.0
836,339.74,340.12,337.99,338.22,24.040977369122746,353.2167346203148,332.10826537968524,0.0
837,332.11,338.2483,326.13,326.66,24.191281872306075,354.57464419785765,329.9273558021424,0.0
838,326.99,333.395,325.09,329.98,24.356208578849028,355.21458024694357,328.5814197530565,0.0
839,328.28,329.69,322.6,326.54,24.462535793276093,356.11919404922713,326.9468059507729,20.379999999999995
840,330.2,332.36,327.24,330.2,24.60376613478787,356.48784058171594,325.62215941828407,0.0
841,333.72,338.25,330.2935,336.03,24.83449537837128,356.45854150450117,325.76145849549886,0.0
842,340.8,347.94,339.59,343.54,25.062999697830524,356.63450363507377,325.8634963649263,0.0
843,349.28,352.19,348.86,350.24,25.1997317244368,357.4447553406731,325.6992446593269,0.0
844,349.97,351.51,347.65,350.16,25.227836104387485,357.90819718249725,325.5668028175028,24.94999999999999
845,364.36,364.38,354.06,354.56,25.407082267421,358.3360681413384,325.3519318586616,0.0
846,353.52,355.18,350.51,354.04,25.417651009433108,359.03030057590365,325.0486994240963,0.0
847,356.43,357.56,355.06,356.67,25.385483764032063,360.52204970651013,324.43095029348996,0.0
848,355.57,356.7182,351.26,353.21,25.4538675270736,361.31571218352474,324.2082878164754,0.0
849,355.3,358.9,354.71,358.1,25.541284919803445,363.00582472611546,323.59917527388455,13.870000000000005
850,368.97,369.62,367.72,369.09,22.896314359611047,371.17450733154595,350.4924926684541,0.0
851,367.67,370.78,367.67,370.17,22.66832263845741,372.31154403685986,350.9164559631401,0.0
852,370.91,371.05,365.95,366.85,22.555734460998263,372.5697752852276,351.9392247147724,0.0
853,365.39,367.86,364.43,366.73,22.431621804102505,372.90594115587385,352.60905884412614,0.0
854,364.93,366.7402,363.26,366.3,22.435644389348383,372.611928146145,354.212071853855,7.7900000000000205
855,377.84,380.58,377.7189,378.69,25.759263113469892,380.0086761692038,362.59432383079627,0.0
856,378.84,379.86,376.36,378.77,25.868081675908336,380.9057900249992,362.94420997500083,0.0
857,378.65,380.86,377.85,379.79,25.965009801004307,381.6344936774752,363.7285063225249,0.0
858,380.63,381.13,378.1,378.46,25.991273816198785,382.30898262419623,363.94101737580377,0.0
859,376.71,377.58,373.7,375.7,25.901453439060603,382.5437772125445,364.2592227874555,7.430000000000007
860,373.84,377.34,370.376,376.23,25.26200295270136,387.50506974325396,368.6569302567461,0.0
861,379.68,383.22,376.3181,381.55,25.534498226339764,387.1723715478328,370.26562845216716,0.0
862,382.43,383.7,380.48,381.85,25.758540773115964,387.0465504531519,371.4434495468481,0.0
863,383.03,386.24,381.9655,386.19,25.917117709369997,387.783245632371,371.970754367629,0.0
864,388.27,388.47,386.1444,387.71,26.037341744578892,388.93989888592375,371.67510111407626,18.09400000000005
865,389.3,390.56,388.35,390.51,26.03970089302809,390.53424842820993,371.00575157179014,0.0
866,389.55,390.89,389.17,390.25,25.632265875132738,391.9283185704404,370.7676814295596,0.0
867,392.1,392.28,387.5,390.08,25.355774280981166,393.10499917051243,370.72200082948757,0.0
868,391.34,391.69,388.1,390.71,25.005009650485206,394.26353762319883,370.65546237680127,0.0
869,389.88,392.9,389.77,392.64,24.747685401086766,395.6453050481639,370.6916949518361,5.399999999999977
870,385.65,390.92,380.572,389.58,26.33709892497387,396.99155188991335,378.18144811008665,0.0
871,389.87,390.07,386.0,386.54,26.508817826824274,395.8747123220555,380.3292876779445,0.0
872,385.83,386.83,381.31,381.42,26.675381990078904,395.89146515069865,380.2995348493014,0.0
873,381.22,384.0,371.88,376.7,26.74887435846954,396.7612531240081,378.91474687599197,0.0
874,380.41,384.76,372.64,383.63,26.84813501814531,396.80458832721064,378.6154116727893,19.04000000000002
875,384.69,387.68,381.42,381.72,26.74085122040506,396.8914048535168,377.9295951464832,0.0
876,385.88,389.91,381.7299,387.17,26.617031398695648,396.6115201244428,377.8754798755572,0.0
877,389.59,391.4,388.1702,389.58,26.38424561046219,396.5374557934241,377.88254420657586,0.0
878,392.24,395.65,391.74,393.53,26.218770631801295,397.0546757743467,377.71032422565327,0.0
879,392.09,394.21,391.2,394.06,26.04037187603607,397.5744207077341,377.52557929226595,14.229999999999961
880,394.4,396.685,392.03,396.41,25.959197681762074,398.2936549391189,377.1833450608812,0.0
881,397.06,397.83,395.08,395.91,25.899156029372715,398.91678140302866,376.9212185969713,0.0
882,394.56,398.12,393.3,397.26,25.93091507149743,399.7755305668545,376.54946943314553,0.0
883,394.49,396.72,390.75,391.48,25.945604603184908,399.8536711970046,376.5473288029955,0.0
884,389.94,391.569,387.15,389.48,25.947899162485772,399.81057815279826,376.53542184720175,10.970000000000027
885,403.49,406.94,403.38,406.36,24.679077222079503,404.00712763643173,382.5628723635682,0.0
886,405.83,407.24,405.4,406.12,24.115735143135645,405.2390981529512,383.7709018470488,0.0
887,405.95,406.96,405.45,406.59,23.681719033877258,406.9071419514885,384.0448580485115,0.0
888,407.92,408.58,406.93,408.52,23.29532316695218,408.8888203859201,383.9571796140799,0.0
889,408.44,411.67,408.26,411.49,22.856970607605835,411.39337817029167,383.2486218297084,8.29000000000002
890,417.42,418.22,416.8111,417.61,22.943922206022204,423.9511023220513,394.61689767794866,0.0
891,417.97,418.14,416.3,417.52,23.022002745352957,424.0105769342956,396.73142306570435,0.0
892,417.84,419.01,416.9,417.4,23.031231046701194,423.3166284235285,399.6923715764715,0.0
893,420.38,420.72,416.44,420.06,23.085956028050173,422.71755190766396,402.664448092336,0.0
894,417.67,418.54,416.34,417.3,23.023568418420115,421.97211620190825,405.0788837980918,4.420000000000016
895,419.41,419.84,417.665,418.2,22.9017863801044,422.0962556739407,406.13874432605934,0.0
896,415.99,416.6,411.67,415.62,22.95202969246758,421.64377946577343,407.5412205342266,0.0
897,417.43,417.63,414.94,415.75,23.046923840675554,421.02019707414587,409.08080292585413,0.0
898,415.8,419.21,413.675,419.07,23.30246715179399,420.95281299544547,410.2031870045545,0.0
899,419.85,422.815,419.16,422.12,23.569121001863962,421.87066024491475,410.3483397550853,11.144999999999982
900,422.55,422.74,417.81,417.94,23.85612483948445,421.8349556670837,411.0140443329162,0.0
901,413.12,415.27,410.06,414.21,24.21940501612477,421.74665447801976,411.2373455219803,0.0
902,411.23,412.59,404.0,405.41,24.76812410460804,423.0987130341791,409.28128696582075,0.0
903,407.02,412.35,407.02,410.28,25.276198733430856,423.30868320508546,408.5123167949147,0.0
904,413.23,417.49,413.18,416.58,25.62814079379771,423.2547932699991,408.49820673000096,18.74000000000001
905,415.39,416.39,413.36,415.52,25.900892688747753,423.2656989217515,408.5183010782485,0.0
906,415.79,416.06,411.77,411.94,26.129929324982093,423.2793149121619,408.4816850878382,0.0
907,406.93,411.05,405.33,410.86,26.33734389209223,423.35017328049867,407.88982671950134,0.0
908,411.77,416.625,411.67,415.28,26.52557821957075,423.34162374327667,408.19937625672327,0.0
909,416.83,418.2,414.45,414.94,26.66852960915797,423.24589065671046,408.11510934328965,12.870000000000005
910,417.39,420.32,417.08,419.17,26.71588280725695,423.43894481984904,408.078055180151,0.0
911,420.33,420.71,417.62,418.24,26.606149136157068,423.51634727007234,408.0726527299276,0.0
912,418.89,419.61,417.76,419.07,26.33135477484818,423.70830173507534,408.04769826492463,0.0
913,420.16,420.72,418.9851,419.29,25.922755717842588,423.5903939382029,408.08860606179695,0.0
914,421.03,421.25,419.79,420.04,25.444676302760044,423.93029359995876,408.02270640004133,4.170000000000016
915,422.55,422.78,421.19,422.19,24.932573102989807,425.35538653627555,407.8776134637244,0.0
916,423.16,423.21,420.32,422.28,24.932816469504147,425.91941107149745,407.7475889285026,0.0
917,423.15,423.26,421.41,421.65,24.774545381858914,426.44703888980547,407.96396111019436,0.0
918,422.96,424.63,421.55,423.61,24.69736466599003,425.9425851601611,410.2884148398389,0.0
919,424.12,424.43,422.82,424.31,24.455490466389147,426.18885572574857,411.44514427425145,4.310000000000002
920,424.43,425.37,423.1,425.26,24.24554786958459,427.0764131217118,411.42558687828824,0.0
921,425.46,425.46,423.54,424.48,23.984744179505466,427.6499573074192,411.7480426925807,0.0
922,424.61,424.87,419.92,422.11,23.872841621617223,427.3263936898621,413.0886063101379,0.0
923,421.62,423.02,419.32,421.97,23.656562387640218,426.3878063357704,415.1381936642297,0.0
924,417.16,417.8281,414.7,414.92,23.490103997296373,426.4454801274405,415.04451987255953,10.759999999999991
925,416.85,421.06,415.93,420.86,23.50205778632578,426.0445015106975,416.0374984893025,0.0
926,420.86,424.0,420.08,423.11,23.601637960285434,426.2415843993316,416.2344156006684,0.0
927,423.2,424.05,422.51,422.6,23.587208211341515,426.2865362020306,416.6254637979694,0.0
928,424.93,425.55,424.62,425.1,23.415355499025157,426.71212728952173,416.80287271047825,0.0
929,425.96,427.0943,425.55,426.61,23.20424229293664,427.3827505969224,416.86424940307757,11.164299999999969
930,427.13,427.65,425.89,427.47,23.026090368413875,428.16797378612563,416.8220262138744,0.0
931,427.87,428.56,427.13,427.7,22.87064805788084,428.8569813474966,416.9360186525034,0.0
932,427.18,428.78,427.18,428.06,22.74882020632194,429.5379688878994,417.0280311121006,0.0
933,428.88,430.6,428.8,430.43,22.713945659414275,430.51124650045,417.22075349954997,0.0
934,431.67,434.1,430.5218,433.72,22.870002794885462,432.3568998600223,416.48710013997777,8.210000000000036
935,435.48,437.35,434.97,437.08,24.352624620452875,438.6737047574788,415.85729524252116,0.0
936,436.21,437.84,435.31,435.59,24.527947294831513,439.73047464385616,415.8335253561438,0.0
937,437.38,437.92,434.91,436.24,24.66402496286165,440.78271334683353,415.9572866531665,0.0
938,434.79,435.53,432.72,434.75,24.813817987097888,441.35970988829587,416.64429011170404,0.0
939,436.04,436.06,430.92,431.34,25.023662923092044,441.40906285978207,417.53193714021796,7.0
940,426.2,431.4089,421.97,424.97,25.53001550894291,440.03074297162544,419.9152570283747,0.0
941,425.73,432.42,424.83,431.06,26.048717976250636,439.58400306785853,421.3819969321415,0.0
942,432.39,434.7,431.0111,434.55,26.418976242765698,439.6275375472529,422.4824624527471,0.0
943,434.81,435.72,433.69,435.46,26.44700497477797,439.4943273404249,423.90167265957507,0.0
944,437.57,440.3,436.79,439.94,26.390507542193514,440.4150083318945,424.46499166810537,18.329999999999984
945,439.36,441.03,439.26,441.02,26.245893785471903,441.51260272919626,424.8083972708039,0.0
946,439.94,439.94,435.99,439.01,26.031052515048632,442.0285855742202,425.44641442577984,0.0
947,439.72,440.3,437.31,438.83,25.809023089173557,442.37012830631676,426.2178716936833,0.0
948,439.84,441.8,439.81,440.65,25.6654982922089,442.91591554943324,426.93108445056674,0.0
949,437.98,440.06,437.77,438.51,25.620481707679666,443.1791639201395,427.4758360798606,5.810000000000002
950,440.38,440.93,437.21,437.59,25.677764511064666,443.3965715581442,427.6454284418558,0.0
951,438.45,441.28,436.1,441.15,25.85878410071017,444.0910881842903,427.7729118157096,0.0
952,439.82,441.1243,438.73,438.98,26.00946461631867,444.3954359832397,427.92056401676035,0.0
953,440.22,441.85,439.88,441.76,26.10678887112991,444.9127423459601,428.48725765403987,0.0
954,442.15,442.94,441.8,442.49,26.10955273553841,445.63350596199206,428.4634940380079,6.839999999999975
955,442.47,442.795,441.31,442.13,25.93863040033192,446.18186743031373,428.42013256968636,0.0
956,442.62,443.44,441.88,442.68,25.633293639590647,446.8105882601778,428.50041173982214,0.0
957,443.77,443.882,442.62,443.78,25.282476817260125,447.55574110015294,428.509258899847,0.0
958,443.59,445.2572,442.66,445.11,24.93998810183283,448.44188162873735,428.65911837126265,0.0
959,445.55,445.94,445.07,445.92,24.463649532303382,449.0820420440474,429.47695795595257,4.6299999999999955
960,444.6,447.11,442.87,446.97,24.297149086596068,448.14729715431423,432.6117028456858,0.0
961,444.28,444.96,440.85,444.04,24.314950920443053,447.5936529022992,434.46334709770093,0.0
962,442.93,444.625,438.92,439.18,24.508658682054623,447.15567191823004,435.3643280817698,0.0
963,436.3,441.14,436.12,439.86,24.76026701110587,446.760689747515,436.199310252485,0.0
964,440.14,443.71,439.71,443.36,24.858067234327528,446.94319842877314,436.3588015712269,10.990000000000009
965,445.28,448.23,443.4355,447.26,24.705974550453984,447.80568899872503,436.120311001275,0.0
966,447.91,448.54,447.42,447.97,24.348421703942687,448.66022024601364,436.16177975398625,0.0
967,448.22,449.457,447.77,448.91,24.05923045602936,449.56146641370026,436.26853358629967,0.0
968,448.6,448.86,446.16,446.26,23.92746402575772,449.9126249331385,436.4783750668615,0.0
969,447.1,450.65,447.06,450.25,23.886377991794106,450.81983763944834,436.7451623605516,7.214499999999987
970,450.98,453.07,450.71,452.23,23.911368213168842,451.87779867432926,437.1512013256706,0.0
971,452.16,452.49,450.92,451.56,23.84788458017633,452.8545046282059,437.21549537179413,0.0
972,452.6,453.11,451.545,451.8,23.764569483751377,453.50740345014543,437.84459654985466,0.0
973,453.33,454.05,451.91,453.19,23.745753542998656,454.5308323448831,437.964167655117,0.0
974,452.02,453.63,451.55,453.08,23.755683659611133,455.3960904391902,438.1579095608099,3.340000000000032
975,434.91,436.56,428.86,434.04,26.68536973341232,457.09963113922305,438.9543688607768,0.0
976,436.63,437.91,433.07,433.63,26.919848348564877,458.4751805174266,436.2158194825734,0.0
977,436.06,440.03,433.747,437.86,27.040722259819095,458.7418406360215,434.93815936397846,0.0
978,439.82,444.89,439.6,443.18,26.96146726837994,458.52121670607363,434.58578329392634,0.0
979,441.49,444.67,441.21,443.91,26.75360063245662,458.46185355320574,434.4101464467942,16.029999999999973
980,442.78,444.05,441.9,442.64,26.486365878214848,458.05477975904336,434.05622024095675,0.0
981,439.73,440.04,432.94,433.72,26.327343349252523,457.951257020195,432.308742979805,0.0
982,435.17,437.04,433.85,434.45,26.281640250659674,457.56404393098944,430.98495606901076,0.0
983,435.98,436.77,428.78,429.14,26.44648609894072,457.54656530060726,428.73643469939276,0.0
984,430.97,436.0329,427.24,434.24,26.70704982512541,456.3060499461696,428.0819500538303,16.810000000000002
985,433.0,433.96,426.36,428.64,26.927249655797727,455.34523916900815,426.5987608309917,0.0
986,430.33,435.49,429.39,433.1,27.130278795736796,453.9439303169425,426.16406968305745,0.0
987,429.29,435.1199,427.54,434.9,27.40033197596279,452.33070600285487,426.1762939971451,0.0
988,438.51,441.68,438.2,438.66,27.594742511696253,450.98697324319886,426.48802675680116,0.0
989,439.57,439.89,437.19,437.86,27.68177501919726,450.19696767284984,426.52003232715015,15.319999999999993
990,437.1,440.26,434.62,434.69,27.784301021998104,449.04514850438363,426.4828514956164,0.0
991,435.67,436.1,432.78,433.62,27.82574280369532,448.23962161444064,426.2333783855593,0.0
992,434.69,436.05,431.54,435.18,27.81331373318982,446.4204596940155,426.78254030598436,0.0
993,439.06,442.66,438.58,442.5,27.687042603976277,445.31186611324495,427.42413388675493,0.0
994,444.8,446.26,444.09,445.87,27.29962464411635,446.2589544082639,426.9240455917361,14.71999999999997
995,444.0,447.55,443.27,447.19,26.921669484876993,447.9221870640535,426.57581293594666,0.0
996,448.92,450.7,448.27,450.64,26.49225094491056,450.1769700644175,426.02202993558245,0.0
997,451.16,452.732,451.01,452.41,26.027796590336447,452.4922307161394,425.16176928386074,0.0
998,451.79,453.829,451.31,453.59,25.612822946425407,454.4303391505414,424.26466084945866,0.0
999,453.15,454.67,451.05,453.12,25.287640019439046,455.99903923711946,423.6169607628805,11.400000000000034
1000,454.24,455.9,452.39,455.55,24.896726288785175,458.08521935369356,422.82178064630637,0.0
1001,457.25,458.49,455.56,455.96,24.575561808127524,460.186647542202,422.94435245779795,0.0
1002,456.49,457.16,453.86,453.94,24.273884044980974,461.6273548662053,423.45264513379465,0.0
1003,455.5,458.4,455.45,458.32,24.018091061030418,463.233993220937,424.7640067790629,0.0
1004,455.9,459.56,455.56,459.25,23.91126208366649,465.0565083024594,425.4424916975406,7.170000000000016
1005,460.34,460.7021,458.2,460.04,23.880186564571478,466.0526615760248,427.58633842397535,0.0
1006,460.25,462.23,460.08,461.9,23.706122151430165,467.48020536519874,429.03879463480126,0.0
1007,461.31,465.15,460.83,464.72,23.688670207278104,469.2323614424311,430.26863855756886,0.0
1008,465.38,467.0,464.99,466.91,23.495846843654114,471.34311016606955,430.98288983393024,0.0
1009,469.35,470.65,466.92,468.53,23.26591420504716,473.2774592891601,432.1155407108399,12.449999999999989
1010,469.65,470.23,468.2031,468.93,22.98215191898773,474.3698260554912,434.4471739445088,0.0
1011,469.35,469.57,465.88,467.38,22.804500539744538,474.2871294847516,437.9058705152484,0.0
1012,465.61,467.38,462.04,463.62,22.74117096656404,473.0811520199357,441.95584798006433,0.0
1013,465.15,465.29,463.75,463.77,22.67816410411769,472.6595066571846,444.5044933428155,0.0
1014,465.15,467.86,464.11,467.27,22.749368711994812,472.8893102689613,446.41468973103855,8.189999999999998
1015,468.66,468.81,466.23,467.43,22.762152156457184,472.95039195888154,448.3776080411183,0.0
1016,467.16,470.485,467.07,469.28,22.84720926037589,473.50283731037274,449.68916268962727,0.0
1017,468.97,469.19,467.48,468.14,22.8545127096169,473.80261498692664,450.96238501307334,0.0
1018,469.23,470.01,466.34,469.73,22.92558003783935,474.26952560318574,452.10947439681416,0.0
1019,469.61,470.94,468.5,468.89,23.034895010359296,474.25632998921753,453.6996700107826,4.7099999999999795
1020,470.24,470.56,466.27,466.57,27.638778449179625,476.92610351199147,452.01089648800865,0.0
1021,463.03,465.74,460.25,463.36,27.623761194913776,476.6516779029936,451.8783220970065,0.0
1022,463.47,470.86,460.74,470.6,27.683568366487336,476.84361578100413,451.8183842189958,0.0
1023,472.6,472.87,464.8,466.45,27.654510691211325,476.6733406875002,451.8196593124999,0.0
1024,461.47,464.74,458.06,459.87,27.72377687625895,476.045981698771,451.46101830122916,14.810000000000002
1025,462.74,465.74,456.5973,465.51,24.397255758249205,482.61030716277224,456.29869283722775,0.0
1026,465.24,469.85,462.05,469.75,24.29313913734738,482.69920015015776,456.5277998498423,0.0
1027,471.65,473.2,468.94,471.02,24.110494226207418,482.7558685291216,457.23713147087824,0.0
1028,472.2,472.88,463.44,464.53,24.19084832247818,482.6786862088445,456.70731379115557,0.0
1029,461.1,465.09,459.9,464.72,24.305654031614772,482.70569447096875,456.5073055290312,16.60269999999997
1030,441.44,450.28,439.81,449.91,28.231219473043023,486.62491383589384,425.0710861641061,0.0
1031,450.64,453.63,446.9384,452.95,28.291556138996846,483.6257343885029,425.5942656114971,0.0
1032,455.5,458.12,453.05,457.35,28.312503947107317,480.5890738126015,426.61092618739855,0.0
1033,450.93,452.97,445.71,446.6,28.334020398309395,478.7358623697951,426.2861376302051,0.0
1034,446.24,452.78,443.83,448.7,28.355096291353362,476.78365445101366,426.3143455489863,18.310000000000002
1035,449.5,450.99,445.85,447.26,28.364300262677173,474.9470643908381,426.26793560916184,0.0
1036,446.66,451.92,445.22,450.94,28.32256322198497,473.1909810171999,426.56701898280016,0.0
1037,455.29,457.88,455.005,457.54,28.173062734606233,470.9735091477563,427.5634908522436,0.0
1038,451.4,457.71,447.2,449.32,27.883947540692482,467.3288754481745,429.0381245518255,0.0
1039,449.3,451.605,438.94,440.46,27.702741457895897,464.77749716286246,429.1825028371376,18.939999999999998
1040,432.23,438.2,430.7,436.63,25.941675535945595,462.32800977091995,423.51799022908017,0.0
1041,435.12,437.17,427.21,429.98,25.569583742396862,461.86047657529076,421.9925234247093,0.0
1042,432.3,439.72,431.57,437.89,24.380260450017122,460.482139217201,421.864860782799,0.0
1043,440.59,441.11,433.8,435.77,23.657022070942983,457.954456356375,422.234543643625,0.0
1044,431.69,433.37,427.88,432.1,23.17652231817952,457.2946290533134,421.44437094668655,13.900000000000034
1045,431.58,432.3018,419.36,419.43,22.94867610055604,457.33962511890576,418.47237488109437,0.0
1046,419.87,427.21,415.12,416.25,22.903189939382337,457.518110996981,415.192889003019,0.0
1047,425.16,429.51,422.83,427.33,22.919452894186943,455.53076680216907,414.81923319783095,0.0
1048,422.42,426.43,420.44,425.48,22.982926276592355,451.40517145685436,415.73882854314564,0.0
1049,428.2,428.77,419.53,420.07,23.113495942624322,449.29046189327005,414.92853810673,17.18180000000001
1050,420.98,424.55,415.79,417.0,23.258761241196307,448.90242362162337,412.97057637837656,0.0
1051,419.66,426.84,418.42,426.17,23.453096961501153,447.9593027742048,412.6286972257953,0.0
1052,429.94,435.68,424.8,435.55,23.70263006667829,446.0180078166568,413.5149921833432,0.0
1053,433.7,441.07,433.19,441.07,23.98530067011857,444.6897437651226,414.2902562348773,0.0
1054,437.81,444.86,437.22,444.31,24.16620169467469,446.117794858391,413.58520514160887,29.069999999999993
